platform,issue_type,sku,sapo_available,platform_available
pancake,extra_on_platform,#FM-BAFM02-NB,,97
pancake,extra_on_platform,#FM-DTNN01-DO-L,,80
pancake,extra_on_platform,#FM-DTNN01-DO-M,,80
pancake,extra_on_platform,#FM-DTNN01-DO-S,,58
pancake,extra_on_platform,#FM-DTNN01-DO-XL,,58
pancake,extra_on_platform,#FM-VSFM01-SM-L,,81
pancake,extra_on_platform,#FM-VSFM01-SM-M,,82
pancake,extra_on_platform,#FM-VSFM01-SM-S,,48
pancake,extra_on_platform,#FM-VSFM01-SM-XL,,52
pancake,extra_on_platform,10720-2,,0
pancake,extra_on_platform,10721-2,,0
pancake,extra_on_platform,10722-2,,0
pancake,extra_on_platform,10723-2,,0
pancake,extra_on_platform,10724-2,,0
pancake,extra_on_platform,10725-2,,0
pancake,extra_on_platform,10726-2,,0
pancake,extra_on_platform,10727-2,,0
pancake,extra_on_platform,10863-2,,0
pancake,extra_on_platform,10864-2,,0
pancake,extra_on_platform,10865-2,,0
pancake,extra_on_platform,10866-2,,0
pancake,extra_on_platform,10867-2,,0
pancake,extra_on_platform,10868-2,,0
pancake,extra_on_platform,10869-2,,0
pancake,extra_on_platform,10870-2,,0
pancake,extra_on_platform,10871-2,,0
pancake,extra_on_platform,10872-2,,0
pancake,extra_on_platform,10873-2,,0
pancake,extra_on_platform,10874-2,,0
pancake,extra_on_platform,10875-2,,0
pancake,extra_on_platform,10876-2,,0
pancake,extra_on_platform,10877-2,,0
pancake,extra_on_platform,10878-2,,0
pancake,extra_on_platform,10933-1,,0
pancake,extra_on_platform,10934-1,,0
pancake,extra_on_platform,10935-1,,0
pancake,extra_on_platform,10936-1,,0
pancake,extra_on_platform,10937-1,,0
pancake,extra_on_platform,10938-1,,0
pancake,extra_on_platform,10939-1,,0
pancake,extra_on_platform,10940-1,,0
pancake,extra_on_platform,10941-1,,0
pancake,extra_on_platform,10942-1,,0
pancake,extra_on_platform,10943-1,,0
pancake,extra_on_platform,10944-1,,0
pancake,extra_on_platform,10945-1,,0
pancake,extra_on_platform,10946-1,,0
pancake,extra_on_platform,10947-1,,0
pancake,extra_on_platform,10948-1,,0
pancake,extra_on_platform,10949-1,,0
pancake,extra_on_platform,10950-1,,0
pancake,extra_on_platform,10951-1,,0
pancake,extra_on_platform,10952-1,,0
pancake,extra_on_platform,10953-1,,0
pancake,extra_on_platform,10954-1,,0
pancake,extra_on_platform,10955-1,,0
pancake,extra_on_platform,10956-1,,0
pancake,extra_on_platform,10957-1,,0
pancake,extra_on_platform,10958-1,,0
pancake,extra_on_platform,10959-1,,0
pancake,extra_on_platform,10960-1,,0
pancake,extra_on_platform,10961-1,,0
pancake,extra_on_platform,10962-1,,0
pancake,extra_on_platform,10963-1,,0
pancake,extra_on_platform,10964-1,,0
pancake,extra_on_platform,10965-1,,0
pancake,extra_on_platform,10966-1,,0
pancake,extra_on_platform,10967-1,,0
pancake,extra_on_platform,3342-10,,0
pancake,extra_on_platform,3342-11,,0
pancake,extra_on_platform,3342-12,,0
pancake,extra_on_platform,3342-9,,0
pancake,extra_on_platform,3641-2,,0
pancake,extra_on_platform,3642-2,,0
pancake,extra_on_platform,3643-2,,0
pancake,extra_on_platform,3644-2,,0
pancake,extra_on_platform,3645-2,,0
pancake,extra_on_platform,3646-2,,0
pancake,extra_on_platform,3647-2,,0
pancake,extra_on_platform,3648-2,,0
pancake,extra_on_platform,3649-2,,0
pancake,extra_on_platform,3650-2,,0
pancake,extra_on_platform,3651-2,,0
pancake,extra_on_platform,3652-2,,0
pancake,extra_on_platform,3653-2,,0
pancake,extra_on_platform,3654-2,,0
pancake,extra_on_platform,3655-2,,0
pancake,extra_on_platform,4569-2,,0
pancake,extra_on_platform,4661-2,,0
pancake,extra_on_platform,4662-2,,0
pancake,extra_on_platform,4663-2,,0
pancake,extra_on_platform,4664-2,,0
pancake,extra_on_platform,4665-2,,0
pancake,extra_on_platform,4666-2,,0
pancake,extra_on_platform,4667-2,,0
pancake,extra_on_platform,4668-2,,0
pancake,extra_on_platform,4669-2,,0
pancake,extra_on_platform,4670-2,,0
pancake,extra_on_platform,4671-2,,0
pancake,extra_on_platform,4672-2,,0
pancake,extra_on_platform,4673-2,,0
pancake,extra_on_platform,4674-2,,0
pancake,extra_on_platform,4675-2,,0
pancake,extra_on_platform,4676-2,,0
pancake,extra_on_platform,4677-2,,0
pancake,extra_on_platform,4678-2,,0
pancake,extra_on_platform,4679-2,,0
pancake,extra_on_platform,4680-2,,0
pancake,extra_on_platform,519-3,,0
pancake,extra_on_platform,521-3,,0
pancake,extra_on_platform,522-3,,0
pancake,extra_on_platform,5895-2,,0
pancake,extra_on_platform,5896-2,,0
pancake,extra_on_platform,5897-2,,0
pancake,extra_on_platform,5898-2,,0
pancake,extra_on_platform,5899-2,,0
pancake,extra_on_platform,5900-2,,0
pancake,extra_on_platform,5901-2,,0
pancake,extra_on_platform,5902-2,,0
pancake,extra_on_platform,5903-2,,0
pancake,extra_on_platform,5904-2,,0
pancake,extra_on_platform,5905-2,,0
pancake,extra_on_platform,5906-2,,0
pancake,extra_on_platform,5907-2,,0
pancake,extra_on_platform,5908-2,,0
pancake,extra_on_platform,5909-2,,0
pancake,extra_on_platform,5910-2,,0
pancake,extra_on_platform,5911-2,,0
pancake,extra_on_platform,5912-2,,0
pancake,extra_on_platform,5913-2,,0
pancake,extra_on_platform,5914-2,,0
pancake,extra_on_platform,5915-2,,0
pancake,extra_on_platform,5916-2,,0
pancake,extra_on_platform,5917-2,,0
pancake,extra_on_platform,5918-2,,0
pancake,extra_on_platform,5919-2,,0
pancake,extra_on_platform,6019-2,,0
pancake,extra_on_platform,6020-2,,0
pancake,extra_on_platform,6021-2,,0
pancake,extra_on_platform,6022-2,,0
pancake,extra_on_platform,6023-2,,0
pancake,extra_on_platform,6024-2,,0
pancake,extra_on_platform,6025-2,,0
pancake,extra_on_platform,6026-2,,0
pancake,extra_on_platform,6027-2,,0
pancake,extra_on_platform,6028-2,,0
pancake,extra_on_platform,6029-2,,0
pancake,extra_on_platform,6030-2,,0
pancake,extra_on_platform,6031-2,,0
pancake,extra_on_platform,6032-2,,0
pancake,extra_on_platform,6033-2,,0
pancake,extra_on_platform,6034-2,,0
pancake,extra_on_platform,6035-2,,0
pancake,extra_on_platform,6036-2,,0
pancake,extra_on_platform,6037-2,,0
pancake,extra_on_platform,6038-2,,0
pancake,extra_on_platform,6039-2,,0
pancake,extra_on_platform,6040-2,,0
pancake,extra_on_platform,6041-2,,0
pancake,extra_on_platform,6042-2,,0
pancake,extra_on_platform,6166-2,,0
pancake,extra_on_platform,6167-2,,0
pancake,extra_on_platform,6168-2,,0
pancake,extra_on_platform,6169-2,,0
pancake,extra_on_platform,6170-2,,0
pancake,extra_on_platform,6171-2,,0
pancake,extra_on_platform,6172-2,,0
pancake,extra_on_platform,6173-2,,0
pancake,extra_on_platform,6174-2,,0
pancake,extra_on_platform,6175-2,,0
pancake,extra_on_platform,6176-2,,0
pancake,extra_on_platform,6177-2,,0
pancake,extra_on_platform,6178-2,,0
pancake,extra_on_platform,6179-2,,0
pancake,extra_on_platform,6180-2,,0
pancake,extra_on_platform,6181-2,,0
pancake,extra_on_platform,6182-2,,0
pancake,extra_on_platform,6183-2,,0
pancake,extra_on_platform,6184-2,,0
pancake,extra_on_platform,6185-2,,0
pancake,extra_on_platform,6186-2,,0
pancake,extra_on_platform,6187-2,,0
pancake,extra_on_platform,6188-2,,0
pancake,extra_on_platform,6189-2,,0
pancake,extra_on_platform,6190-2,,0
pancake,extra_on_platform,6241-2,,0
pancake,extra_on_platform,6242-2,,0
pancake,extra_on_platform,6243-2,,0
pancake,extra_on_platform,6244-2,,0
pancake,extra_on_platform,6245-2,,0
pancake,extra_on_platform,6246-2,,0
pancake,extra_on_platform,6247-2,,0
pancake,extra_on_platform,6248-2,,0
pancake,extra_on_platform,6249-2,,0
pancake,extra_on_platform,6250-2,,0
pancake,extra_on_platform,6251-2,,0
pancake,extra_on_platform,6252-2,,0
pancake,extra_on_platform,6253-2,,0
pancake,extra_on_platform,6254-2,,0
pancake,extra_on_platform,6255-2,,0
pancake,extra_on_platform,6256-2,,0
pancake,extra_on_platform,6257-2,,0
pancake,extra_on_platform,6258-2,,0
pancake,extra_on_platform,6259-2,,0
pancake,extra_on_platform,6260-2,,0
pancake,extra_on_platform,6261-2,,0
pancake,extra_on_platform,6262-2,,0
pancake,extra_on_platform,6263-2,,0
pancake,extra_on_platform,6264-2,,0
pancake,extra_on_platform,6265-2,,0
pancake,extra_on_platform,6266-2,,0
pancake,extra_on_platform,6267-2,,0
pancake,extra_on_platform,6268-2,,0
pancake,extra_on_platform,6269-2,,0
pancake,extra_on_platform,6270-2,,0
pancake,extra_on_platform,6271-2,,0
pancake,extra_on_platform,6272-2,,0
pancake,extra_on_platform,6273-2,,0
pancake,extra_on_platform,6274-2,,0
pancake,extra_on_platform,6275-2,,0
pancake,extra_on_platform,6276-2,,0
pancake,extra_on_platform,6277-2,,0
pancake,extra_on_platform,6278-2,,0
pancake,extra_on_platform,6279-2,,0
pancake,extra_on_platform,6280-2,,0
pancake,extra_on_platform,6281-2,,0
pancake,extra_on_platform,6282-2,,0
pancake,extra_on_platform,6283-2,,0
pancake,extra_on_platform,6284-2,,0
pancake,extra_on_platform,6285-2,,0
pancake,extra_on_platform,6286-2,,0
pancake,extra_on_platform,6287-2,,0
pancake,extra_on_platform,6288-2,,0
pancake,extra_on_platform,630-3,,0
pancake,extra_on_platform,631-3,,0
pancake,extra_on_platform,632-3,,0
pancake,extra_on_platform,633-3,,0
pancake,extra_on_platform,6448-2,,0
pancake,extra_on_platform,6449-2,,0
pancake,extra_on_platform,6450-2,,0
pancake,extra_on_platform,6451-2,,0
pancake,extra_on_platform,6452-2,,0
pancake,extra_on_platform,6453-2,,0
pancake,extra_on_platform,6454-2,,0
pancake,extra_on_platform,6455-2,,0
pancake,extra_on_platform,6456-2,,0
pancake,extra_on_platform,6457-2,,0
pancake,extra_on_platform,6458-2,,0
pancake,extra_on_platform,6459-2,,0
pancake,extra_on_platform,6460-2,,0
pancake,extra_on_platform,6461-2,,0
pancake,extra_on_platform,6462-2,,0
pancake,extra_on_platform,6463-2,,0
pancake,extra_on_platform,6496-2,,0
pancake,extra_on_platform,6497-2,,0
pancake,extra_on_platform,6498-2,,0
pancake,extra_on_platform,6499-2,,0
pancake,extra_on_platform,6500-2,,0
pancake,extra_on_platform,6501-2,,0
pancake,extra_on_platform,6502-2,,0
pancake,extra_on_platform,6503-2,,0
pancake,extra_on_platform,6504-2,,0
pancake,extra_on_platform,6505-2,,0
pancake,extra_on_platform,6506-2,,0
pancake,extra_on_platform,6507-2,,0
pancake,extra_on_platform,6508-2,,0
pancake,extra_on_platform,6509-2,,0
pancake,extra_on_platform,6510-2,,0
pancake,extra_on_platform,6511-2,,0
pancake,extra_on_platform,6624-2,,0
pancake,extra_on_platform,6625-2,,0
pancake,extra_on_platform,6626-2,,0
pancake,extra_on_platform,6627-2,,0
pancake,extra_on_platform,6628-2,,0
pancake,extra_on_platform,6629-2,,0
pancake,extra_on_platform,6630-2,,0
pancake,extra_on_platform,6631-2,,0
pancake,extra_on_platform,6632-2,,0
pancake,extra_on_platform,6633-2,,0
pancake,extra_on_platform,6634-2,,0
pancake,extra_on_platform,6635-2,,0
pancake,extra_on_platform,6636-2,,0
pancake,extra_on_platform,6637-2,,0
pancake,extra_on_platform,6638-2,,0
pancake,extra_on_platform,6639-2,,0
pancake,extra_on_platform,6640-2,,0
pancake,extra_on_platform,6641-2,,0
pancake,extra_on_platform,6642-2,,0
pancake,extra_on_platform,6643-2,,0
pancake,extra_on_platform,6644-2,,0
pancake,extra_on_platform,6645-2,,0
pancake,extra_on_platform,6646-2,,0
pancake,extra_on_platform,6647-2,,0
pancake,extra_on_platform,6648-2,,0
pancake,extra_on_platform,6649-2,,0
pancake,extra_on_platform,6650-2,,0
pancake,extra_on_platform,6651-2,,0
pancake,extra_on_platform,6652-2,,0
pancake,extra_on_platform,6653-2,,0
pancake,extra_on_platform,6654-2,,0
pancake,extra_on_platform,6655-2,,0
pancake,extra_on_platform,6656-2,,0
pancake,extra_on_platform,6657-2,,0
pancake,extra_on_platform,6658-2,,0
pancake,extra_on_platform,6659-2,,0
pancake,extra_on_platform,6660-2,,0
pancake,extra_on_platform,6661-2,,0
pancake,extra_on_platform,6662-2,,0
pancake,extra_on_platform,6663-2,,0
pancake,extra_on_platform,6664-2,,0
pancake,extra_on_platform,6665-2,,0
pancake,extra_on_platform,6666-2,,0
pancake,extra_on_platform,6667-2,,0
pancake,extra_on_platform,6668-2,,0
pancake,extra_on_platform,6669-2,,0
pancake,extra_on_platform,6670-2,,0
pancake,extra_on_platform,6671-2,,0
pancake,extra_on_platform,6672-2,,0
pancake,extra_on_platform,6673-2,,0
pancake,extra_on_platform,6674-2,,0
pancake,extra_on_platform,6675-2,,0
pancake,extra_on_platform,6676-2,,0
pancake,extra_on_platform,6677-2,,0
pancake,extra_on_platform,6678-2,,0
pancake,extra_on_platform,6679-2,,0
pancake,extra_on_platform,6680-2,,0
pancake,extra_on_platform,6681-2,,0
pancake,extra_on_platform,6682-2,,0
pancake,extra_on_platform,6683-2,,0
pancake,extra_on_platform,6684-2,,0
pancake,extra_on_platform,6685-2,,0
pancake,extra_on_platform,6686-2,,0
pancake,extra_on_platform,6687-2,,0
pancake,extra_on_platform,6729-2,,0
pancake,extra_on_platform,7046-2,,0
pancake,extra_on_platform,7053-2,,0
pancake,extra_on_platform,7054-2,,0
pancake,extra_on_platform,7055-2,,0
pancake,extra_on_platform,7058-2,,0
pancake,extra_on_platform,740-3,,0
pancake,extra_on_platform,741-3,,0
pancake,extra_on_platform,742-3,,0
pancake,extra_on_platform,743-3,,0
pancake,extra_on_platform,744-3,,0
pancake,extra_on_platform,745-3,,0
pancake,extra_on_platform,746-3,,0
pancake,extra_on_platform,747-3,,0
pancake,extra_on_platform,748-3,,0
pancake,extra_on_platform,749-3,,0
pancake,extra_on_platform,750-3,,0
pancake,extra_on_platform,751-3,,0
pancake,extra_on_platform,752-3,,0
pancake,extra_on_platform,753-3,,0
pancake,extra_on_platform,754-3,,0
pancake,extra_on_platform,7767-2,,0
pancake,extra_on_platform,7768-2,,0
pancake,extra_on_platform,7769-2,,0
pancake,extra_on_platform,7770-2,,0
pancake,extra_on_platform,7771-2,,0
pancake,extra_on_platform,7772-2,,0
pancake,extra_on_platform,7773-2,,0
pancake,extra_on_platform,7774-2,,0
pancake,extra_on_platform,7775-2,,0
pancake,extra_on_platform,7776-2,,0
pancake,extra_on_platform,7777-2,,0
pancake,extra_on_platform,7778-2,,0
pancake,extra_on_platform,7779-2,,0
pancake,extra_on_platform,7780-2,,0
pancake,extra_on_platform,7781-2,,0
pancake,extra_on_platform,7782-2,,0
pancake,extra_on_platform,7824-2,,0
pancake,extra_on_platform,7825-2,,0
pancake,extra_on_platform,7826-2,,0
pancake,extra_on_platform,7827-2,,0
pancake,extra_on_platform,7828-2,,0
pancake,extra_on_platform,7829-2,,0
pancake,extra_on_platform,7830-2,,0
pancake,extra_on_platform,7831-2,,0
pancake,extra_on_platform,7832-2,,0
pancake,extra_on_platform,7833-2,,0
pancake,extra_on_platform,7834-2,,0
pancake,extra_on_platform,7835-2,,0
pancake,extra_on_platform,7836-2,,0
pancake,extra_on_platform,7837-2,,0
pancake,extra_on_platform,7838-2,,0
pancake,extra_on_platform,7839-2,,0
pancake,extra_on_platform,7970-2,,0
pancake,extra_on_platform,7971-2,,0
pancake,extra_on_platform,7972-2,,0
pancake,extra_on_platform,8039-2,,0
pancake,extra_on_platform,8040-2,,0
pancake,extra_on_platform,8041-2,,0
pancake,extra_on_platform,8042-2,,0
pancake,extra_on_platform,8043-2,,0
pancake,extra_on_platform,8044-2,,0
pancake,extra_on_platform,8045-2,,0
pancake,extra_on_platform,8046-2,,0
pancake,extra_on_platform,8047-2,,0
pancake,extra_on_platform,8048-2,,0
pancake,extra_on_platform,8049-2,,0
pancake,extra_on_platform,8050-2,,0
pancake,extra_on_platform,812-3,,0
pancake,extra_on_platform,813-3,,0
pancake,extra_on_platform,814-3,,0
pancake,extra_on_platform,815-3,,0
pancake,extra_on_platform,816-3,,0
pancake,extra_on_platform,849-10,,0
pancake,extra_on_platform,849-11,,0
pancake,extra_on_platform,849-12,,0
pancake,extra_on_platform,849-9,,0
pancake,extra_on_platform,8535-2,,0
pancake,extra_on_platform,874-3,,0
pancake,extra_on_platform,875-3,,0
pancake,extra_on_platform,876-3,,0
pancake,extra_on_platform,877-3,,0
pancake,extra_on_platform,878-3,,0
pancake,extra_on_platform,879-3,,0
pancake,extra_on_platform,880-3,,0
pancake,extra_on_platform,881-3,,0
pancake,extra_on_platform,882-3,,0
pancake,extra_on_platform,883-3,,0
pancake,extra_on_platform,884-3,,0
pancake,extra_on_platform,885-3,,0
pancake,extra_on_platform,886-3,,0
pancake,extra_on_platform,887-3,,0
pancake,extra_on_platform,888-3,,0
pancake,extra_on_platform,889-3,,0
pancake,extra_on_platform,891-10,,0
pancake,extra_on_platform,891-11,,0
pancake,extra_on_platform,891-12,,0
pancake,extra_on_platform,891-9,,0
pancake,extra_on_platform,893-3,,0
pancake,extra_on_platform,894-3,,0
pancake,extra_on_platform,895-3,,0
pancake,extra_on_platform,896-3,,0
pancake,extra_on_platform,897-3,,0
pancake,extra_on_platform,898-3,,0
pancake,extra_on_platform,899-3,,0
pancake,extra_on_platform,900-3,,0
pancake,extra_on_platform,901-3,,0
pancake,extra_on_platform,902-3,,0
pancake,extra_on_platform,903-3,,0
pancake,extra_on_platform,904-3,,0
pancake,extra_on_platform,905-3,,0
pancake,extra_on_platform,906-3,,0
pancake,extra_on_platform,907-3,,0
pancake,extra_on_platform,908-3,,0
pancake,extra_on_platform,909-3,,0
pancake,extra_on_platform,910-3,,0
pancake,extra_on_platform,911-3,,0
pancake,extra_on_platform,912-3,,0
pancake,extra_on_platform,913-3,,0
pancake,extra_on_platform,914-3,,0
pancake,extra_on_platform,915-3,,0
pancake,extra_on_platform,916-3,,0
pancake,extra_on_platform,917-3,,0
pancake,extra_on_platform,918-3,,0
pancake,extra_on_platform,919-3,,0
pancake,extra_on_platform,920-3,,0
pancake,extra_on_platform,921-3,,0
pancake,extra_on_platform,922-3,,0
pancake,extra_on_platform,923-3,,0
pancake,extra_on_platform,924-3,,0
pancake,extra_on_platform,925-3,,0
pancake,extra_on_platform,926-3,,0
pancake,extra_on_platform,927-3,,0
pancake,extra_on_platform,928-3,,0
pancake,extra_on_platform,929-3,,0
pancake,extra_on_platform,930-3,,0
pancake,extra_on_platform,931-3,,0
pancake,extra_on_platform,932-3,,0
pancake,extra_on_platform,933-3,,0
pancake,extra_on_platform,934-3,,0
pancake,extra_on_platform,935-3,,0
pancake,extra_on_platform,936-3,,0
pancake,extra_on_platform,937-3,,0
pancake,extra_on_platform,938-3,,0
pancake,extra_on_platform,939-3,,0
pancake,extra_on_platform,940-3,,0
pancake,extra_on_platform,941-3,,0
pancake,extra_on_platform,942-3,,0
pancake,extra_on_platform,943-3,,0
pancake,extra_on_platform,944-3,,0
pancake,extra_on_platform,961-3,,0
pancake,extra_on_platform,962-3,,0
pancake,extra_on_platform,963-3,,0
pancake,extra_on_platform,964-3,,0
pancake,extra_on_platform,965-3,,0
pancake,extra_on_platform,966-3,,0
pancake,extra_on_platform,967-3,,0
pancake,extra_on_platform,968-3,,0
pancake,extra_on_platform,969-3,,0
pancake,extra_on_platform,970-3,,0
pancake,extra_on_platform,971-3,,0
pancake,extra_on_platform,972-3,,0
pancake,extra_on_platform,985-10,,0
pancake,extra_on_platform,985-11,,0
pancake,extra_on_platform,985-12,,0
pancake,extra_on_platform,985-9,,0
pancake,extra_on_platform,986-10,,0
pancake,extra_on_platform,986-11,,0
pancake,extra_on_platform,986-12,,0
pancake,extra_on_platform,986-9,,0
pancake,extra_on_platform,987-10,,0
pancake,extra_on_platform,987-11,,0
pancake,extra_on_platform,987-12,,0
pancake,extra_on_platform,987-9,,0
pancake,extra_on_platform,988-10,,0
pancake,extra_on_platform,988-11,,0
pancake,extra_on_platform,988-12,,0
pancake,extra_on_platform,988-9,,0
pancake,extra_on_platform,FM-AVBNU-DE-2XL-2-D,,138
pancake,extra_on_platform,FM-BCTR01-BN-B,,199
pancake,extra_on_platform,FM-BRRB01-XN-L,,0
pancake,extra_on_platform,FM-BRRB01-XN-M,,0
pancake,extra_on_platform,FM-BRRB01-XN-S,,0
pancake,extra_on_platform,FM-BRRB01-XN-XL,,0
pancake,extra_on_platform,FM-BRSB01-XN-L,,0
pancake,extra_on_platform,FM-BRSB01-XN-M,,0
pancake,extra_on_platform,FM-BRSB01-XN-S,,0
pancake,extra_on_platform,FM-BRSB01-XN-XL,,0
pancake,extra_on_platform,FM-BRZT01-XN-L,,0
pancake,extra_on_platform,FM-BRZT01-XN-M,,0
pancake,extra_on_platform,FM-BRZT01-XN-S,,0
pancake,extra_on_platform,FM-BRZT01-XN-XL,,0
pancake,extra_on_platform,FM-JGNAM01-DE-2XL-2-D,,1
pancake,extra_on_platform,FM-QDOL01-XN-L,,0
pancake,extra_on_platform,FM-QDOL01-XN-M,,0
pancake,extra_on_platform,FM-QDOL01-XN-S,,0
pancake,extra_on_platform,FM-QDOL01-XN-XL,,0
pancake,extra_on_platform,FM-QDPK01-XN-L,,0
pancake,extra_on_platform,FM-QDPK01-XN-M,,0
pancake,extra_on_platform,FM-QDPK01-XN-S,,0
pancake,extra_on_platform,FM-QDPK01-XN-XL,,0
pancake,extra_on_platform,FM-QDTT01-XN-L,,0
pancake,extra_on_platform,FM-QDTT01-XN-M,,0
pancake,extra_on_platform,FM-QDTT01-XN-S,,0
pancake,extra_on_platform,FM-QDTT01-XN-XL,,0
pancake,extra_on_platform,FM-QDZT01-XN-2XL,,0
pancake,extra_on_platform,FM-QDZT01-XN-L,,0
pancake,extra_on_platform,FM-QDZT01-XN-M,,0
pancake,extra_on_platform,FM-QDZT01-XN-S,,0
pancake,extra_on_platform,FM-QDZT01-XN-XL,,0
pancake,extra_on_platform,VOFM01-DE--,,0
pancake,extra_on_platform,VOFM01-HP--,,1271
pancake,extra_on_platform,VOFM01-TR--,,722
pancake,extra_on_platform,VV-ACSP01-TR-XL,,0
pancake,inventory_diff,FM-ABLN02-TR-S,-1,0
pancake,inventory_diff,FM-ABLN02-TR-S-FM-QNTG01-DG-L,-1,0
pancake,inventory_diff,FM-ABLN02-TR-S-FM-QNTG01-DG-M,-1,0
pancake,inventory_diff,FM-ABLN02-TR-S-FM-QNTG01-DG-S,-1,0
pancake,inventory_diff,FM-ABLN02-TR-S-FM-QNTG01-DG-XL,-1,0
pancake,inventory_diff,FM-ABPL01-TD-L,78,79
pancake,inventory_diff,FM-ABPL01-TD-L-FM-VSFM01-DE-L,78,79
pancake,inventory_diff,FM-ABPL01-TD-L-FM-VSFM01-DE-M,78,79
pancake,inventory_diff,FM-ABPL01-TD-L-FM-VSFM01-DE-S,78,79
pancake,inventory_diff,FM-ABPL01-TD-L-FM-VSFM01-DE-XL,78,79
pancake,inventory_diff,FM-ABPL01-TD-L-FM-VXLN01-DE-L,78,79
pancake,inventory_diff,FM-ABPL01-TD-L-FM-VXLN01-DE-M,78,79
pancake,inventory_diff,FM-ABPL01-TD-L-FM-VXLN01-DE-S,78,79
pancake,inventory_diff,FM-ABPL01-TD-L-FM-VXLN01-DE-XL,78,79
pancake,inventory_diff,FM-ACCV01-SA-XL,93,92
pancake,inventory_diff,FM-ACCV01-SA-XL-FM-QDCV01-SA-2XL,93,92
pancake,inventory_diff,FM-ACCV01-SA-XL-FM-QDCV01-SA-XL,93,92
pancake,inventory_diff,FM-ACCV01-XX-2XL-FM-QDCV01-XX-S,-1,0
pancake,inventory_diff,FM-ACCV01-XX-L-FM-QDCV01-XX-S,-1,0
pancake,inventory_diff,FM-ACCV01-XX-M-FM-QDCV01-XX-S,-1,0
pancake,inventory_diff,FM-ACCV01-XX-S-FM-QDCV01-XX-S,-1,0
pancake,inventory_diff,FM-ACCV01-XX-XL-FM-QDCV01-XX-S,-1,0
pancake,inventory_diff,FM-ACDB01-TR-L-FM-QDCV01-XX-S,-1,0
pancake,inventory_diff,FM-ACDB01-TR-M-FM-QDCV01-XX-S,-1,0
pancake,inventory_diff,FM-ACDB01-TR-S-FM-QDCV01-XX-S,-1,0
pancake,inventory_diff,FM-ACDB01-TR-XL-FM-QDCV01-XX-S,-1,0
pancake,inventory_diff,FM-ACNB01-LG-XL,-2,0
pancake,inventory_diff,FM-ACNB01-LG-XL-FM-QNTG01-DG-L,-2,0
pancake,inventory_diff,FM-ACNB01-LG-XL-FM-QNTG01-DG-M,-2,0
pancake,inventory_diff,FM-ACNB01-LG-XL-FM-QNTG01-DG-S,-2,0
pancake,inventory_diff,FM-ACNB01-LG-XL-FM-QNTG01-DG-XL,-2,0
pancake,inventory_diff,FM-ACNB01-TR-L,10,11
pancake,inventory_diff,FM-ACRT01-MB-L-FM-QDZT01-XX-M,-2,0
pancake,inventory_diff,FM-ACRT01-MB-M-FM-QDZT01-XX-M,-2,0
pancake,inventory_diff,FM-ACRT01-MB-S-FM-QDZT01-XX-M,-2,0
pancake,inventory_diff,FM-ACRT01-MB-XL-FM-QDZT01-XX-M,-2,0
pancake,inventory_diff,FM-ACRT01-XN-L-FM-QDZT01-XX-M,-2,0
pancake,inventory_diff,FM-ACRT01-XN-M-FM-QDZT01-XX-M,-2,0
pancake,inventory_diff,FM-ACRT01-XN-S-FM-QDZT01-XX-M,-2,0
pancake,inventory_diff,FM-ACRT01-XN-XL-FM-QDZT01-XX-M,-2,0
pancake,inventory_diff,FM-ACSP01-NT-S,-2,0
pancake,inventory_diff,FM-ACSP01-NT-S-FM-VVSP01-NT-L,-2,0
pancake,inventory_diff,FM-ACSP01-NT-S-FM-VVSP01-NT-M,-2,0
pancake,inventory_diff,FM-ACSP01-NT-S-FM-VVSP01-NT-S,-2,0
pancake,inventory_diff,FM-ACSP01-NT-S-FM-VVSP01-NT-XL,-2,0
pancake,inventory_diff,FM-ACSP01-TR-L,-5,0
pancake,inventory_diff,FM-ACSP01-TR-L-FM-VVSP01-TR-L,-5,0
pancake,inventory_diff,FM-ACSP01-TR-L-FM-VVSP01-TR-M,-5,0
pancake,inventory_diff,FM-ACSP01-TR-L-FM-VVSP01-TR-S,-5,0
pancake,inventory_diff,FM-ACSP01-TR-L-FM-VVSP01-TR-XL,-5,0
pancake,inventory_diff,FM-ACSP01-TR-M,-6,0
pancake,inventory_diff,FM-ACSP01-TR-M-FM-VVSP01-TR-L,-6,0
pancake,inventory_diff,FM-ACSP01-TR-M-FM-VVSP01-TR-M,-6,0
pancake,inventory_diff,FM-ACSP01-TR-M-FM-VVSP01-TR-S,-6,0
pancake,inventory_diff,FM-ACSP01-TR-M-FM-VVSP01-TR-XL,-6,0
pancake,inventory_diff,FM-ACSP01-TR-S,-2,0
pancake,inventory_diff,FM-ACSP01-TR-S-FM-VVSP01-TR-L,-2,0
pancake,inventory_diff,FM-ACSP01-TR-S-FM-VVSP01-TR-M,-2,0
pancake,inventory_diff,FM-ACSP01-TR-S-FM-VVSP01-TR-S,-2,0
pancake,inventory_diff,FM-ACSP01-TR-S-FM-VVSP01-TR-XL,-2,0
pancake,inventory_diff,FM-ACSP02-BN-M,-3,0
pancake,inventory_diff,FM-ACSP02-NN-S,-1,0
pancake,inventory_diff,FM-ACSP02-NN-S-FM-VXSP02-NN-L,-1,0
pancake,inventory_diff,FM-ACSP02-NN-S-FM-VXSP02-NN-M,-1,0
pancake,inventory_diff,FM-ACSP02-NN-S-FM-VXSP02-NN-S,-1,0
pancake,inventory_diff,FM-ACSP02-NN-S-FM-VXSP02-NN-XL,-1,0
pancake,inventory_diff,FM-ACSP02-TN-M,-1,0
pancake,inventory_diff,FM-ACSP02-TN-S,-1,0
pancake,inventory_diff,FM-ACSP02-TR-S,-4,0
pancake,inventory_diff,FM-ACSP02-TR-S-FM-VXSP02-TR-L,-4,0
pancake,inventory_diff,FM-ACSP02-TR-S-FM-VXSP02-TR-M,-4,0
pancake,inventory_diff,FM-ACSP02-TR-S-FM-VXSP02-TR-S,-4,0
pancake,inventory_diff,FM-ACSP02-TR-S-FM-VXSP02-TR-XL,-4,0
pancake,inventory_diff,FM-AKCV01-DE-L-FM-Q2NU01-XA-XL,110,109
pancake,inventory_diff,FM-AKCV01-DE-M-FM-Q2NU01-XA-XL,110,109
pancake,inventory_diff,FM-AKCV01-DE-S-FM-Q2NU01-XA-XL,110,109
pancake,inventory_diff,FM-AKCV01-DE-XL,28,29
pancake,inventory_diff,FM-AKCV01-DE-XL-FM-Q2NU01-XA-L,28,29
pancake,inventory_diff,FM-AKCV01-DE-XL-FM-Q2NU01-XA-M,28,29
pancake,inventory_diff,FM-AKCV01-DE-XL-FM-Q2NU01-XA-S,28,29
pancake,inventory_diff,FM-AKCV01-DE-XL-FM-Q2NU01-XA-XL,27,28
pancake,inventory_diff,FM-AKCV01-DE-XL-FM-QDZT01-DG-2XL,28,29
pancake,inventory_diff,FM-AKCV01-DE-XL-FM-QDZT01-DG-XL,28,29
pancake,inventory_diff,FM-AKCV01-DE-XL-FM-QLTG01-LG-2XL,28,29
pancake,inventory_diff,FM-AKCV01-DE-XL-FM-QLTG01-LG-XL,28,29
pancake,inventory_diff,FM-AKCV01-DE-XL-FM-QNTG01-DG-XL,26,27
pancake,inventory_diff,FM-AKCV01-ES-L,88,49
pancake,inventory_diff,FM-AKCV01-ES-L-FM-VSFM01-TR-L,88,49
pancake,inventory_diff,FM-AKCV01-ES-L-FM-VSFM01-TR-M,86,47
pancake,inventory_diff,FM-AKCV01-ES-L-FM-VSFM01-TR-S,88,49
pancake,inventory_diff,FM-AKCV01-ES-L-FM-VSFM01-TR-XL,88,49
pancake,inventory_diff,FM-AKCV01-ES-M,93,39
pancake,inventory_diff,FM-AKCV01-ES-M-FM-VSFM01-TR-L,93,39
pancake,inventory_diff,FM-AKCV01-ES-M-FM-VSFM01-TR-M,93,39
pancake,inventory_diff,FM-AKCV01-ES-M-FM-VSFM01-TR-S,93,39
pancake,inventory_diff,FM-AKCV01-ES-M-FM-VSFM01-TR-XL,93,39
pancake,inventory_diff,FM-AKCV01-ES-S,194,115
pancake,inventory_diff,FM-AKCV01-ES-S-FM-VSFM01-TR-L,194,115
pancake,inventory_diff,FM-AKCV01-ES-S-FM-VSFM01-TR-M,192,113
pancake,inventory_diff,FM-AKCV01-ES-S-FM-VSFM01-TR-S,194,115
pancake,inventory_diff,FM-AKCV01-ES-S-FM-VSFM01-TR-XL,194,115
pancake,inventory_diff,FM-AKCV01-ES-XL,18,1
pancake,inventory_diff,FM-AKCV01-ES-XL-FM-VSFM01-TR-L,18,1
pancake,inventory_diff,FM-AKCV01-ES-XL-FM-VSFM01-TR-M,18,1
pancake,inventory_diff,FM-AKCV01-ES-XL-FM-VSFM01-TR-S,18,1
pancake,inventory_diff,FM-AKCV01-ES-XL-FM-VSFM01-TR-XL,18,1
pancake,inventory_diff,FM-AKCV01-MB-L-FM-QLTG01-MB-S,-1,0
pancake,inventory_diff,FM-AKCV01-MB-M-FM-QLTG01-MB-S,-1,0
pancake,inventory_diff,FM-AKCV01-MB-S-FM-QLTG01-MB-S,-1,0
pancake,inventory_diff,FM-AKCV01-MB-XL-FM-QLTG01-MB-S,-1,0
pancake,inventory_diff,FM-AKCV01-TR-M-FM-QDOL01-DE-L,2,3
pancake,inventory_diff,FM-AKCV01-TR-M-FM-QDOL01-DE-M,2,3
pancake,inventory_diff,FM-AKCV01-TR-M-FM-QDOL01-DE-S,2,3
pancake,inventory_diff,FM-AKCV01-TR-M-FM-QDOL01-DE-XL,2,3
pancake,inventory_diff,FM-AKCV01-TR-M-FM-VXLN01-BN-L,0,1
pancake,inventory_diff,FM-AKCV01-TR-M-FM-VXLN01-BN-M,0,1
pancake,inventory_diff,FM-AKCV01-TR-M-FM-VXLN01-BN-S,0,1
pancake,inventory_diff,FM-AKCV01-TR-M-FM-VXLN01-BN-XL,0,1
pancake,inventory_diff,FM-AKCV01-TR-S,-2,0
pancake,inventory_diff,FM-AKCV01-TR-S-FM-QDCV01-DE-2XL,-2,0
pancake,inventory_diff,FM-AKCV01-TR-S-FM-QDCV01-DE-L,-2,0
pancake,inventory_diff,FM-AKCV01-TR-S-FM-QDCV01-DE-M,-2,0
pancake,inventory_diff,FM-AKCV01-TR-S-FM-QDCV01-DE-S,-2,0
pancake,inventory_diff,FM-AKCV01-TR-S-FM-QDCV01-DE-XL,-2,0
pancake,inventory_diff,FM-AKCV01-TR-S-FM-QDOL01-DE-L,-2,0
pancake,inventory_diff,FM-AKCV01-TR-S-FM-QDOL01-DE-M,-2,0
pancake,inventory_diff,FM-AKCV01-TR-S-FM-QDOL01-DE-S,-2,0
pancake,inventory_diff,FM-AKCV01-TR-S-FM-QDOL01-DE-XL,-2,0
pancake,inventory_diff,FM-AKCV01-TR-S-FM-QDZT01-ES-L,-2,0
pancake,inventory_diff,FM-AKCV01-TR-S-FM-QDZT01-ES-M,-2,0
pancake,inventory_diff,FM-AKCV01-TR-S-FM-QDZT01-ES-S,-2,0
pancake,inventory_diff,FM-AKCV01-TR-S-FM-QDZT01-ES-XL,-2,0
pancake,inventory_diff,FM-AKCV01-TR-S-FM-VXLN01-BN-L,-2,0
pancake,inventory_diff,FM-AKCV01-TR-S-FM-VXLN01-BN-M,-2,0
pancake,inventory_diff,FM-AKCV01-TR-S-FM-VXLN01-BN-S,-2,0
pancake,inventory_diff,FM-AKCV01-TR-S-FM-VXLN01-BN-XL,-2,0
pancake,inventory_diff,FM-AKCV01-TR-XL-FM-QDOL01-DE-L,139,140
pancake,inventory_diff,FM-AKCV01-TR-XL-FM-QDOL01-DE-M,139,140
pancake,inventory_diff,FM-AKCV01-TR-XL-FM-QDOL01-DE-S,139,140
pancake,inventory_diff,FM-AKCV01-TR-XL-FM-QDOL01-DE-XL,139,140
pancake,inventory_diff,FM-AKCV01-TR-XL-FM-VXLN01-BN-L,138,139
pancake,inventory_diff,FM-AKCV01-TR-XL-FM-VXLN01-BN-M,138,139
pancake,inventory_diff,FM-AKCV01-TR-XL-FM-VXLN01-BN-S,138,139
pancake,inventory_diff,FM-AKCV01-TR-XL-FM-VXLN01-BN-XL,138,139
pancake,inventory_diff,FM-AKGL01-HP-M,68,69
pancake,inventory_diff,FM-AKGL01-HP-M-FM-QDOL01-HP-M,2,3
pancake,inventory_diff,FM-AKGL01-HP-M-FM-QDZT01-DE-L,68,69
pancake,inventory_diff,FM-AKGL01-HP-M-FM-QDZT01-DE-M,67,68
pancake,inventory_diff,FM-AKGL01-HP-M-FM-QDZT01-DE-S,68,69
pancake,inventory_diff,FM-AKGL01-HP-M-FM-QDZT01-DE-XL,66,67
pancake,inventory_diff,FM-AKGL01-HP-S-FM-QDOL01-HP-M,5,6
pancake,inventory_diff,FM-AKGL01-HP-XL-FM-QDOL01-HP-M,6,7
pancake,inventory_diff,FM-AKGL01-SM-L,-2,0
pancake,inventory_diff,FM-AKGL01-SM-L-FM-QDOL01-LG-L,-2,0
pancake,inventory_diff,FM-AKGL01-SM-L-FM-QDOL01-LG-M,-2,0
pancake,inventory_diff,FM-AKGL01-SM-L-FM-QDOL01-LG-S,-2,0
pancake,inventory_diff,FM-AKGL01-SM-L-FM-QDOL01-LG-XL,-2,0
pancake,inventory_diff,FM-AKGL01-SM-M-FM-QDOL01-LG-L,-1,0
pancake,inventory_diff,FM-AKGL01-SM-S,-1,0
pancake,inventory_diff,FM-AKGL01-SM-S-FM-QDOL01-LG-L,-1,0
pancake,inventory_diff,FM-AKGL01-SM-S-FM-QDOL01-LG-M,-1,0
pancake,inventory_diff,FM-AKGL01-SM-S-FM-QDOL01-LG-S,-1,0
pancake,inventory_diff,FM-AKGL01-SM-S-FM-QDOL01-LG-XL,-1,0
pancake,inventory_diff,FM-AKGL01-SM-XL-FM-QDOL01-LG-L,-1,0
pancake,inventory_diff,FM-AKGL01-VP-L-FM-QDOL01-VP-M,-1,0
pancake,inventory_diff,FM-AKGL01-VP-L-FM-QDOL01-VP-S,-3,0
pancake,inventory_diff,FM-AKGL01-VP-M-FM-QDOL01-VP-M,-1,0
pancake,inventory_diff,FM-AKGL01-VP-M-FM-QDOL01-VP-S,-3,0
pancake,inventory_diff,FM-AKGL01-VP-S-FM-QDOL01-VP-M,-1,0
pancake,inventory_diff,FM-AKGL01-VP-S-FM-QDOL01-VP-S,-3,0
pancake,inventory_diff,FM-AKGL01-VP-XL-FM-QDOL01-VP-M,-1,0
pancake,inventory_diff,FM-AKGL01-VP-XL-FM-QDOL01-VP-S,-3,0
pancake,inventory_diff,FM-AKHZC-XX-2XL-FM-QDCV01-XX-S,-1,0
pancake,inventory_diff,FM-AKHZC-XX-L-FM-QDCV01-XX-S,-1,0
pancake,inventory_diff,FM-AKHZC-XX-M-FM-QDCV01-XX-S,-1,0
pancake,inventory_diff,FM-AKHZC-XX-M-FM-QDCV01-XX-XL,167,168
pancake,inventory_diff,FM-AKHZC-XX-M-FM-VSFM01-TR-L,167,168
pancake,inventory_diff,FM-AKHZC-XX-M-FM-VSFM01-TR-M,167,168
pancake,inventory_diff,FM-AKHZC-XX-M-FM-VSFM01-TR-S,167,168
pancake,inventory_diff,FM-AKHZC-XX-M-FM-VSFM01-TR-XL,167,168
pancake,inventory_diff,FM-AKHZC-XX-S-FM-QDCV01-XX-S,-1,0
pancake,inventory_diff,FM-AKHZC-XX-XL-FM-QDCV01-XX-S,-1,0
pancake,inventory_diff,FM-AKTN01-NB-S,-1,0
pancake,inventory_diff,FM-ALGT01-DA-32C-02,46.5,0
pancake,inventory_diff,FM-ALGT01-DA-34A-02,45.5,0
pancake,inventory_diff,FM-ALGT01-DA-34B-02,41.5,0
pancake,inventory_diff,FM-ALGT01-DA-34C-02,57.5,0
pancake,inventory_diff,FM-ALGT01-DE-32B-02,32.5,0
pancake,inventory_diff,FM-ALGT01-DE-34B-02,41.5,0
pancake,inventory_diff,FM-ALGT01-DE-36A-02,45.5,0
pancake,inventory_diff,FM-ALGT01-TR-32C-02,26.5,0
pancake,inventory_diff,FM-ALGT01-TR-34A-02,37.5,0
pancake,inventory_diff,FM-ALGT01-TR-34B-02,35.5,0
pancake,inventory_diff,FM-ALGT01-TR-36B-02,23.5,0
pancake,inventory_diff,FM-ALGT01-XM-32C-02,16.5,0
pancake,inventory_diff,FM-ALGT01-XM-34A-02,13.5,0
pancake,inventory_diff,FM-ALGT01-XM-34B-02,18.5,0
pancake,inventory_diff,FM-ALQS01-DE-XL-02,40.5,0
pancake,inventory_diff,FM-ALQS01-TR-S-02,41.5,0
pancake,inventory_diff,FM-ALQS01-XM-S-02,48.5,0
pancake,inventory_diff,FM-ALQS01-XM-XL-02,41.5,0
pancake,inventory_diff,FM-ANCD01-HP-L-FM-QDOL01-HP-M,5,6
pancake,inventory_diff,FM-ANCD01-HP-M-FM-QDOL01-HP-M,2,3
pancake,inventory_diff,FM-ANCD01-HP-S-FM-QDOL01-HP-M,3,4
pancake,inventory_diff,FM-ANCD01-HP-XL-FM-QDOL01-HP-M,5,6
pancake,inventory_diff,FM-ANCD01-TR-M,217,218
pancake,inventory_diff,FM-ANCD01-VP-L-FM-QDOL01-VP-M,-2,0
pancake,inventory_diff,FM-ANCD01-VP-L-FM-QDOL01-VP-S,-4,0
pancake,inventory_diff,FM-ANCD01-VP-M-FM-QDOL01-VP-M,-2,0
pancake,inventory_diff,FM-ANCD01-VP-M-FM-QDOL01-VP-S,-4,0
pancake,inventory_diff,FM-ANCD01-VP-S-FM-QDOL01-VP-M,-2,0
pancake,inventory_diff,FM-ANCD01-VP-S-FM-QDOL01-VP-S,-4,0
pancake,inventory_diff,FM-ANCD01-VP-XL-FM-QDOL01-VP-M,-2,0
pancake,inventory_diff,FM-ANCD01-VP-XL-FM-QDOL01-VP-S,-4,0
pancake,inventory_diff,FM-APLT02-DE-M,104,106
pancake,inventory_diff,FM-APLT02-DE-M-FM-VSFM01-DE-L,104,105
pancake,inventory_diff,FM-APLT02-DE-M-FM-VSFM01-DE-M,104,105
pancake,inventory_diff,FM-APLT02-DE-M-FM-VSFM01-DE-S,104,105
pancake,inventory_diff,FM-APLT02-DE-M-FM-VSFM01-DE-XL,104,105
pancake,inventory_diff,FM-APSP01-NT-L-FM-VXSP01-NT-L,122,123
pancake,inventory_diff,FM-APSP01-NT-M-FM-VXSP01-NT-L,123,124
pancake,inventory_diff,FM-APSP01-NT-S-FM-VXSP01-NT-L,125,126
pancake,inventory_diff,FM-APSP01-TN-M,-1,0
pancake,inventory_diff,FM-APSP01-TN-M-FM-VVSP01-BN-L,-1,0
pancake,inventory_diff,FM-APSP01-TN-M-FM-VVSP01-BN-M,-1,0
pancake,inventory_diff,FM-APSP01-TN-M-FM-VVSP01-BN-S,-1,0
pancake,inventory_diff,FM-APSP01-TN-M-FM-VVSP01-BN-XL,-1,0
pancake,inventory_diff,FM-APSP01-TN-M-FM-VVSP01-NT-L,-1,0
pancake,inventory_diff,FM-APSP01-TN-M-FM-VVSP01-NT-M,-1,0
pancake,inventory_diff,FM-APSP01-TN-M-FM-VVSP01-NT-S,-1,0
pancake,inventory_diff,FM-APSP01-TN-M-FM-VVSP01-NT-XL,-1,0
pancake,inventory_diff,FM-APSP01-TN-M-FM-VVSP01-TN-L,-1,0
pancake,inventory_diff,FM-APSP01-TN-M-FM-VVSP01-TN-M,-1,0
pancake,inventory_diff,FM-APSP01-TN-M-FM-VVSP01-TN-S,-1,0
pancake,inventory_diff,FM-APSP01-TN-M-FM-VVSP01-TN-XL,-1,0
pancake,inventory_diff,FM-APSP01-TN-S,-1,0
pancake,inventory_diff,FM-APSP01-TN-S-FM-VVSP01-BN-L,-1,0
pancake,inventory_diff,FM-APSP01-TN-S-FM-VVSP01-BN-M,-1,0
pancake,inventory_diff,FM-APSP01-TN-S-FM-VVSP01-BN-S,-1,0
pancake,inventory_diff,FM-APSP01-TN-S-FM-VVSP01-BN-XL,-1,0
pancake,inventory_diff,FM-APSP01-TN-S-FM-VVSP01-NT-L,-1,0
pancake,inventory_diff,FM-APSP01-TN-S-FM-VVSP01-NT-M,-1,0
pancake,inventory_diff,FM-APSP01-TN-S-FM-VVSP01-NT-S,-1,0
pancake,inventory_diff,FM-APSP01-TN-S-FM-VVSP01-NT-XL,-1,0
pancake,inventory_diff,FM-APSP01-TN-S-FM-VVSP01-TN-L,-1,0
pancake,inventory_diff,FM-APSP01-TN-S-FM-VVSP01-TN-M,-1,0
pancake,inventory_diff,FM-APSP01-TN-S-FM-VVSP01-TN-S,-1,0
pancake,inventory_diff,FM-APSP01-TN-S-FM-VVSP01-TN-XL,-1,0
pancake,inventory_diff,FM-APSP01-TN-XL,-2,0
pancake,inventory_diff,FM-APSP01-TN-XL-FM-VVSP01-BN-L,-2,0
pancake,inventory_diff,FM-APSP01-TN-XL-FM-VVSP01-BN-M,-2,0
pancake,inventory_diff,FM-APSP01-TN-XL-FM-VVSP01-BN-S,-2,0
pancake,inventory_diff,FM-APSP01-TN-XL-FM-VVSP01-BN-XL,-2,0
pancake,inventory_diff,FM-APSP01-TN-XL-FM-VVSP01-NT-L,-2,0
pancake,inventory_diff,FM-APSP01-TN-XL-FM-VVSP01-NT-M,-2,0
pancake,inventory_diff,FM-APSP01-TN-XL-FM-VVSP01-NT-S,-2,0
pancake,inventory_diff,FM-APSP01-TN-XL-FM-VVSP01-NT-XL,-2,0
pancake,inventory_diff,FM-APSP01-TN-XL-FM-VVSP01-TN-L,-2,0
pancake,inventory_diff,FM-APSP01-TN-XL-FM-VVSP01-TN-M,-2,0
pancake,inventory_diff,FM-APSP01-TN-XL-FM-VVSP01-TN-S,-2,0
pancake,inventory_diff,FM-APSP01-TN-XL-FM-VVSP01-TN-XL,-2,0
pancake,inventory_diff,FM-APSP01-TR-S-FM-VXSP01-NT-L,120,121
pancake,inventory_diff,FM-APSP02-NN-S,12,13
pancake,inventory_diff,FM-APSP02-NN-S-FM-VXSP02-NN-L,12,13
pancake,inventory_diff,FM-APSP02-NN-S-FM-VXSP02-NN-S,12,13
pancake,inventory_diff,FM-APSP02-NN-S-FM-VXSP02-NN-XL,12,13
pancake,inventory_diff,FM-APSP02-TN-M,-1,0
pancake,inventory_diff,FM-ATBL01-TR-L-FM-QDBL01-HP-S,-1,0
pancake,inventory_diff,FM-ATBL01-TR-S-FM-QDBL01-HP-S,-1,0
pancake,inventory_diff,FM-ATBL01-VP-XL,-1,0
pancake,inventory_diff,FM-ATBL01-VP-XL-FM-QDBL01-VP-L,-1,0
pancake,inventory_diff,FM-ATBL01-VP-XL-FM-QDBL01-VP-M,-1,0
pancake,inventory_diff,FM-ATBL01-VP-XL-FM-QDBL01-VP-S,-1,0
pancake,inventory_diff,FM-ATBL01-VP-XL-FM-QDBL01-VP-XL,-1,0
pancake,inventory_diff,FM-ATBL02-HP-S-FM-QDZT01-LG-M,-2,0
pancake,inventory_diff,FM-ATBL02-HP-XL-FM-QDZT01-LG-M,-3,0
pancake,inventory_diff,FM-ATBL02-HP-XL-FM-QDZT01-LG-S,-1,0
pancake,inventory_diff,FM-ATCT01-BN-M,195,196
pancake,inventory_diff,FM-ATGL01-HP-L,-1,0
pancake,inventory_diff,FM-ATGL01-HP-L-FM-QSGL01-TR-L,-1,0
pancake,inventory_diff,FM-ATGL01-HP-L-FM-QSGL01-TR-M,-1,0
pancake,inventory_diff,FM-ATGL01-HP-L-FM-QSGL01-TR-S,-1,0
pancake,inventory_diff,FM-ATGL01-HP-L-FM-QSGL01-TR-XL,-1,0
pancake,inventory_diff,FM-ATNRL-TD-L-FM-JGDT-DE-L,-1,0
pancake,inventory_diff,FM-ATNRL-TD-L-FM-JGDT-DE-M,-1,0
pancake,inventory_diff,FM-ATNRL-TD-L-FM-JGDT-DE-S,-1,0
pancake,inventory_diff,FM-ATNRL-TD-L-FM-JGDT-XX-2XL,-1,0
pancake,inventory_diff,FM-ATNRL-TD-L-FM-JGDT-XX-M,-1,0
pancake,inventory_diff,FM-ATNRL-TD-L-FM-JGDT-XX-S,-1,0
pancake,inventory_diff,FM-ATNRL-TD-L-FM-JGDT-XX-XL,-1,0
pancake,inventory_diff,FM-ATNRL-TD-L-FM-QDCV01-DE-2XL,-1,0
pancake,inventory_diff,FM-ATNRL-TD-L-FM-QDCV01-DE-M,-1,0
pancake,inventory_diff,FM-ATNRL-TD-L-FM-QDCV01-DE-S,-1,0
pancake,inventory_diff,FM-ATNRL-TD-L-FM-QDCV01-DE-XL,-1,0
pancake,inventory_diff,FM-ATNRL-TD-L-FM-QDJG01-DE-2XL,-1,0
pancake,inventory_diff,FM-ATNRL-TD-L-FM-QDJG01-DE-S,-1,0
pancake,inventory_diff,FM-ATNRL-TD-L-FM-QDJG01-DE-XL,-1,0
pancake,inventory_diff,FM-ATNRL-TD-L-FM-QDJG01-XA-2XL,-1,0
pancake,inventory_diff,FM-ATNRL-TD-L-FM-QDJG01-XA-M,-1,0
pancake,inventory_diff,FM-ATNRL-TD-L-FM-QDJG01-XA-S,-1,0
pancake,inventory_diff,FM-ATNRL-TD-L-FM-QDJG01-XA-XL,-1,0
pancake,inventory_diff,FM-ATNRL-TD-M-FM-JGDT-DE-2XL,-1,0
pancake,inventory_diff,FM-ATNRL-TD-M-FM-JGDT-DE-L,-1,0
pancake,inventory_diff,FM-ATNRL-TD-M-FM-JGDT-DE-M,-1,0
pancake,inventory_diff,FM-ATNRL-TD-M-FM-JGDT-DE-S,-1,0
pancake,inventory_diff,FM-ATNRL-TD-M-FM-JGDT-XX-2XL,-1,0
pancake,inventory_diff,FM-ATNRL-TD-M-FM-JGDT-XX-M,-1,0
pancake,inventory_diff,FM-ATNRL-TD-M-FM-JGDT-XX-S,-1,0
pancake,inventory_diff,FM-ATNRL-TD-M-FM-JGDT-XX-XL,-1,0
pancake,inventory_diff,FM-ATNRL-TD-M-FM-QDCV01-DE-2XL,-1,0
pancake,inventory_diff,FM-ATNRL-TD-M-FM-QDCV01-DE-M,-1,0
pancake,inventory_diff,FM-ATNRL-TD-M-FM-QDCV01-DE-S,-1,0
pancake,inventory_diff,FM-ATNRL-TD-M-FM-QDCV01-DE-XL,-1,0
pancake,inventory_diff,FM-ATNRL-TD-M-FM-QDJG01-DE-2XL,-1,0
pancake,inventory_diff,FM-ATNRL-TD-M-FM-QDJG01-DE-S,-1,0
pancake,inventory_diff,FM-ATNRL-TD-M-FM-QDJG01-DE-XL,-1,0
pancake,inventory_diff,FM-ATNRL-TD-M-FM-QDJG01-XA-2XL,-1,0
pancake,inventory_diff,FM-ATNRL-TD-M-FM-QDJG01-XA-M,-1,0
pancake,inventory_diff,FM-ATNRL-TD-M-FM-QDJG01-XA-S,-1,0
pancake,inventory_diff,FM-ATNRL-TD-M-FM-QDJG01-XA-XL,-1,0
pancake,inventory_diff,FM-ATNRL-TD-XL,-1,0
pancake,inventory_diff,FM-ATNRL-TD-XL-FM-JGDT-DE-2XL,-2,0
pancake,inventory_diff,FM-ATNRL-TD-XL-FM-JGDT-DE-L,-2,0
pancake,inventory_diff,FM-ATNRL-TD-XL-FM-JGDT-DE-M,-2,0
pancake,inventory_diff,FM-ATNRL-TD-XL-FM-JGDT-DE-S,-2,0
pancake,inventory_diff,FM-ATNRL-TD-XL-FM-JGDT-DE-XL,-1,0
pancake,inventory_diff,FM-ATNRL-TD-XL-FM-JGDT-XX-2XL,-2,0
pancake,inventory_diff,FM-ATNRL-TD-XL-FM-JGDT-XX-L,-1,0
pancake,inventory_diff,FM-ATNRL-TD-XL-FM-JGDT-XX-M,-2,0
pancake,inventory_diff,FM-ATNRL-TD-XL-FM-JGDT-XX-S,-2,0
pancake,inventory_diff,FM-ATNRL-TD-XL-FM-JGDT-XX-XL,-2,0
pancake,inventory_diff,FM-ATNRL-TD-XL-FM-QDCV01-DE-2XL,-2,0
pancake,inventory_diff,FM-ATNRL-TD-XL-FM-QDCV01-DE-L,-1,0
pancake,inventory_diff,FM-ATNRL-TD-XL-FM-QDCV01-DE-M,-2,0
pancake,inventory_diff,FM-ATNRL-TD-XL-FM-QDCV01-DE-S,-2,0
pancake,inventory_diff,FM-ATNRL-TD-XL-FM-QDCV01-DE-XL,-2,0
pancake,inventory_diff,FM-ATNRL-TD-XL-FM-QDJG01-DE-2XL,-2,0
pancake,inventory_diff,FM-ATNRL-TD-XL-FM-QDJG01-DE-L,-1,0
pancake,inventory_diff,FM-ATNRL-TD-XL-FM-QDJG01-DE-M,-1,0
pancake,inventory_diff,FM-ATNRL-TD-XL-FM-QDJG01-DE-S,-2,0
pancake,inventory_diff,FM-ATNRL-TD-XL-FM-QDJG01-DE-XL,-2,0
pancake,inventory_diff,FM-ATNRL-TD-XL-FM-QDJG01-XA-2XL,-2,0
pancake,inventory_diff,FM-ATNRL-TD-XL-FM-QDJG01-XA-L,-1,0
pancake,inventory_diff,FM-ATNRL-TD-XL-FM-QDJG01-XA-M,-2,0
pancake,inventory_diff,FM-ATNRL-TD-XL-FM-QDJG01-XA-S,-2,0
pancake,inventory_diff,FM-ATNRL-TD-XL-FM-QDJG01-XA-XL,-2,0
pancake,inventory_diff,FM-ATSL01-HP-S,106,107
pancake,inventory_diff,FM-ATSL01-XP-XL,15,16
pancake,inventory_diff,FM-ATSL01-XP-XL-FM-QDSL01-XP-L,15,16
pancake,inventory_diff,FM-ATSL01-XP-XL-FM-QDSL01-XP-M,15,16
pancake,inventory_diff,FM-ATSL01-XP-XL-FM-QDSL01-XP-S,15,16
pancake,inventory_diff,FM-ATSL01-XP-XL-FM-QDSL01-XP-XL,15,16
pancake,inventory_diff,FM-ATSL01-XP-XL-FM-QDSL02-XP-L,13,14
pancake,inventory_diff,FM-ATSL01-XP-XL-FM-QDSL02-XP-M,15,16
pancake,inventory_diff,FM-ATSL01-XP-XL-FM-QDSL02-XP-S,13,14
pancake,inventory_diff,FM-ATSL01-XP-XL-FM-QDSL02-XP-XL,15,16
pancake,inventory_diff,FM-ATSM01-DE-L-FM-ATSM01-XN-L,248,249
pancake,inventory_diff,FM-ATSM01-DE-L-FM-Q2NU01-DE-XL,257,258
pancake,inventory_diff,FM-ATSM01-DE-L-FM-QDZT01-DE-XL,324,325
pancake,inventory_diff,FM-ATSM01-DE-M-FM-ATSM01-HP-M,-3,0
pancake,inventory_diff,FM-ATSM01-DE-M-FM-Q2NU01-DE-XL,259,260
pancake,inventory_diff,FM-ATSM01-DE-M-FM-QDZT01-DE-L,448,450
pancake,inventory_diff,FM-ATSM01-DE-M-FM-QDZT01-DE-M,447,449
pancake,inventory_diff,FM-ATSM01-DE-M-FM-QDZT01-DE-S,447,449
pancake,inventory_diff,FM-ATSM01-DE-M-FM-QDZT01-DE-XL,324,325
pancake,inventory_diff,FM-ATSM01-DE-XL-FM-Q2NU01-DE-XL,259,260
pancake,inventory_diff,FM-ATSM01-HP-M,-3,0
pancake,inventory_diff,FM-ATSM01-HP-M-FM-ATSM01-HD-M,-3,0
pancake,inventory_diff,FM-ATSM01-HP-M-FM-ATSM01-TP-M,-3,0
pancake,inventory_diff,FM-ATSM01-HP-M-FM-Q2NU01-TR-L,-3,0
pancake,inventory_diff,FM-ATSM01-HP-M-FM-Q2NU01-TR-M,-3,0
pancake,inventory_diff,FM-ATSM01-HP-M-FM-Q2NU01-TR-S,-3,0
pancake,inventory_diff,FM-ATSM01-HP-M-FM-Q2NU01-TR-XL,-3,0
pancake,inventory_diff,FM-ATSM01-HP-M-FM-QDZT01-DE-2XL,-3,0
pancake,inventory_diff,FM-ATSM01-HP-M-FM-QDZT01-DE-L,-3,0
pancake,inventory_diff,FM-ATSM01-HP-M-FM-QDZT01-DE-M,-3,0
pancake,inventory_diff,FM-ATSM01-HP-M-FM-QDZT01-DE-S,-3,0
pancake,inventory_diff,FM-ATSM01-HP-M-FM-QDZT01-DE-XL,-3,0
pancake,inventory_diff,FM-ATSM01-TP-2XL-FM-QLTG01-DE-L,284,286
pancake,inventory_diff,FM-ATSM01-TP-2XL-FM-QLTG01-DE-M,232,233
pancake,inventory_diff,FM-ATSM01-TR-2XL-FM-QDZT01-XX-M,-2,0
pancake,inventory_diff,FM-ATSM01-TR-L-FM-ATSM01-XN-L,248,249
pancake,inventory_diff,FM-ATSM01-TR-L-FM-Q2NU01-DE-XL,257,258
pancake,inventory_diff,FM-ATSM01-TR-L-FM-QDZT01-XX-M,-2,0
pancake,inventory_diff,FM-ATSM01-TR-M-FM-ATSM01-HP-M,-3,0
pancake,inventory_diff,FM-ATSM01-TR-M-FM-Q2NU01-DE-XL,257,258
pancake,inventory_diff,FM-ATSM01-TR-M-FM-QDZT01-XX-M,-2,0
pancake,inventory_diff,FM-ATSM01-TR-S-FM-Q2NU01-DE-XL,257,258
pancake,inventory_diff,FM-ATSM01-TR-S-FM-QDZT01-XX-M,-1,0
pancake,inventory_diff,FM-ATSM01-TR-XL-FM-Q2NU01-DE-XL,257,258
pancake,inventory_diff,FM-ATSM01-TR-XL-FM-QDZT01-XX-M,-2,0
pancake,inventory_diff,FM-ATSM01-XN-L,248,249
pancake,inventory_diff,FM-ATSM01-XN-L-FM-QDZT01-DE-2XL,248,249
pancake,inventory_diff,FM-ATSM01-XN-L-FM-QDZT01-DE-L,248,249
pancake,inventory_diff,FM-ATSM01-XN-L-FM-QDZT01-DE-M,248,249
pancake,inventory_diff,FM-ATSM01-XN-L-FM-QDZT01-DE-S,248,249
pancake,inventory_diff,FM-ATSM01-XN-L-FM-QDZT01-DE-XL,248,249
pancake,inventory_diff,FM-ATSM01-XN-L-FM-VXLN01-TR-L,248,249
pancake,inventory_diff,FM-ATSM01-XN-L-FM-VXLN01-TR-M,248,249
pancake,inventory_diff,FM-ATSM01-XN-L-FM-VXLN01-TR-S,248,249
pancake,inventory_diff,FM-ATSM01-XR-L-FM-ATSM01-XN-L,248,249
pancake,inventory_diff,FM-ATSM01-XR-L-FM-Q2NU01-XA-XL,110,109
pancake,inventory_diff,FM-ATSM01-XR-L-FM-QDZT01-DE-XL,324,325
pancake,inventory_diff,FM-ATSM01-XR-M-FM-Q2NU01-XA-XL,110,109
pancake,inventory_diff,FM-ATSM01-XR-M-FM-QDZT01-DE-XL,324,325
pancake,inventory_diff,FM-ATSM01-XR-S-FM-Q2NU01-XA-XL,110,109
pancake,inventory_diff,FM-ATSM01-XR-XL-FM-Q2NU01-XA-XL,110,109
pancake,inventory_diff,FM-ATSN01-DE-M,-1,0
pancake,inventory_diff,FM-ATSN01-DE-M-FM-JGNAM01-ST-2XL,-1,0
pancake,inventory_diff,FM-ATSN01-DE-M-FM-JGNAM01-ST-3XL,-1,0
pancake,inventory_diff,FM-ATSN01-DE-M-FM-JGNAM01-ST-L,-1,0
pancake,inventory_diff,FM-ATSN01-DE-M-FM-JGNAM01-ST-M,-1,0
pancake,inventory_diff,FM-ATSN01-DE-M-FM-JGNAM01-ST-XL,-1,0
pancake,inventory_diff,FM-ATSN01-DE-M-FM-JGNAM01-XN-2XL,-1,0
pancake,inventory_diff,FM-ATSN01-DE-M-FM-JGNAM01-XN-3XL,-1,0
pancake,inventory_diff,FM-ATSN01-DE-M-FM-JGNAM01-XN-L,-1,0
pancake,inventory_diff,FM-ATSN01-DE-M-FM-JGNAM01-XN-M,-1,0
pancake,inventory_diff,FM-ATSN01-DE-M-FM-JGNAM01-XN-XL,-1,0
pancake,inventory_diff,FM-ATSN01-DE-M-FM-QN1L04-DE-2XL,-1,0
pancake,inventory_diff,FM-ATSN01-DE-M-FM-QN1L04-DE-3XL,-1,0
pancake,inventory_diff,FM-ATSN01-DE-M-FM-QN1L04-DE-L,-1,0
pancake,inventory_diff,FM-ATSN01-DE-M-FM-QN1L04-DE-M,-1,0
pancake,inventory_diff,FM-ATSN01-DE-M-FM-QN1L04-DE-XL,-1,0
pancake,inventory_diff,FM-ATSO01-HP-L-FM-QDZT01-DE-XL,324,325
pancake,inventory_diff,FM-ATSO01-HP-M,588,589
pancake,inventory_diff,FM-ATSO01-XP-L,240,85
pancake,inventory_diff,FM-ATSO01-XP-M,562,307
pancake,inventory_diff,FM-ATSO01-XP-S,268,178
pancake,inventory_diff,FM-ATSO01-XP-XL,276,210
pancake,inventory_diff,FM-ATSP01-TP-M,84,85
pancake,inventory_diff,FM-ATSP01-TP-M-FM-Q2NU01-TR-L,84,85
pancake,inventory_diff,FM-ATSP01-TP-M-FM-Q2NU01-TR-M,84,85
pancake,inventory_diff,FM-ATSP01-TP-M-FM-Q2NU01-TR-XL,84,85
pancake,inventory_diff,FM-ATSP01-TP-M-FM-VXLN01-TR-L,84,85
pancake,inventory_diff,FM-ATSP01-TP-M-FM-VXLN01-TR-M,84,85
pancake,inventory_diff,FM-ATSP01-TP-M-FM-VXLN01-TR-S,84,85
pancake,inventory_diff,FM-ATSP01-TP-M-FM-VXLN01-TR-XL,84,85
pancake,inventory_diff,FM-ATTS01-DE-L,24,26
pancake,inventory_diff,FM-ATTS01-DE-M,92,93
pancake,inventory_diff,FM-ATTS01-DE-S,331,332
pancake,inventory_diff,FM-ATTS01-HD-L,99,100
pancake,inventory_diff,FM-ATTS01-HD-L-FM-Q2NU01-TR-L,99,100
pancake,inventory_diff,FM-ATTS01-HD-L-FM-Q2NU01-TR-M,99,100
pancake,inventory_diff,FM-ATTS01-HD-L-FM-Q2NU01-TR-XL,99,100
pancake,inventory_diff,FM-ATTS01-HD-XL,18,19
pancake,inventory_diff,FM-ATTS01-HD-XL-FM-Q2NU01-TR-L,18,19
pancake,inventory_diff,FM-ATTS01-HD-XL-FM-Q2NU01-TR-M,18,19
pancake,inventory_diff,FM-ATTS01-HD-XL-FM-Q2NU01-TR-S,18,19
pancake,inventory_diff,FM-ATTS01-HD-XL-FM-Q2NU01-TR-XL,18,19
pancake,inventory_diff,FM-ATTS01-TP-M,12,13
pancake,inventory_diff,FM-ATTS01-TP-M-FM-QLTG01-DE-L,12,13
pancake,inventory_diff,FM-ATTS01-TP-M-FM-QLTG01-DE-M,12,13
pancake,inventory_diff,FM-ATTS01-TP-M-FM-QLTG01-DE-S,12,13
pancake,inventory_diff,FM-ATTS01-TP-M-FM-QLTG01-DE-XL,12,13
pancake,inventory_diff,FM-ATTS01-TR-M,0,1
pancake,inventory_diff,FM-ATTS01-TR-S,-2,0
pancake,inventory_diff,FM-ATTS01-XN-M,62,63
pancake,inventory_diff,FM-ATTS01-XN-M-FM-VXLN01-TR-L,62,63
pancake,inventory_diff,FM-ATTS01-XN-M-FM-VXLN01-TR-M,62,63
pancake,inventory_diff,FM-ATTS01-XN-M-FM-VXLN01-TR-S,62,63
pancake,inventory_diff,FM-ATTS01-XN-M-FM-VXLN01-TR-XL,62,63
pancake,inventory_diff,FM-ATXL01-HP-XL-FM-QDZT01-DE-XL,324,325
pancake,inventory_diff,FM-ATXL01-TR-L-FM-QDZT01-XX-M,-2,0
pancake,inventory_diff,FM-ATXL01-TR-M-FM-QDZT01-XX-M,-2,0
pancake,inventory_diff,FM-ATXL01-TR-S-FM-QDZT01-XX-M,-2,0
pancake,inventory_diff,FM-ATXL01-TR-XL-FM-QDZT01-XX-M,-2,0
pancake,inventory_diff,FM-ATXL01-TR-XL-FM-QLTG01-DE-L,285,287
pancake,inventory_diff,FM-ATXL01-TR-XL-FM-QLTG01-DE-M,234,235
pancake,inventory_diff,FM-AVB01-XN-2XL-FM-JGNAM01-DE-3XL,-1,0
pancake,inventory_diff,FM-AVB01-XN-3XL-FM-JGNAM01-DE-3XL,-1,0
pancake,inventory_diff,FM-AVB01-XN-L-FM-JGNAM01-DE-3XL,-1,0
pancake,inventory_diff,FM-AVB01-XN-M-FM-JGNAM01-DE-3XL,-1,0
pancake,inventory_diff,FM-AVB01-XN-XL-FM-JGNAM01-DE-3XL,-1,0
pancake,inventory_diff,FM-AVBNU-DE-2XL-FM-AVBNU-TP-2XL,101,100
pancake,inventory_diff,FM-AVBNU-DE-M-FM-AVBNU-HP-M,-1,0
pancake,inventory_diff,FM-AVBNU-DE-XL-FM-AVBNU-TP-XL,53,52
pancake,inventory_diff,FM-AVBNU-HP-M,-1,0
pancake,inventory_diff,FM-AVBNU-HP-M-FM-Q2NU01-TR-L,-1,0
pancake,inventory_diff,FM-AVBNU-HP-M-FM-Q2NU01-TR-M,-1,0
pancake,inventory_diff,FM-AVBNU-HP-M-FM-Q2NU01-TR-S,-1,0
pancake,inventory_diff,FM-AVBNU-HP-M-FM-Q2NU01-TR-XL,-1,0
pancake,inventory_diff,FM-AVBNU-HP-M-FM-QDZT01-DE-2XL,-1,0
pancake,inventory_diff,FM-AVBNU-HP-M-FM-QDZT01-DE-L,-1,0
pancake,inventory_diff,FM-AVBNU-HP-M-FM-QDZT01-DE-M,-1,0
pancake,inventory_diff,FM-AVBNU-HP-M-FM-QDZT01-DE-S,-1,0
pancake,inventory_diff,FM-AVBNU-HP-M-FM-QDZT01-DE-XL,-1,0
pancake,inventory_diff,FM-AVBNU-SG-L-FM-Q2NU01-XA-XL,110,109
pancake,inventory_diff,FM-AVBNU-SG-M-FM-AVBNU-HP-M,-1,0
pancake,inventory_diff,FM-AVBNU-SG-S-FM-Q2NU01-XA-XL,110,109
pancake,inventory_diff,FM-AVBNU-SS-2XL,-1,0
pancake,inventory_diff,FM-AVBNU-SS-2XL-FM-Q2LNU01-BD-L,-1,0
pancake,inventory_diff,FM-AVBNU-SS-2XL-FM-Q2LNU01-BD-M,-1,0
pancake,inventory_diff,FM-AVBNU-SS-2XL-FM-Q2LNU01-BD-S,-1,0
pancake,inventory_diff,FM-AVBNU-SS-2XL-FM-Q2LNU01-BD-XL,-1,0
pancake,inventory_diff,FM-AVBNU-SS-2XL-FM-Q2NU01-DE-L,-1,0
pancake,inventory_diff,FM-AVBNU-SS-2XL-FM-Q2NU01-DE-M,-1,0
pancake,inventory_diff,FM-AVBNU-SS-2XL-FM-Q2NU01-DE-S,-1,0
pancake,inventory_diff,FM-AVBNU-SS-2XL-FM-Q2NU01-DE-XL,-1,0
pancake,inventory_diff,FM-AVBNU-SS-2XL-FM-QDCV01-DE-2XL,-1,0
pancake,inventory_diff,FM-AVBNU-SS-2XL-FM-QDCV01-DE-L,-1,0
pancake,inventory_diff,FM-AVBNU-SS-2XL-FM-QDCV01-DE-M,-1,0
pancake,inventory_diff,FM-AVBNU-SS-2XL-FM-QDCV01-DE-S,-1,0
pancake,inventory_diff,FM-AVBNU-SS-2XL-FM-QDCV01-DE-XL,-1,0
pancake,inventory_diff,FM-AVBNU-TP-2XL,102,101
pancake,inventory_diff,FM-AVBNU-TP-2XL-FM-Q2NU01-DE-L,102,101
pancake,inventory_diff,FM-AVBNU-TP-2XL-FM-Q2NU01-DE-M,102,101
pancake,inventory_diff,FM-AVBNU-TP-2XL-FM-Q2NU01-DE-S,102,101
pancake,inventory_diff,FM-AVBNU-TP-2XL-FM-Q2NU01-DE-XL,102,101
pancake,inventory_diff,FM-AVBNU-TP-M-FM-AVBNU-HP-M,-1,0
pancake,inventory_diff,FM-AVBNU-TP-XL,55,54
pancake,inventory_diff,FM-AVBNU-TP-XL-FM-Q2NU01-DE-L,55,54
pancake,inventory_diff,FM-AVBNU-TP-XL-FM-Q2NU01-DE-M,55,54
pancake,inventory_diff,FM-AVBNU-TP-XL-FM-Q2NU01-DE-S,55,54
pancake,inventory_diff,FM-AVBNU-TP-XL-FM-Q2NU01-DE-XL,55,54
pancake,inventory_diff,FM-AVBNU-TP-XL-FM-Q2NU01-TR-L,55,54
pancake,inventory_diff,FM-AVBNU-TP-XL-FM-Q2NU01-TR-M,55,54
pancake,inventory_diff,FM-AVBNU-TP-XL-FM-Q2NU01-TR-S,55,54
pancake,inventory_diff,FM-AVBNU-TP-XL-FM-Q2NU01-TR-XL,55,54
pancake,inventory_diff,FM-AVBNU-TP-XL-FM-VXLN01-TR-L,52,51
pancake,inventory_diff,FM-AVBNU-TP-XL-FM-VXLN01-TR-M,52,51
pancake,inventory_diff,FM-AVBNU-TP-XL-FM-VXLN01-TR-S,52,51
pancake,inventory_diff,FM-AVBNU-TP-XL-FM-VXLN01-TR-XL,52,51
pancake,inventory_diff,FM-AVBNU-TR-2XL-FM-AVBNU-TP-2XL,102,101
pancake,inventory_diff,FM-AVBNU-TR-M-FM-AVBNU-HP-M,-1,0
pancake,inventory_diff,FM-AVBNU-TR-XL-FM-AVBNU-TP-XL,55,54
pancake,inventory_diff,FM-AVBNU-XR-M-FM-AVBNU-HP-M,-1,0
pancake,inventory_diff,FM-BCTR01-BN-02,533,0
pancake,inventory_diff,FM-BCTR01-BN-04,266.5,0
pancake,inventory_diff,FM-BCTR01-BN-06,177.6667,0
pancake,inventory_diff,FM-BCTR01-BN-B-02,533,0
pancake,inventory_diff,FM-BCTR01-BN-B-04,266.5,0
pancake,inventory_diff,FM-BCTR01-BN-B-06,177.6667,0
pancake,inventory_diff,FM-BCTR01-BN-B-FM-BDTN01-BN,1066,1067
pancake,inventory_diff,FM-BCTR01-BN-B-FM-BDTN01-DE,1066,1067
pancake,inventory_diff,FM-BCTR01-BN-B-FM-BDTN01-TR,1066,1067
pancake,inventory_diff,FM-BCTR01-BN-B-FM-BDTN01-WG,1066,1067
pancake,inventory_diff,FM-BCTR01-BN-FM-BDTN01-DE,1066,1067
pancake,inventory_diff,FM-BCTR01-BN-FM-BDTN01-TR,1066,1067
pancake,inventory_diff,FM-BCTR01-BN-FM-BDTN01-WG,1066,1067
pancake,inventory_diff,FM-BCTR01-BN-KL-02,103.5,0
pancake,inventory_diff,FM-BCTR01-BN-KL-04,51.75,0
pancake,inventory_diff,FM-BCTR01-BN-KL-06,34.5,0
pancake,inventory_diff,FM-BCTR01-DE,1057,1058
pancake,inventory_diff,FM-BCTR01-DE-02,528.5,529
pancake,inventory_diff,FM-BCTR01-DE-04,264.25,0
pancake,inventory_diff,FM-BCTR01-DE-06,176.1667,0
pancake,inventory_diff,FM-BCTR01-DE-FM-BDTN01-BN,1057,1058
pancake,inventory_diff,FM-BCTR01-DE-FM-BDTN01-DE,1057,1058
pancake,inventory_diff,FM-BCTR01-DE-FM-BDTN01-TR,1057,1058
pancake,inventory_diff,FM-BCTR01-DE-FM-BDTN01-WG,1057,1058
pancake,inventory_diff,FM-BCTR01-DE-KL-06,38.6667,0
pancake,inventory_diff,FM-BCTR01-TR,1142,1143
pancake,inventory_diff,FM-BCTR01-TR-02,571,0
pancake,inventory_diff,FM-BCTR01-TR-04,285.5,0
pancake,inventory_diff,FM-BCTR01-TR-06,190.3333,0
pancake,inventory_diff,FM-BCTR01-TR-FM-BDTN01-BN,1142,1143
pancake,inventory_diff,FM-BCTR01-TR-FM-BDTN01-DE,1142,1143
pancake,inventory_diff,FM-BCTR01-TR-FM-BDTN01-TR,1142,1143
pancake,inventory_diff,FM-BCTR01-TR-FM-BDTN01-WG,1142,1143
pancake,inventory_diff,FM-BCTR01-TR-KL-02,119.5,0
pancake,inventory_diff,FM-BCTR01-TR-KL-04,59.75,0
pancake,inventory_diff,FM-BCTR01-TR-KL-06,39.8333,0
pancake,inventory_diff,FM-BCTR01-WG,1013,1015
pancake,inventory_diff,FM-BCTR01-WG-02,506.5,0
pancake,inventory_diff,FM-BCTR01-WG-04,253.25,0
pancake,inventory_diff,FM-BCTR01-WG-06,168.83339999999998,0
pancake,inventory_diff,FM-BCTR01-WG-KL-02,97.5,0
pancake,inventory_diff,FM-BCTR01-WG-KL-04,48.75,0
pancake,inventory_diff,FM-BCTR01-WG-KL-06,32.5,0
pancake,inventory_diff,FM-BDTN01-BN,2084,2085
pancake,inventory_diff,FM-BDTN01-BN-03,694.6667,695
pancake,inventory_diff,FM-BDTN01-BN-05,416.8,417
pancake,inventory_diff,FM-BDTN01-BN-10,208.4,0
pancake,inventory_diff,FM-BDTN01-BN-KL-05,84.6,0
pancake,inventory_diff,FM-BDTN01-BN-KL-10,42.3,0
pancake,inventory_diff,FM-BDTN01-DE,1260,1264
pancake,inventory_diff,FM-BDTN01-DE-03,420,0
pancake,inventory_diff,FM-BDTN01-DE-05,252,0
pancake,inventory_diff,FM-BDTN01-DE-10,126,0
pancake,inventory_diff,FM-BDTN01-DE-KL-03,186.6667,0
pancake,inventory_diff,FM-BDTN01-TR,3390,3391
pancake,inventory_diff,FM-BDTN01-TR-03,1130,0
pancake,inventory_diff,FM-BDTN01-TR-05,678,0
pancake,inventory_diff,FM-BDTN01-TR-10,339,0
pancake,inventory_diff,FM-BDTN01-TR-KL-05,115.8,0
pancake,inventory_diff,FM-BDTN01-TR-KL-10,57.9,0
pancake,inventory_diff,FM-BDTN01-WG-03,429.3334,0
pancake,inventory_diff,FM-BDTN01-WG-05,257.6,0
pancake,inventory_diff,FM-BDTN01-WG-10,128.8,0
pancake,inventory_diff,FM-BDTN01-WG-KL-03,203.66660000000002,0
pancake,inventory_diff,FM-BDTN01-WG-KL-05,122.2,0
pancake,inventory_diff,FM-BDTN01-WG-KL-10,61.1,0
pancake,inventory_diff,FM-BRBL01-HP-L-FM-QDZT01-HP-S,-1,0
pancake,inventory_diff,FM-BRBL01-HP-M-FM-QDZT01-HP-S,-1,0
pancake,inventory_diff,FM-BRBL01-HP-S-FM-QDZT01-HP-S,-1,0
pancake,inventory_diff,FM-BRBL01-HP-XL-FM-QDZT01-HP-S,-1,0
pancake,inventory_diff,FM-BRBL01-VP-L-FM-QDOL01-VP-M,-2,0
pancake,inventory_diff,FM-BRBL01-VP-L-FM-QDOL01-VP-S,-4,0
pancake,inventory_diff,FM-BRBL01-VP-M-FM-QDOL01-VP-M,-2,0
pancake,inventory_diff,FM-BRBL01-VP-M-FM-QDOL01-VP-S,-4,0
pancake,inventory_diff,FM-BRBL01-VP-S-FM-QDOL01-VP-M,-2,0
pancake,inventory_diff,FM-BRBL01-VP-S-FM-QDOL01-VP-S,-4,0
pancake,inventory_diff,FM-BRBL01-VP-XL-FM-QDOL01-VP-M,-2,0
pancake,inventory_diff,FM-BRBL01-VP-XL-FM-QDOL01-VP-S,-4,0
pancake,inventory_diff,FM-BRDT01-XX-L-FM-QDZT01-XX-M,-2,0
pancake,inventory_diff,FM-BRDT01-XX-L-FM-QLTG01-XX-M,-1,0
pancake,inventory_diff,FM-BRDT01-XX-M-FM-QDZT01-XX-M,-2,0
pancake,inventory_diff,FM-BRDT01-XX-M-FM-QLTG01-XX-M,-1,0
pancake,inventory_diff,FM-BRDT01-XX-S-FM-QDZT01-XX-M,-2,0
pancake,inventory_diff,FM-BRDT01-XX-S-FM-QLTG01-XX-M,-1,0
pancake,inventory_diff,FM-BRDT01-XX-XL-FM-QDZT01-XX-M,-2,0
pancake,inventory_diff,FM-BRDT01-XX-XL-FM-QLTG01-XX-M,-1,0
pancake,inventory_diff,FM-BRGL01-DE-M,82,83
pancake,inventory_diff,FM-BRGL01-DE-M-FM-QNGL01-DE-L,80,0
pancake,inventory_diff,FM-BRGL01-DE-M-FM-QNGL01-DE-M,80,81
pancake,inventory_diff,FM-BRGL01-DE-M-FM-QNGL01-DE-S,80,48
pancake,inventory_diff,FM-BRGL01-DE-M-FM-QNGL01-DE-XL,80,67
pancake,inventory_diff,FM-BRGL01-DE-S-FM-QNGL01-DE-L,68,0
pancake,inventory_diff,FM-BRGL01-DE-S-FM-QNGL01-DE-S,68,48
pancake,inventory_diff,FM-BRGL01-DE-S-FM-QNGL01-DE-XL,68,67
pancake,inventory_diff,FM-BRGL02-HP-L,-1,0
pancake,inventory_diff,FM-BRGL02-HP-L-FM-QDZT01-HP-L,-1,0
pancake,inventory_diff,FM-BRGL02-HP-L-FM-QDZT01-HP-M,-1,0
pancake,inventory_diff,FM-BRGL02-HP-L-FM-QDZT01-HP-S,-1,0
pancake,inventory_diff,FM-BRGL02-HP-L-FM-QDZT01-HP-XL,-1,0
pancake,inventory_diff,FM-BRGL02-HP-L-FM-VXGL01-TR-L,-1,0
pancake,inventory_diff,FM-BRGL02-HP-L-FM-VXGL01-TR-M,-1,0
pancake,inventory_diff,FM-BRGL02-HP-L-FM-VXGL01-TR-S,-1,0
pancake,inventory_diff,FM-BRGL02-HP-L-FM-VXGL01-TR-XL,-1,0
pancake,inventory_diff,FM-BRGL02-HP-M-FM-QDZT01-HP-S,-1,0
pancake,inventory_diff,FM-BRGL02-HP-S-FM-QDZT01-HP-S,-1,0
pancake,inventory_diff,FM-BRGL02-HP-XL-FM-QDZT01-HP-S,-1,0
pancake,inventory_diff,FM-BRGL03-TR-L,167,168
pancake,inventory_diff,FM-BRGL03-TR-L-FM-QDOL01-BN-L,167,168
pancake,inventory_diff,FM-BRGL03-TR-L-FM-QDOL01-BN-M,165,166
pancake,inventory_diff,FM-BRGL03-TR-L-FM-QDOL01-BN-XL,89,90
pancake,inventory_diff,FM-BRGL03-TR-XL-FM-QDOL01-BN-XL,89,90
pancake,inventory_diff,FM-BRGL04-TR-M,39,40
pancake,inventory_diff,FM-BRLT01-MB-L-FM-QLTG01-MB-S,-1,0
pancake,inventory_diff,FM-BRLT01-MB-M-FM-QLTG01-MB-S,-1,0
pancake,inventory_diff,FM-BRLT01-MB-S-FM-QLTG01-MB-S,-1,0
pancake,inventory_diff,FM-BRLT01-MB-XL-FM-QLTG01-MB-S,-1,0
pancake,inventory_diff,FM-BRRB01-DE-L,18,19
pancake,inventory_diff,FM-BRRB01-DE-L-FM-QDOL01-DE-L,18,19
pancake,inventory_diff,FM-BRRB01-DE-L-FM-QDOL01-DE-M,18,19
pancake,inventory_diff,FM-BRRB01-DE-L-FM-QDOL01-DE-S,18,19
pancake,inventory_diff,FM-BRRB01-DE-L-FM-QDOL01-DE-XL,18,19
pancake,inventory_diff,FM-BRRB01-DG-M-FM-QDOL01-DG-XL,1,2
pancake,inventory_diff,FM-BRRB01-DG-XL-FM-QDOL01-DG-XL,1,2
pancake,inventory_diff,FM-BRRB01-LG-L-FM-QDOL01-LG-L,-1,0
pancake,inventory_diff,FM-BRRB01-LG-M-FM-QDOL01-LG-L,-1,0
pancake,inventory_diff,FM-BRRB01-LG-S,-1,0
pancake,inventory_diff,FM-BRRB01-LG-S-FM-QDOL01-LG-L,-1,0
pancake,inventory_diff,FM-BRRB01-LG-S-FM-QDOL01-LG-M,-1,0
pancake,inventory_diff,FM-BRRB01-LG-S-FM-QDOL01-LG-S,-1,0
pancake,inventory_diff,FM-BRRB01-LG-S-FM-QDOL01-LG-XL,-1,0
pancake,inventory_diff,FM-BRRB01-LG-S-FM-QDPK01-DG-L,-1,0
pancake,inventory_diff,FM-BRRB01-LG-S-FM-QDPK01-DG-M,-1,0
pancake,inventory_diff,FM-BRRB01-LG-S-FM-QDPK01-DG-S,-1,0
pancake,inventory_diff,FM-BRRB01-LG-S-FM-QDPK01-DG-XL,-1,0
pancake,inventory_diff,FM-BRRB01-LG-XL-FM-QDOL01-LG-L,-1,0
pancake,inventory_diff,FM-BRSB01-LG-L,71,73
pancake,inventory_diff,FM-BRSB01-LG-L-FM-QDOL01-DG-XL,1,2
pancake,inventory_diff,FM-BRSB01-LG-L-FM-QDPK01-LG-L,71,73
pancake,inventory_diff,FM-BRSB01-LG-L-FM-QDPK01-LG-XL,71,73
pancake,inventory_diff,FM-BRSB01-LG-XL-FM-QDOL01-DG-XL,1,2
pancake,inventory_diff,FM-BRSL01-HP-L-FM-QNSL01-HP-S,209,210
pancake,inventory_diff,FM-BRSL02-HP-S,92,93
pancake,inventory_diff,FM-BRSL02-HP-S-FM-QDSL01-HP-L,92,93
pancake,inventory_diff,FM-BRSL02-HP-S-FM-QDSL01-HP-M,92,93
pancake,inventory_diff,FM-BRSL02-HP-S-FM-QDSL01-HP-S,92,93
pancake,inventory_diff,FM-BRSO01-BN-M,-1,0
pancake,inventory_diff,FM-BRSO01-BN-M-FM-QDSO01-BN-L,-1,0
pancake,inventory_diff,FM-BRSO01-BN-M-FM-QDSO01-BN-M,-1,0
pancake,inventory_diff,FM-BRSO01-BN-M-FM-QDSO01-BN-S,-1,0
pancake,inventory_diff,FM-BRSO01-BN-M-FM-QDSO01-BN-XL,-1,0
pancake,inventory_diff,FM-BRSO01-BN-S,-1,0
pancake,inventory_diff,FM-BRSO01-BN-S-FM-QDSO01-BN-L,-1,0
pancake,inventory_diff,FM-BRSO01-BN-S-FM-QDSO01-BN-M,-1,0
pancake,inventory_diff,FM-BRSO01-BN-S-FM-QDSO01-BN-S,-1,0
pancake,inventory_diff,FM-BRSO01-BN-S-FM-QDSO01-BN-XL,-1,0
pancake,inventory_diff,FM-BRSO02-DE-L,57,58
pancake,inventory_diff,FM-BRTT01-DE-L-FM-QDZT01-DE-XL,324,325
pancake,inventory_diff,FM-BRTT01-DE-L-FM-QLTG01-DE-L,285,287
pancake,inventory_diff,FM-BRTT01-DE-L-FM-QLTG01-DE-M,236,237
pancake,inventory_diff,FM-BRTT01-DE-M-FM-QDZT01-DE-L,783,785
pancake,inventory_diff,FM-BRTT01-DE-M-FM-QDZT01-DE-M,781,783
pancake,inventory_diff,FM-BRTT01-DE-M-FM-QDZT01-DE-S,508,510
pancake,inventory_diff,FM-BRTT01-DE-M-FM-QDZT01-DE-XL,324,325
pancake,inventory_diff,FM-BRTT01-DE-M-FM-QLTG01-DE-L,285,287
pancake,inventory_diff,FM-BRTT01-DE-M-FM-QLTG01-DE-M,236,237
pancake,inventory_diff,FM-BRTT01-DE-M-FM-VSFM01-DE-L,583,584
pancake,inventory_diff,FM-BRTT01-DE-M-FM-VSFM01-DE-M,465,466
pancake,inventory_diff,FM-BRTT01-DE-S-FM-QDZT01-DE-L,650,651
pancake,inventory_diff,FM-BRTT01-DE-S-FM-QDZT01-DE-M,649,650
pancake,inventory_diff,FM-BRTT01-DE-S-FM-QDZT01-DE-S,508,510
pancake,inventory_diff,FM-BRTT01-DE-S-FM-QDZT01-DE-XL,324,325
pancake,inventory_diff,FM-BRTT01-DE-S-FM-QLTG01-DE-L,285,287
pancake,inventory_diff,FM-BRTT01-DE-S-FM-QLTG01-DE-M,236,237
pancake,inventory_diff,FM-BRTT01-DE-S-FM-VSFM01-DE-L,583,584
pancake,inventory_diff,FM-BRTT01-DE-S-FM-VSFM01-DE-M,465,466
pancake,inventory_diff,FM-BRTT01-DE-XL-FM-QLTG01-DE-L,285,287
pancake,inventory_diff,FM-BRTT01-DE-XL-FM-QLTG01-DE-M,236,237
pancake,inventory_diff,FM-BRTT01-ES-M,-2,0
pancake,inventory_diff,FM-BRTT01-ES-M-FM-QDZT01-ES-L,-2,0
pancake,inventory_diff,FM-BRTT01-ES-M-FM-QDZT01-ES-M,-2,0
pancake,inventory_diff,FM-BRTT01-ES-M-FM-QDZT01-ES-S,-2,0
pancake,inventory_diff,FM-BRTT01-ES-M-FM-QDZT01-ES-XL,-2,0
pancake,inventory_diff,FM-BRTT01-ES-M-FM-VXLN01-TR-L,-2,0
pancake,inventory_diff,FM-BRTT01-ES-M-FM-VXLN01-TR-M,-2,0
pancake,inventory_diff,FM-BRTT01-ES-M-FM-VXLN01-TR-S,-2,0
pancake,inventory_diff,FM-BRTT01-ES-M-FM-VXLN01-TR-XL,-2,0
pancake,inventory_diff,FM-BRTT01-LG-L-FM-QDZT01-LG-M,-2,0
pancake,inventory_diff,FM-BRTT01-LG-XL-FM-QDZT01-LG-M,-1,0
pancake,inventory_diff,FM-BRTT01-MB-L-FM-QLTG01-MB-S,-1,0
pancake,inventory_diff,FM-BRTT01-MB-M-FM-QLTG01-MB-S,-1,0
pancake,inventory_diff,FM-BRTT01-MB-S-FM-QLTG01-MB-S,-1,0
pancake,inventory_diff,FM-BRTT01-MB-XL-FM-QLTG01-MB-S,-1,0
pancake,inventory_diff,FM-BRTT01-TR-L-FM-QDZT01-DE-2XL,397,398
pancake,inventory_diff,FM-BRTT01-TR-L-FM-QDZT01-DE-L,585,586
pancake,inventory_diff,FM-BRTT01-TR-L-FM-QDZT01-DE-M,585,586
pancake,inventory_diff,FM-BRTT01-TR-L-FM-QDZT01-DE-S,505,507
pancake,inventory_diff,FM-BRTT01-TR-L-FM-QDZT01-DE-XL,324,325
pancake,inventory_diff,FM-BRTT01-TR-L-FM-QLTG01-DE-L,285,287
pancake,inventory_diff,FM-BRTT01-TR-L-FM-QLTG01-DE-M,233,235
pancake,inventory_diff,FM-BRTT01-TR-L-FM-QLTG01-DE-S,404,405
pancake,inventory_diff,FM-BRTT01-TR-L-FM-QLTG01-RG-M,0,1
pancake,inventory_diff,FM-BRTT01-TR-L-FM-QSGL01-TR-L,157,158
pancake,inventory_diff,FM-BRTT01-TR-M-FM-QDZT01-DE-2XL,282,285
pancake,inventory_diff,FM-BRTT01-TR-M-FM-QDZT01-DE-L,281,284
pancake,inventory_diff,FM-BRTT01-TR-M-FM-QDZT01-DE-M,280,283
pancake,inventory_diff,FM-BRTT01-TR-M-FM-QDZT01-DE-S,282,285
pancake,inventory_diff,FM-BRTT01-TR-M-FM-QDZT01-DE-XL,279,282
pancake,inventory_diff,FM-BRTT01-TR-M-FM-QLTG01-DE-L,280,283
pancake,inventory_diff,FM-BRTT01-TR-M-FM-QLTG01-DE-M,235,237
pancake,inventory_diff,FM-BRTT01-TR-M-FM-QLTG01-DE-S,282,285
pancake,inventory_diff,FM-BRTT01-TR-M-FM-QLTG01-RG-M,0,1
pancake,inventory_diff,FM-BRTT01-TR-M-FM-QLTG01-RG-S,279,282
pancake,inventory_diff,FM-BRTT01-TR-M-FM-QSGL01-TR-L,157,158
pancake,inventory_diff,FM-BRTT01-TR-M-FM-VXLN01-DE-L,279,282
pancake,inventory_diff,FM-BRTT01-TR-M-FM-VXLN01-DE-M,279,282
pancake,inventory_diff,FM-BRTT01-TR-S-FM-QDZT01-DE-2XL,398,399
pancake,inventory_diff,FM-BRTT01-TR-S-FM-QDZT01-DE-L,457,458
pancake,inventory_diff,FM-BRTT01-TR-S-FM-QDZT01-DE-M,456,457
pancake,inventory_diff,FM-BRTT01-TR-S-FM-QDZT01-DE-S,457,458
pancake,inventory_diff,FM-BRTT01-TR-S-FM-QDZT01-DE-XL,324,325
pancake,inventory_diff,FM-BRTT01-TR-S-FM-QLTG01-DE-L,285,287
pancake,inventory_diff,FM-BRTT01-TR-S-FM-QLTG01-DE-M,234,236
pancake,inventory_diff,FM-BRTT01-TR-S-FM-QLTG01-DE-S,405,406
pancake,inventory_diff,FM-BRTT01-TR-S-FM-QLTG01-RG-M,0,1
pancake,inventory_diff,FM-BRTT01-TR-S-FM-QSGL01-TR-L,157,158
pancake,inventory_diff,FM-BRTT01-TR-XL-FM-QDZT01-DE-2XL,400,401
pancake,inventory_diff,FM-BRTT01-TR-XL-FM-QDZT01-DE-XL,324,325
pancake,inventory_diff,FM-BRTT01-TR-XL-FM-QLTG01-DE-L,285,287
pancake,inventory_diff,FM-BRTT01-TR-XL-FM-QLTG01-DE-M,236,238
pancake,inventory_diff,FM-BRTT01-TR-XL-FM-QLTG01-DE-S,407,408
pancake,inventory_diff,FM-BRTT01-TR-XL-FM-QLTG01-RG-M,0,1
pancake,inventory_diff,FM-BRTT01-TR-XL-FM-QSGL01-TR-L,157,158
pancake,inventory_diff,FM-BRTT01-XX-L-FM-QDZT01-XX-M,-1,0
pancake,inventory_diff,FM-BRTT01-XX-L-FM-QLTG01-XX-M,-1,0
pancake,inventory_diff,FM-BRTT01-XX-M-FM-QDZT01-XX-M,-2,0
pancake,inventory_diff,FM-BRTT01-XX-M-FM-QLTG01-XX-M,-1,0
pancake,inventory_diff,FM-BRTT01-XX-S-FM-QDZT01-XX-M,-2,0
pancake,inventory_diff,FM-BRTT01-XX-S-FM-QLTG01-XX-M,-1,0
pancake,inventory_diff,FM-BRTT01-XX-XL-FM-QDZT01-XX-M,-1,0
pancake,inventory_diff,FM-BRTT01-XX-XL-FM-QLTG01-XX-M,-1,0
pancake,inventory_diff,FM-BRZT01-DE-L-FM-QDZT01-DE-XL,324,325
pancake,inventory_diff,FM-BRZT01-DE-L-FM-QLTG01-DE-L,285,287
pancake,inventory_diff,FM-BRZT01-DE-L-FM-QLTG01-DE-M,236,238
pancake,inventory_diff,FM-BRZT01-DE-XL-FM-QDZT01-DE-2XL,211,212
pancake,inventory_diff,FM-BRZT01-DE-XL-FM-QDZT01-DE-L,209,210
pancake,inventory_diff,FM-BRZT01-DE-XL-FM-QDZT01-DE-M,208,209
pancake,inventory_diff,FM-BRZT01-DE-XL-FM-QDZT01-DE-S,211,212
pancake,inventory_diff,FM-BRZT01-DE-XL-FM-QDZT01-DE-XL,207,208
pancake,inventory_diff,FM-BRZT01-DE-XL-FM-QLTG01-DE-L,208,209
pancake,inventory_diff,FM-BRZT01-DE-XL-FM-QLTG01-DE-M,211,212
pancake,inventory_diff,FM-BRZT01-DE-XL-FM-QLTG01-DE-S,211,212
pancake,inventory_diff,FM-BRZT01-DE-XL-FM-VXLN01-TR-L,207,208
pancake,inventory_diff,FM-BRZT01-DE-XL-FM-VXLN01-TR-M,207,208
pancake,inventory_diff,FM-BRZT01-DE-XL-FM-VXLN01-TR-S,207,208
pancake,inventory_diff,FM-BRZT01-DE-XL-FM-VXLN01-TR-XL,207,208
pancake,inventory_diff,FM-BRZT01-LG-L,74,75
pancake,inventory_diff,FM-BRZT01-LG-L-FM-QDZT01-DE-2XL,74,75
pancake,inventory_diff,FM-BRZT01-LG-L-FM-QDZT01-DE-L,74,75
pancake,inventory_diff,FM-BRZT01-LG-L-FM-QDZT01-DE-M,74,75
pancake,inventory_diff,FM-BRZT01-LG-L-FM-QDZT01-DE-S,74,75
pancake,inventory_diff,FM-BRZT01-LG-L-FM-QDZT01-DE-XL,74,75
pancake,inventory_diff,FM-BRZT01-LG-L-FM-QLTG01-SA-S,74,75
pancake,inventory_diff,FM-BRZT01-LG-L-FM-QNTG01-LG-L,61,62
pancake,inventory_diff,FM-BRZT01-LG-L-FM-QNTG01-LG-S,74,75
pancake,inventory_diff,FM-BRZT01-LG-L-FM-QNTG01-LG-XL,74,75
pancake,inventory_diff,FM-BRZT01-LG-S-FM-QNTG01-LG-L,61,62
pancake,inventory_diff,FM-BRZT01-LG-XL-FM-QNTG01-LG-L,61,62
pancake,inventory_diff,FM-BRZT01-RG-M-FM-QDZT01-RG-2XL,29,30
pancake,inventory_diff,FM-BRZT01-XX-L-FM-QDZT01-XX-M,-2,0
pancake,inventory_diff,FM-BRZT01-XX-M-FM-QDZT01-XX-M,-2,0
pancake,inventory_diff,FM-BRZT01-XX-S-FM-QDZT01-XX-M,-2,0
pancake,inventory_diff,FM-BRZT01-XX-XL-FM-QDZT01-XX-M,-2,0
pancake,inventory_diff,FM-DNSP01-BN-M,329,330
pancake,inventory_diff,FM-DNSP01-NT-M,45,46
pancake,inventory_diff,FM-DNSP01-NT-XL,38,39
pancake,inventory_diff,FM-DNSP01-TN-M,99,100
pancake,inventory_diff,FM-DNSP01-TR-M,8,11
pancake,inventory_diff,FM-DNSP01-TR-S,-2,0
pancake,inventory_diff,FM-DNSP02-TN-M,-2,0
pancake,inventory_diff,FM-DPSP01-BN-L,87,83
pancake,inventory_diff,FM-DSSP01-BN-M,145,146
pancake,inventory_diff,FM-DSSP01-TN-S,-1,0
pancake,inventory_diff,FM-DSSP02-NN-L,140,142
pancake,inventory_diff,FM-DSSP02-TR-L,30,31
pancake,inventory_diff,FM-DTNN01-DE-XL,286,287
pancake,inventory_diff,FM-DTNN01-DO-M,219,220
pancake,inventory_diff,FM-DTNN01-LG-XL,-1,0
pancake,inventory_diff,FM-DTSO02-BN-XL,-1,0
pancake,inventory_diff,FM-DXSP01-TN-L,-1,0
pancake,inventory_diff,FM-JGNAM01-DE-3XL,-1,0
pancake,inventory_diff,FM-MNDN01-TR,1277,1278
pancake,inventory_diff,FM-QBHN01-BN-XL,-2,0
pancake,inventory_diff,FM-QBHN01-DE-M,39,40
pancake,inventory_diff,FM-QBHN01-LG-XL,12,13
pancake,inventory_diff,FM-QBHN01-TR-XL,56,57
pancake,inventory_diff,FM-QBHN01-WG-XL,24,25
pancake,inventory_diff,FM-QDCV01-XX-S,-1,0
pancake,inventory_diff,FM-QDOL01-BN-M,188,190
pancake,inventory_diff,FM-QDOL01-BN-S,5,8
pancake,inventory_diff,FM-QDOL01-BN-XL,89,90
pancake,inventory_diff,FM-QDOL01-DE-L,625,627
pancake,inventory_diff,FM-QDOL01-DE-M,1065,1067
pancake,inventory_diff,FM-QDOL01-DE-XL,423,425
pancake,inventory_diff,FM-QDOL01-DG-XL,8,9
pancake,inventory_diff,FM-QDOL01-HP-M,6,7
pancake,inventory_diff,FM-QDOL01-LG-XL,56,58
pancake,inventory_diff,FM-QDOL01-VP-M,-1,0
pancake,inventory_diff,FM-QDOL01-VP-S,-3,0
pancake,inventory_diff,FM-QDOL01-XP-M,69,70
pancake,inventory_diff,FM-QDOL01-XP-S,74,75
pancake,inventory_diff,FM-QDPK01-DE-S,8,9
pancake,inventory_diff,FM-QDZT01-DE-2XL,402,403
pancake,inventory_diff,FM-QDZT01-DE-L,912,917
pancake,inventory_diff,FM-QDZT01-DE-M,1998,2008
pancake,inventory_diff,FM-QDZT01-DE-S,509,511
pancake,inventory_diff,FM-QDZT01-DE-XL,324,325
pancake,inventory_diff,FM-QDZT01-XX-M,-1,0
pancake,inventory_diff,FM-QLKV01-DA-L,115,116
pancake,inventory_diff,FM-QLKV01-DA-L-4,28.75,29
pancake,inventory_diff,FM-QLKV01-DA-M,122,124
pancake,inventory_diff,FM-QLKV01-DA-M-4,30.5,31
pancake,inventory_diff,FM-QLKV01-DA-S-4,36.75,0
pancake,inventory_diff,FM-QLKV01-DE-L,119,120
pancake,inventory_diff,FM-QLKV01-DE-L-4,29.75,30
pancake,inventory_diff,FM-QLKV01-DE-M,122,124
pancake,inventory_diff,FM-QLKV01-DE-M-4,30.5,31
pancake,inventory_diff,FM-QLKV01-DE-S-4,36.75,0
pancake,inventory_diff,FM-QLKV01-P8-L,57.5,0
pancake,inventory_diff,FM-QLKV01-P8-S,73.5,0
pancake,inventory_diff,FM-QLKV01-TR-L,119,120
pancake,inventory_diff,FM-QLKV01-TR-L-4,29.75,30
pancake,inventory_diff,FM-QLKV01-TR-M,122,124
pancake,inventory_diff,FM-QLKV01-TR-M-4,30.5,31
pancake,inventory_diff,FM-QLKV01-TR-S-4,36.75,0
pancake,inventory_diff,FM-QLKV01-XM-L,119,120
pancake,inventory_diff,FM-QLKV01-XM-L-4,29.75,30
pancake,inventory_diff,FM-QLKV01-XM-M,122,124
pancake,inventory_diff,FM-QLKV01-XM-M-4,30.5,31
pancake,inventory_diff,FM-QLKV01-XM-S-4,36.75,0
pancake,inventory_diff,FM-QLTG01-DE-L,285,287
pancake,inventory_diff,FM-QLTG01-DE-M,236,238
pancake,inventory_diff,FM-QLTG01-DE-S,409,410
pancake,inventory_diff,FM-QLTG01-MB-S,-1,0
pancake,inventory_diff,FM-QLTG01-MG-XL,0,1
pancake,inventory_diff,FM-QLTG01-RG-M,0,1
pancake,inventory_diff,FM-QLTG01-XX-M,-1,0
pancake,inventory_diff,FM-QNGL01-DE-L,88,0
pancake,inventory_diff,FM-QNGL01-DE-M,208,130
pancake,inventory_diff,FM-QNGL01-DE-S,83,48
pancake,inventory_diff,FM-QNGL01-DE-XL,140,67
pancake,inventory_diff,FM-QNGL01-ES-S,-1,0
pancake,inventory_diff,FM-QNSL01-HP-S,209,210
pancake,inventory_diff,FM-QNTG01-DE-XL,127,130
pancake,inventory_diff,FM-QNTG01-FR-S,33,34
pancake,inventory_diff,FM-QNTG01-LG-L,61,62
pancake,inventory_diff,FM-QSBL01-BN-XL,134,135
pancake,inventory_diff,FM-QSGL01-TR-L,157,158
pancake,inventory_diff,FM-SCFM01-BN-FM-SCFM01-DE-FM-SCFM01-DO,-1,0
pancake,inventory_diff,FM-SCFM01-TR-FM-SCFM01-DE-FM-SCFM01-BN,-1,0
pancake,inventory_diff,FM-SCFM01-TR-FM-SCFM01-DO-FM-SCFM01-BN,-1,0
pancake,inventory_diff,FM-VSFM01-DE-L,583,584
pancake,inventory_diff,FM-VSFM01-DE-M,465,466
pancake,inventory_diff,FM-VSFM01-TR-M,482,483
pancake,inventory_diff,FM-VTHN01-TR-M,59,60
pancake,inventory_diff,FM-VXLN01-TR-M,528,529
pancake,inventory_diff,FM-VXSP01-NT-L,125,126
pancake,inventory_diff,FM-VXSP02-NN-S,107,108
pancake,inventory_diff,MUTNGUC-OVAL,158,156
pancake,inventory_diff,VOFM01-BN,717,720
pancake,inventory_diff,VOFM01-BN-03,239,240
pancake,inventory_diff,VOFM01-BN-05,143.4,144
pancake,inventory_diff,VOFM01-BN-10,71.7,72
pancake,inventory_diff,VOFM01-DE,259,263
pancake,inventory_diff,VOFM01-DE-03,86.3333,88
pancake,inventory_diff,VOFM01-DE-05,51.8,0
pancake,inventory_diff,VOFM01-DE-10,25.9,0
pancake,inventory_diff,VOFM01-HP-03,0.3333,0
pancake,inventory_diff,VOFM01-HP-05,0.2,0
pancake,inventory_diff,VOFM01-HP-10,0.1,0
pancake,inventory_diff,VOFM01-SP,517,520
pancake,inventory_diff,VOFM01-SP-03,172.33339999999998,0
pancake,inventory_diff,VOFM01-SP-05,103.39999999999999,104
pancake,inventory_diff,VOFM01-SP-10,51.699999999999996,52
pancake,inventory_diff,VOFM01-TR,3782,3785
pancake,inventory_diff,VOFM01-TR-03,1260.6666,0
pancake,inventory_diff,VOFM01-TR-05,756.4,0
pancake,inventory_diff,VOFM01-TR-10,378.2,0
pancake,missing_on_platform,FM-AKGL01-TR-L-FM-QDOL01-HP-L,40,
pancake,missing_on_platform,FM-AKGL01-TR-L-FM-QDOL01-HP-M,1,
pancake,missing_on_platform,FM-AKGL01-TR-L-FM-QDOL01-HP-S,1,
pancake,missing_on_platform,FM-AKGL01-TR-L-FM-QDOL01-HP-XL,11,
pancake,missing_on_platform,FM-AKGL01-TR-M-FM-QDOL01-HP-L,40,
pancake,missing_on_platform,FM-AKGL01-TR-M-FM-QDOL01-HP-M,1,
pancake,missing_on_platform,FM-AKGL01-TR-M-FM-QDOL01-HP-S,1,
pancake,missing_on_platform,FM-AKGL01-TR-M-FM-QDOL01-HP-XL,11,
pancake,missing_on_platform,FM-AKGL01-TR-S-FM-QDOL01-HP-L,42,
pancake,missing_on_platform,FM-AKGL01-TR-S-FM-QDOL01-HP-M,3,
pancake,missing_on_platform,FM-AKGL01-TR-S-FM-QDOL01-HP-S,3,
pancake,missing_on_platform,FM-AKGL01-TR-S-FM-QDOL01-HP-XL,13,
pancake,missing_on_platform,FM-AKGL01-TR-XL-FM-QDOL01-HP-L,42,
pancake,missing_on_platform,FM-AKGL01-TR-XL-FM-QDOL01-HP-M,3,
pancake,missing_on_platform,FM-AKGL01-TR-XL-FM-QDOL01-HP-S,3,
pancake,missing_on_platform,FM-AKGL01-TR-XL-FM-QDOL01-HP-XL,13,
pancake,missing_on_platform,FM-AKSL01-TR-L-FM-QDSL02-HP-L,113,
pancake,missing_on_platform,FM-AKSL01-TR-L-FM-QDSL02-HP-M,117,
pancake,missing_on_platform,FM-AKSL01-TR-L-FM-QDSL02-HP-S,117,
pancake,missing_on_platform,FM-AKSL01-TR-L-FM-QDSL02-HP-XL,58,
pancake,missing_on_platform,FM-AKSL01-TR-M-FM-QDSL02-HP-L,113,
pancake,missing_on_platform,FM-AKSL01-TR-M-FM-QDSL02-HP-M,137,
pancake,missing_on_platform,FM-AKSL01-TR-M-FM-QDSL02-HP-S,137,
pancake,missing_on_platform,FM-AKSL01-TR-M-FM-QDSL02-HP-XL,57,
pancake,missing_on_platform,FM-AKSL01-TR-S-FM-QDSL02-HP-L,113,
pancake,missing_on_platform,FM-AKSL01-TR-S-FM-QDSL02-HP-M,136,
pancake,missing_on_platform,FM-AKSL01-TR-S-FM-QDSL02-HP-S,136,
pancake,missing_on_platform,FM-AKSL01-TR-S-FM-QDSL02-HP-XL,58,
pancake,missing_on_platform,FM-AKSL01-TR-XL-FM-QDSL02-HP-L,92,
pancake,missing_on_platform,FM-AKSL01-TR-XL-FM-QDSL02-HP-M,94,
pancake,missing_on_platform,FM-AKSL01-TR-XL-FM-QDSL02-HP-S,94,
pancake,missing_on_platform,FM-AKSL01-TR-XL-FM-QDSL02-HP-XL,58,
pancake,missing_on_platform,FM-AKSL01-XP-L-FM-QDSL01-XP-L,75,
pancake,missing_on_platform,FM-AKSL01-XP-L-FM-QDSL01-XP-M,98,
pancake,missing_on_platform,FM-AKSL01-XP-L-FM-QDSL01-XP-S,98,
pancake,missing_on_platform,FM-AKSL01-XP-L-FM-QDSL01-XP-XL,49,
pancake,missing_on_platform,FM-AKSL01-XP-M-FM-QDSL01-XP-L,74,
pancake,missing_on_platform,FM-AKSL01-XP-M-FM-QDSL01-XP-M,126,
pancake,missing_on_platform,FM-AKSL01-XP-M-FM-QDSL01-XP-S,126,
pancake,missing_on_platform,FM-AKSL01-XP-M-FM-QDSL01-XP-XL,48,
pancake,missing_on_platform,FM-AKSL01-XP-S-FM-QDSL01-XP-L,75,
pancake,missing_on_platform,FM-AKSL01-XP-S-FM-QDSL01-XP-M,122,
pancake,missing_on_platform,FM-AKSL01-XP-S-FM-QDSL01-XP-S,122,
pancake,missing_on_platform,FM-AKSL01-XP-S-FM-QDSL01-XP-XL,49,
pancake,missing_on_platform,FM-AKSL01-XP-XL-FM-QDSL01-XP-L,74,
pancake,missing_on_platform,FM-AKSL01-XP-XL-FM-QDSL01-XP-M,77,
pancake,missing_on_platform,FM-AKSL01-XP-XL-FM-QDSL01-XP-S,77,
pancake,missing_on_platform,FM-AKSL01-XP-XL-FM-QDSL01-XP-XL,48,
pancake,missing_on_platform,FM-ATBL01-DE-L-FM-QLTG01-DE-L,34,
pancake,missing_on_platform,FM-ATBL01-DE-L-FM-QLTG01-DE-M,37,
pancake,missing_on_platform,FM-ATBL01-DE-L-FM-QLTG01-DE-S,37,
pancake,missing_on_platform,FM-ATBL01-DE-L-FM-QLTG01-DE-XL,33,
pancake,missing_on_platform,FM-ATBL01-DE-M-FM-QLTG01-DE-L,1,
pancake,missing_on_platform,FM-ATBL01-DE-M-FM-QLTG01-DE-M,4,
pancake,missing_on_platform,FM-ATBL01-DE-M-FM-QLTG01-DE-S,4,
pancake,missing_on_platform,FM-ATBL01-DE-M-FM-QLTG01-DE-XL,0,
pancake,missing_on_platform,FM-ATBL01-DE-S-FM-QLTG01-DE-L,1,
pancake,missing_on_platform,FM-ATBL01-DE-S-FM-QLTG01-DE-M,4,
pancake,missing_on_platform,FM-ATBL01-DE-S-FM-QLTG01-DE-S,4,
pancake,missing_on_platform,FM-ATBL01-DE-S-FM-QLTG01-DE-XL,0,
pancake,missing_on_platform,FM-ATBL01-DE-XL-FM-QLTG01-DE-L,0,
pancake,missing_on_platform,FM-ATBL01-DE-XL-FM-QLTG01-DE-M,0,
pancake,missing_on_platform,FM-ATBL01-DE-XL-FM-QLTG01-DE-S,0,
pancake,missing_on_platform,FM-ATBL01-DE-XL-FM-QLTG01-DE-XL,0,
pancake,missing_on_platform,FM-ATBL01-HP-L-FM-QNGL01-DG-L,0,
pancake,missing_on_platform,FM-ATBL01-HP-L-FM-QNGL01-DG-M,0,
pancake,missing_on_platform,FM-ATBL01-HP-L-FM-QNGL01-DG-S,0,
pancake,missing_on_platform,FM-ATBL01-HP-L-FM-QNGL01-DG-XL,0,
pancake,missing_on_platform,FM-ATBL01-HP-M-FM-QNGL01-DG-L,0,
pancake,missing_on_platform,FM-ATBL01-HP-M-FM-QNGL01-DG-M,0,
pancake,missing_on_platform,FM-ATBL01-HP-M-FM-QNGL01-DG-S,0,
pancake,missing_on_platform,FM-ATBL01-HP-M-FM-QNGL01-DG-XL,0,
pancake,missing_on_platform,FM-ATBL01-HP-S-FM-QNGL01-DG-L,0,
pancake,missing_on_platform,FM-ATBL01-HP-S-FM-QNGL01-DG-M,0,
pancake,missing_on_platform,FM-ATBL01-HP-S-FM-QNGL01-DG-S,0,
pancake,missing_on_platform,FM-ATBL01-HP-S-FM-QNGL01-DG-XL,0,
pancake,missing_on_platform,FM-ATBL01-HP-XL-FM-QNGL01-DG-L,0,
pancake,missing_on_platform,FM-ATBL01-HP-XL-FM-QNGL01-DG-M,0,
pancake,missing_on_platform,FM-ATBL01-HP-XL-FM-QNGL01-DG-S,0,
pancake,missing_on_platform,FM-ATBL01-HP-XL-FM-QNGL01-DG-XL,0,
pancake,missing_on_platform,FM-ATBL02-HP-L-FM-QDBL01-HP-L,54,
pancake,missing_on_platform,FM-ATBL02-HP-L-FM-QDBL01-HP-M,7,
pancake,missing_on_platform,FM-ATBL02-HP-L-FM-QDBL01-HP-S,0,
pancake,missing_on_platform,FM-ATBL02-HP-L-FM-QDBL01-HP-XL,55,
pancake,missing_on_platform,FM-ATBL02-HP-M-FM-QDBL01-HP-L,42,
pancake,missing_on_platform,FM-ATBL02-HP-M-FM-QDBL01-HP-M,6,
pancake,missing_on_platform,FM-ATBL02-HP-M-FM-QDBL01-HP-S,0,
pancake,missing_on_platform,FM-ATBL02-HP-M-FM-QDBL01-HP-XL,43,
pancake,missing_on_platform,FM-ATBL02-HP-S-FM-QDBL01-HP-L,60,
pancake,missing_on_platform,FM-ATBL02-HP-S-FM-QDBL01-HP-M,4,
pancake,missing_on_platform,FM-ATBL02-HP-S-FM-QDBL01-HP-S,0,
pancake,missing_on_platform,FM-ATBL02-HP-S-FM-QDBL01-HP-XL,60,
pancake,missing_on_platform,FM-ATBL02-HP-XL-FM-QDBL01-HP-L,0,
pancake,missing_on_platform,FM-ATBL02-HP-XL-FM-QDBL01-HP-M,0,
pancake,missing_on_platform,FM-ATBL02-HP-XL-FM-QDBL01-HP-S,0,
pancake,missing_on_platform,FM-ATBL02-HP-XL-FM-QDBL01-HP-XL,0,
pancake,missing_on_platform,FM-ATSL01-XP-L-FM-QNSL01-XP-L,46,
pancake,missing_on_platform,FM-ATSL01-XP-L-FM-QNSL01-XP-M,43,
pancake,missing_on_platform,FM-ATSL01-XP-L-FM-QNSL01-XP-S,43,
pancake,missing_on_platform,FM-ATSL01-XP-L-FM-QNSL01-XP-XL,32,
pancake,missing_on_platform,FM-ATSL01-XP-M-FM-QNSL01-XP-L,91,
pancake,missing_on_platform,FM-ATSL01-XP-M-FM-QNSL01-XP-M,86,
pancake,missing_on_platform,FM-ATSL01-XP-M-FM-QNSL01-XP-S,86,
pancake,missing_on_platform,FM-ATSL01-XP-M-FM-QNSL01-XP-XL,32,
pancake,missing_on_platform,FM-ATSL01-XP-S-FM-QNSL01-XP-L,96,
pancake,missing_on_platform,FM-ATSL01-XP-S-FM-QNSL01-XP-M,92,
pancake,missing_on_platform,FM-ATSL01-XP-S-FM-QNSL01-XP-S,92,
pancake,missing_on_platform,FM-ATSL01-XP-S-FM-QNSL01-XP-XL,32,
pancake,missing_on_platform,FM-ATSL01-XP-XL-FM-QNSL01-XP-L,15,
pancake,missing_on_platform,FM-ATSL01-XP-XL-FM-QNSL01-XP-M,10,
pancake,missing_on_platform,FM-ATSL01-XP-XL-FM-QNSL01-XP-S,10,
pancake,missing_on_platform,FM-ATSL01-XP-XL-FM-QNSL01-XP-XL,10,
pancake,missing_on_platform,FM-ATSO01-DB-L-FM-VSFM01-TR-L,102,
pancake,missing_on_platform,FM-ATSO01-DB-L-FM-VSFM01-TR-M,102,
pancake,missing_on_platform,FM-ATSO01-DB-L-FM-VSFM01-TR-S,102,
pancake,missing_on_platform,FM-ATSO01-DB-L-FM-VSFM01-TR-XL,102,
pancake,missing_on_platform,FM-ATSO01-DB-L-FM-VXLN01-TR-L,102,
pancake,missing_on_platform,FM-ATSO01-DB-L-FM-VXLN01-TR-M,102,
pancake,missing_on_platform,FM-ATSO01-DB-L-FM-VXLN01-TR-S,102,
pancake,missing_on_platform,FM-ATSO01-DB-L-FM-VXLN01-TR-XL,102,
pancake,missing_on_platform,FM-ATSO01-DB-M-FM-VSFM01-TR-L,99,
pancake,missing_on_platform,FM-ATSO01-DB-M-FM-VSFM01-TR-M,99,
pancake,missing_on_platform,FM-ATSO01-DB-M-FM-VSFM01-TR-S,99,
pancake,missing_on_platform,FM-ATSO01-DB-M-FM-VSFM01-TR-XL,99,
pancake,missing_on_platform,FM-ATSO01-DB-M-FM-VXLN01-TR-L,99,
pancake,missing_on_platform,FM-ATSO01-DB-M-FM-VXLN01-TR-M,99,
pancake,missing_on_platform,FM-ATSO01-DB-M-FM-VXLN01-TR-S,99,
pancake,missing_on_platform,FM-ATSO01-DB-M-FM-VXLN01-TR-XL,99,
pancake,missing_on_platform,FM-ATSO01-DB-S-FM-VSFM01-TR-L,88,
pancake,missing_on_platform,FM-ATSO01-DB-S-FM-VSFM01-TR-M,88,
pancake,missing_on_platform,FM-ATSO01-DB-S-FM-VSFM01-TR-S,88,
pancake,missing_on_platform,FM-ATSO01-DB-S-FM-VSFM01-TR-XL,88,
pancake,missing_on_platform,FM-ATSO01-DB-S-FM-VXLN01-TR-L,88,
pancake,missing_on_platform,FM-ATSO01-DB-S-FM-VXLN01-TR-M,88,
pancake,missing_on_platform,FM-ATSO01-DB-S-FM-VXLN01-TR-S,88,
pancake,missing_on_platform,FM-ATSO01-DB-S-FM-VXLN01-TR-XL,88,
pancake,missing_on_platform,FM-ATSO01-DB-XL-FM-VSFM01-TR-L,59,
pancake,missing_on_platform,FM-ATSO01-DB-XL-FM-VSFM01-TR-M,59,
pancake,missing_on_platform,FM-ATSO01-DB-XL-FM-VSFM01-TR-S,59,
pancake,missing_on_platform,FM-ATSO01-DB-XL-FM-VSFM01-TR-XL,59,
pancake,missing_on_platform,FM-ATSO01-DB-XL-FM-VXLN01-TR-L,59,
pancake,missing_on_platform,FM-ATSO01-DB-XL-FM-VXLN01-TR-M,59,
pancake,missing_on_platform,FM-ATSO01-DB-XL-FM-VXLN01-TR-S,59,
pancake,missing_on_platform,FM-ATSO01-DB-XL-FM-VXLN01-TR-XL,59,
pancake,missing_on_platform,FM-ATSO01-HP-M-FM-QDZT01-DE-L,588,
pancake,missing_on_platform,FM-ATSO01-HP-M-FM-QDZT01-DE-M,588,
pancake,missing_on_platform,FM-ATSO01-HP-M-FM-QDZT01-DE-S,504,
pancake,missing_on_platform,FM-ATSO01-HP-M-FM-QDZT01-DE-XL,324,
pancake,missing_on_platform,FM-ATSO01-HP-S-FM-QDZT01-DE-L,437,
pancake,missing_on_platform,FM-ATSO01-HP-S-FM-QDZT01-DE-M,437,
pancake,missing_on_platform,FM-ATSO01-HP-S-FM-QDZT01-DE-S,437,
pancake,missing_on_platform,FM-ATSO01-HP-S-FM-QDZT01-DE-XL,324,
pancake,missing_on_platform,FM-ATSO01-HP-XL-FM-QDZT01-DE-L,215,
pancake,missing_on_platform,FM-ATSO01-HP-XL-FM-QDZT01-DE-M,215,
pancake,missing_on_platform,FM-ATSO01-HP-XL-FM-QDZT01-DE-S,215,
pancake,missing_on_platform,FM-ATSO01-HP-XL-FM-QDZT01-DE-XL,215,
pancake,missing_on_platform,FM-AVBNU-DE-2XL,111,
pancake,missing_on_platform,FM-BRGL04-TR-L-FM-QDZT01-HP-L,4,
pancake,missing_on_platform,FM-BRGL04-TR-L-FM-QDZT01-HP-M,3,
pancake,missing_on_platform,FM-BRGL04-TR-L-FM-QDZT01-HP-S,1,
pancake,missing_on_platform,FM-BRGL04-TR-L-FM-QDZT01-HP-XL,5,
pancake,missing_on_platform,FM-BRGL04-TR-M-FM-QDZT01-HP-L,4,
pancake,missing_on_platform,FM-BRGL04-TR-M-FM-QDZT01-HP-M,3,
pancake,missing_on_platform,FM-BRGL04-TR-M-FM-QDZT01-HP-S,1,
pancake,missing_on_platform,FM-BRGL04-TR-M-FM-QDZT01-HP-XL,5,
pancake,missing_on_platform,FM-BRGL04-TR-S-FM-QDZT01-HP-L,5,
pancake,missing_on_platform,FM-BRGL04-TR-S-FM-QDZT01-HP-M,4,
pancake,missing_on_platform,FM-BRGL04-TR-S-FM-QDZT01-HP-S,1,
pancake,missing_on_platform,FM-BRGL04-TR-S-FM-QDZT01-HP-XL,5,
pancake,missing_on_platform,FM-BRGL04-TR-XL-FM-QDZT01-HP-L,1,
pancake,missing_on_platform,FM-BRGL04-TR-XL-FM-QDZT01-HP-M,1,
pancake,missing_on_platform,FM-BRGL04-TR-XL-FM-QDZT01-HP-S,0,
pancake,missing_on_platform,FM-BRGL04-TR-XL-FM-QDZT01-HP-XL,1,
pancake,missing_on_platform,FM-BRSL01-XP-L-FM-QDSL01-XP-L,75,
pancake,missing_on_platform,FM-BRSL01-XP-L-FM-QDSL01-XP-M,138,
pancake,missing_on_platform,FM-BRSL01-XP-L-FM-QDSL01-XP-S,140,
pancake,missing_on_platform,FM-BRSL01-XP-L-FM-QDSL01-XP-XL,49,
pancake,missing_on_platform,FM-BRSL01-XP-M-FM-QDSL01-XP-L,75,
pancake,missing_on_platform,FM-BRSL01-XP-M-FM-QDSL01-XP-M,133,
pancake,missing_on_platform,FM-BRSL01-XP-M-FM-QDSL01-XP-S,133,
pancake,missing_on_platform,FM-BRSL01-XP-M-FM-QDSL01-XP-XL,49,
pancake,missing_on_platform,FM-BRSL01-XP-S-FM-QDSL01-XP-L,75,
pancake,missing_on_platform,FM-BRSL01-XP-S-FM-QDSL01-XP-M,138,
pancake,missing_on_platform,FM-BRSL01-XP-S-FM-QDSL01-XP-S,140,
pancake,missing_on_platform,FM-BRSL01-XP-S-FM-QDSL01-XP-XL,49,
pancake,missing_on_platform,FM-BRSL01-XP-XL-FM-QDSL01-XP-L,75,
pancake,missing_on_platform,FM-BRSL01-XP-XL-FM-QDSL01-XP-M,98,
pancake,missing_on_platform,FM-BRSL01-XP-XL-FM-QDSL01-XP-S,98,
pancake,missing_on_platform,FM-BRSL01-XP-XL-FM-QDSL01-XP-XL,49,
pancake,missing_on_platform,FM-BRSL02-VP-L-FM-QDSL02-VP-L,49,
pancake,missing_on_platform,FM-BRSL02-VP-L-FM-QDSL02-VP-M,49,
pancake,missing_on_platform,FM-BRSL02-VP-L-FM-QDSL02-VP-S,50,
pancake,missing_on_platform,FM-BRSL02-VP-L-FM-QDSL02-VP-XL,45,
pancake,missing_on_platform,FM-BRSL02-VP-M-FM-QDSL02-VP-L,74,
pancake,missing_on_platform,FM-BRSL02-VP-M-FM-QDSL02-VP-M,78,
pancake,missing_on_platform,FM-BRSL02-VP-M-FM-QDSL02-VP-S,79,
pancake,missing_on_platform,FM-BRSL02-VP-M-FM-QDSL02-VP-XL,45,
pancake,missing_on_platform,FM-BRSL02-VP-S-FM-QDSL02-VP-L,74,
pancake,missing_on_platform,FM-BRSL02-VP-S-FM-QDSL02-VP-M,83,
pancake,missing_on_platform,FM-BRSL02-VP-S-FM-QDSL02-VP-S,84,
pancake,missing_on_platform,FM-BRSL02-VP-S-FM-QDSL02-VP-XL,45,
pancake,missing_on_platform,FM-BRSL02-VP-XL-FM-QDSL02-VP-L,0,
pancake,missing_on_platform,FM-BRSL02-VP-XL-FM-QDSL02-VP-M,0,
pancake,missing_on_platform,FM-BRSL02-VP-XL-FM-QDSL02-VP-S,0,
pancake,missing_on_platform,FM-BRSL02-VP-XL-FM-QDSL02-VP-XL,0,
pancake,missing_on_platform,FM-JGNAM01-DE-2XL,1,
pancake,missing_on_platform,FM-QLLK01-P3A-L,0,
pancake,missing_on_platform,FM-QLLK01-P3A-M,180,
pancake,missing_on_platform,FM-QLLK01-P3A-S,0,
pancake,missing_on_platform,FM-QLLK01-P3A-XL,100,
pancake,missing_on_platform,FM-QLLK01-P3B-L,0,
pancake,missing_on_platform,FM-QLLK01-P3B-M,180,
pancake,missing_on_platform,FM-QLLK01-P3B-S,0,
pancake,missing_on_platform,FM-QLLK01-P3B-XL,100,
pancake,missing_on_platform,FM-QLLK01-P3C-L,0,
pancake,missing_on_platform,FM-QLLK01-P3C-M,180,
pancake,missing_on_platform,FM-QLLK01-P3C-S,0,
pancake,missing_on_platform,FM-QLLK01-P3C-XL,100,
pancake,missing_on_platform,FM-QLLK01-P3D-L,0,
pancake,missing_on_platform,FM-QLLK01-P3D-M,180,
pancake,missing_on_platform,FM-QLLK01-P3D-S,0,
pancake,missing_on_platform,FM-QLLK01-P3D-XL,100,
pancake,missing_on_platform,FM-QN2L03-XN-2XL,0,
pancake,missing_on_platform,FM-QN2L03-XN-3XL,0,
pancake,missing_on_platform,FM-QNSL01-VG-VL,0,
pancake,missing_on_platform,FM-QNSL01-VP-VL,0,
shopify,extra_on_platform,FM-AHZD01-XN-L,,11
shopify,extra_on_platform,FM-AHZD01-XN-M,,0
shopify,extra_on_platform,FM-AHZD01-XN-S,,43
shopify,extra_on_platform,FM-AHZD01-XN-XL,,37
shopify,extra_on_platform,FM-APGR01 -BN-L,,149
shopify,extra_on_platform,FM-APGR01 -BN-M,,150
shopify,extra_on_platform,FM-APGR01 -BN-S,,99
shopify,extra_on_platform,FM-APGR01 -BN-XL,,98
shopify,extra_on_platform,FM-APGR01 -DO-L,,148
shopify,extra_on_platform,FM-APGR01 -DO-M,,146
shopify,extra_on_platform,FM-APGR01 -DO-S,,98
shopify,extra_on_platform,FM-APGR01 -DO-XL,,100
shopify,extra_on_platform,FM-ATXL01-DE-2XL,,0
shopify,extra_on_platform,FM-ATXL01-TR-2XL,,0
shopify,extra_on_platform,FM-ATXL01-XN-2XL,,0
shopify,extra_on_platform,FM-ATXL01-XR-2XL,,0
shopify,extra_on_platform,FM-BCTR01-BN-B,,206
shopify,extra_on_platform,FM-QDOL01-DE-2XL,,0
shopify,extra_on_platform,FM-QDOL01-DG-2XL,,0
shopify,extra_on_platform,FM-QDOL01-LG-2XL,,0
shopify,extra_on_platform,FM-QDPK01-DE-2XL,,0
shopify,extra_on_platform,FM-QDPK01-DG-2XL,,0
shopify,extra_on_platform,FM-QDPK01-LG-2XL,,0
shopify,extra_on_platform,FM-QDTT01-DE-2XL,,0
shopify,extra_on_platform,FM-QDTT01-DG-2XL,,0
shopify,extra_on_platform,FM-VTNN02-NB-L,,75
shopify,extra_on_platform,FM-VTNN02-NB-M,,91
shopify,extra_on_platform,FM-VTNN02-NB-S,,73
shopify,extra_on_platform,FM-VTNN02-NB-XL,,82
shopify,extra_on_platform,FM-VTNN02-RB-L,,76
shopify,extra_on_platform,FM-VTNN02-RB-M,,88
shopify,extra_on_platform,FM-VTNN02-RB-S,,28
shopify,extra_on_platform,FM-VTNN02-RB-XL,,32
shopify,inventory_diff,FM-ABPL01-TD-L,78,79
shopify,inventory_diff,FM-ACCV01-LG-2XL,16,17
shopify,inventory_diff,FM-ACCV01-LG-S,21,22
shopify,inventory_diff,FM-ACCV01-SA-XL,93,92
shopify,inventory_diff,FM-ACNB01-TR-L,10,11
shopify,inventory_diff,FM-ACNB01-TR-M,10,11
shopify,inventory_diff,FM-ACSP01-TN-L,1,2
shopify,inventory_diff,FM-ACSP01-TN-XL,28,30
shopify,inventory_diff,FM-ACSP01-TR-L,-5,0
shopify,inventory_diff,FM-ACSP01-TR-M,-6,0
shopify,inventory_diff,FM-ACSP01-TR-S,-2,0
shopify,inventory_diff,FM-ACSP02-BN-L,2,4
shopify,inventory_diff,FM-ACSP02-BN-M,-3,2
shopify,inventory_diff,FM-ACSP02-BN-S,24,30
shopify,inventory_diff,FM-ACSP02-BN-XL,1,3
shopify,inventory_diff,FM-ACSP02-TN-S,-1,0
shopify,inventory_diff,FM-ACSP02-TR-M,5,7
shopify,inventory_diff,FM-ACSP02-TR-S,-4,1
shopify,inventory_diff,FM-ACSP02-TR-XL,30,34
shopify,inventory_diff,FM-AHZN01-TR-M,0,3
shopify,inventory_diff,FM-AHZN01-TR-S,26,27
shopify,inventory_diff,FM-AHZN01-TR-XL,76,77
shopify,inventory_diff,FM-AKCV01-DE-XL,28,29
shopify,inventory_diff,FM-AKCV01-ES-L,88,49
shopify,inventory_diff,FM-AKCV01-ES-M,93,39
shopify,inventory_diff,FM-AKCV01-ES-S,194,115
shopify,inventory_diff,FM-AKCV01-ES-XL,18,1
shopify,inventory_diff,FM-AKCV01-TR-M,2,3
shopify,inventory_diff,FM-AKGL01-HP-M,68,69
shopify,inventory_diff,FM-AKTN01-BN-L,71,84
shopify,inventory_diff,FM-AKTN01-BN-M,61,72
shopify,inventory_diff,FM-AKTN01-BN-S,62,73
shopify,inventory_diff,FM-AKTN01-BN-XL,8,21
shopify,inventory_diff,FM-AKTN01-RB-L,46,51
shopify,inventory_diff,FM-AKTN01-RB-S,54,58
shopify,inventory_diff,FM-AKTN01-RB-XL,31,35
shopify,inventory_diff,FM-ALQS01-DE-XL-02,40.5,0
shopify,inventory_diff,FM-ALQS01-TR-S-02,41.5,0
shopify,inventory_diff,FM-ALQS01-XM-S-02,48.5,0
shopify,inventory_diff,FM-ALQS01-XM-XL-02,41.5,0
shopify,inventory_diff,FM-ANCD01-DE-L,89,116
shopify,inventory_diff,FM-ANCD01-DE-M,3,56
shopify,inventory_diff,FM-ANCD01-DE-S,113,169
shopify,inventory_diff,FM-ANCD01-DE-XL,25,44
shopify,inventory_diff,FM-ANCD01-HP-L,307,322
shopify,inventory_diff,FM-ANCD01-HP-M,306,333
shopify,inventory_diff,FM-ANCD01-HP-S,262,286
shopify,inventory_diff,FM-ANCD01-HP-XL,94,98
shopify,inventory_diff,FM-ANCD01-TR-L,160,178
shopify,inventory_diff,FM-ANCD01-TR-M,217,263
shopify,inventory_diff,FM-ANCD01-TR-S,3,5
shopify,inventory_diff,FM-ANCD01-TR-XL,62,67
shopify,inventory_diff,FM-ANCD01-XM-L,48,49
shopify,inventory_diff,FM-ANCD01-XM-M,5,14
shopify,inventory_diff,FM-ANCD01-XM-S,13,15
shopify,inventory_diff,FM-ANCD01-XM-XL,31,33
shopify,inventory_diff,FM-APLT01-DE-L,86,89
shopify,inventory_diff,FM-APLT01-DE-M,53,55
shopify,inventory_diff,FM-APLT01-DE-S,74,77
shopify,inventory_diff,FM-APLT01-DE-XL,56,60
shopify,inventory_diff,FM-APLT01-TR-L,44,46
shopify,inventory_diff,FM-APLT01-TR-M,38,42
shopify,inventory_diff,FM-APLT01-TR-S,29,36
shopify,inventory_diff,FM-APLT01-XN-L,93,94
shopify,inventory_diff,FM-APLT01-XN-M,76,77
shopify,inventory_diff,FM-APLT01-XN-S,67,69
shopify,inventory_diff,FM-APLT01-XN-XL,66,71
shopify,inventory_diff,FM-APLT02-BN-L,79,87
shopify,inventory_diff,FM-APLT02-BN-M,135,142
shopify,inventory_diff,FM-APLT02-BN-S,43,45
shopify,inventory_diff,FM-APLT02-BN-XL,57,61
shopify,inventory_diff,FM-APLT02-DE-L,57,66
shopify,inventory_diff,FM-APLT02-DE-M,104,119
shopify,inventory_diff,FM-APLT02-DE-S,122,131
shopify,inventory_diff,FM-APLT02-DE-XL,68,77
shopify,inventory_diff,FM-APLT02-TR-L,143,154
shopify,inventory_diff,FM-APLT02-TR-M,117,131
shopify,inventory_diff,FM-APLT02-TR-S,43,50
shopify,inventory_diff,FM-APLT02-TR-XL,95,104
shopify,inventory_diff,FM-APSP01-NT-L,198,202
shopify,inventory_diff,FM-APSP01-NT-M,201,204
shopify,inventory_diff,FM-APSP01-NT-XL,35,39
shopify,inventory_diff,FM-APSP01-TR-L,20,23
shopify,inventory_diff,FM-APSP01-TR-M,100,106
shopify,inventory_diff,FM-APSP01-TR-S,246,255
shopify,inventory_diff,FM-APSP01-TR-XL,44,47
shopify,inventory_diff,FM-APSP02-BN-L,14,1
shopify,inventory_diff,FM-APSP02-BN-M,38,24
shopify,inventory_diff,FM-APSP02-BN-S,10,2
shopify,inventory_diff,FM-APSP02-BN-XL,19,0
shopify,inventory_diff,FM-APSP02-NN-L,28,29
shopify,inventory_diff,FM-APSP02-NN-XL,0,1
shopify,inventory_diff,FM-APSP02-TN-L,79,82
shopify,inventory_diff,FM-APSP02-TN-M,-1,0
shopify,inventory_diff,FM-APSP02-TN-XL,45,49
shopify,inventory_diff,FM-APSP02-TR-M,62,70
shopify,inventory_diff,FM-APSP02-TR-S,30,34
shopify,inventory_diff,FM-APSP02-TR-XL,85,86
shopify,inventory_diff,FM-APTN01-BN-L,90,95
shopify,inventory_diff,FM-APTN01-BN-M,88,93
shopify,inventory_diff,FM-APTN01-BN-S,70,76
shopify,inventory_diff,FM-APTN01-BN-XL,35,41
shopify,inventory_diff,FM-APTN01-NB-L,44,48
shopify,inventory_diff,FM-APTN01-NB-M,35,43
shopify,inventory_diff,FM-APTN01-NB-S,69,73
shopify,inventory_diff,FM-APTN01-NB-XL,47,50
shopify,inventory_diff,FM-APTN01-RB-L,104,105
shopify,inventory_diff,FM-APTN01-RB-M,120,128
shopify,inventory_diff,FM-APTN01-RB-S,95,96
shopify,inventory_diff,FM-APTN01-RB-XL,84,85
shopify,inventory_diff,FM-APTN01-TR-L,197,199
shopify,inventory_diff,FM-APTN01-TR-M,111,112
shopify,inventory_diff,FM-APTN01-TR-S,68,74
shopify,inventory_diff,FM-APTN01-TR-XL,73,74
shopify,inventory_diff,FM-ASPV01-DT-L,3,0
shopify,inventory_diff,FM-ASPV01-DT-M,3,0
shopify,inventory_diff,FM-ASPV01-DT-S,2,0
shopify,inventory_diff,FM-ASPV01-DT-XL,3,0
shopify,inventory_diff,FM-ASPV01-TD-L,3,0
shopify,inventory_diff,FM-ASPV01-TD-M,3,0
shopify,inventory_diff,FM-ASPV01-TD-XL,3,0
shopify,inventory_diff,FM-ASPV01-TN-L,3,0
shopify,inventory_diff,FM-ASPV01-TN-M,3,0
shopify,inventory_diff,FM-ASPV01-TN-S,2,0
shopify,inventory_diff,FM-ASPV01-TN-XL,3,0
shopify,inventory_diff,FM-ATCT01-BN-L,217,221
shopify,inventory_diff,FM-ATCT01-BN-M,195,204
shopify,inventory_diff,FM-ATCT01-BN-S,53,59
shopify,inventory_diff,FM-ATCT01-BN-XL,126,127
shopify,inventory_diff,FM-ATCT01-NB-L,212,214
shopify,inventory_diff,FM-ATCT01-NB-M,169,174
shopify,inventory_diff,FM-ATCT01-NB-XL,187,196
shopify,inventory_diff,FM-ATCT01-RB-L,302,306
shopify,inventory_diff,FM-ATCT01-RB-M,406,404
shopify,inventory_diff,FM-ATCT01-RB-XL,220,224
shopify,inventory_diff,FM-ATCT01-TR-L,154,168
shopify,inventory_diff,FM-ATCT01-TR-M,154,171
shopify,inventory_diff,FM-ATCT01-TR-S,141,148
shopify,inventory_diff,FM-ATCT01-TR-XL,146,149
shopify,inventory_diff,FM-ATNRL-DT-XL,154,2
shopify,inventory_diff,FM-ATNRL-TD-XL,-1,1
shopify,inventory_diff,FM-ATSL01-HP-S,106,107
shopify,inventory_diff,FM-ATSL01-XP-XL,15,16
shopify,inventory_diff,FM-ATSM01-XN-L,248,249
shopify,inventory_diff,FM-ATSO01-HP-M,588,589
shopify,inventory_diff,FM-ATSO01-XP-L,240,85
shopify,inventory_diff,FM-ATSO01-XP-M,562,307
shopify,inventory_diff,FM-ATSO01-XP-S,268,178
shopify,inventory_diff,FM-ATSO01-XP-XL,276,210
shopify,inventory_diff,FM-ATSP01-TP-M,84,85
shopify,inventory_diff,FM-ATTS01-DE-L,24,74
shopify,inventory_diff,FM-ATTS01-DE-M,92,170
shopify,inventory_diff,FM-ATTS01-DE-S,331,361
shopify,inventory_diff,FM-ATTS01-DE-XL,39,74
shopify,inventory_diff,FM-ATTS01-HD-L,99,131
shopify,inventory_diff,FM-ATTS01-HD-M,139,182
shopify,inventory_diff,FM-ATTS01-HD-S,83,97
shopify,inventory_diff,FM-ATTS01-HD-XL,18,40
shopify,inventory_diff,FM-ATTS01-HP-S,0,20
shopify,inventory_diff,FM-ATTS01-TP-L,139,169
shopify,inventory_diff,FM-ATTS01-TP-M,12,44
shopify,inventory_diff,FM-ATTS01-TP-S,141,160
shopify,inventory_diff,FM-ATTS01-TP-XL,68,75
shopify,inventory_diff,FM-ATTS01-TR-L,47,120
shopify,inventory_diff,FM-ATTS01-TR-M,0,63
shopify,inventory_diff,FM-ATTS01-TR-S,-2,-1
shopify,inventory_diff,FM-ATTS01-TR-XL,0,36
shopify,inventory_diff,FM-ATTS01-XN-L,54,85
shopify,inventory_diff,FM-ATTS01-XN-M,62,97
shopify,inventory_diff,FM-ATTS01-XN-S,195,210
shopify,inventory_diff,FM-ATTS01-XN-XL,48,73
shopify,inventory_diff,FM-AVBNU-DE-L,1357,1395
shopify,inventory_diff,FM-AVBNU-DE-M,162,227
shopify,inventory_diff,FM-AVBNU-DE-S,75,101
shopify,inventory_diff,FM-AVBNU-DE-XL,127,146
shopify,inventory_diff,FM-AVBNU-HP-2XL,27,44
shopify,inventory_diff,FM-AVBNU-HP-M,-1,0
shopify,inventory_diff,FM-AVBNU-HP-S,0,1
shopify,inventory_diff,FM-AVBNU-SG-2XL,66,75
shopify,inventory_diff,FM-AVBNU-SG-L,154,177
shopify,inventory_diff,FM-AVBNU-SG-M,47,68
shopify,inventory_diff,FM-AVBNU-SG-S,160,166
shopify,inventory_diff,FM-AVBNU-SG-XL,39,56
shopify,inventory_diff,FM-AVBNU-SS-2XL,-1,2
shopify,inventory_diff,FM-AVBNU-SS-M,14,1
shopify,inventory_diff,FM-AVBNU-TP-2XL,102,110
shopify,inventory_diff,FM-AVBNU-TP-M,7,44
shopify,inventory_diff,FM-AVBNU-TP-S,5,29
shopify,inventory_diff,FM-AVBNU-TP-XL,55,69
shopify,inventory_diff,FM-AVBNU-TR-2XL,223,231
shopify,inventory_diff,FM-AVBNU-TR-L,108,133
shopify,inventory_diff,FM-AVBNU-TR-M,52,101
shopify,inventory_diff,FM-AVBNU-TR-S,90,111
shopify,inventory_diff,FM-AVBNU-TR-XL,237,249
shopify,inventory_diff,FM-AVBNU-XR-2XL,15,25
shopify,inventory_diff,FM-AVBNU-XR-M,5,21
shopify,inventory_diff,FM-AVBNU-XR-S,96,119
shopify,inventory_diff,FM-AVBNU-XR-XL,1,17
shopify,inventory_diff,FM-BCTR01-BN-KL,207,209
shopify,inventory_diff,FM-BCTR01-DE,1057,1132
shopify,inventory_diff,FM-BCTR01-DE-KL,232,235
shopify,inventory_diff,FM-BCTR01-TR,1142,1185
shopify,inventory_diff,FM-BCTR01-TR-KL,239,240
shopify,inventory_diff,FM-BCTR01-WG,1013,1031
shopify,inventory_diff,FM-BDTN01-BN,2084,2195
shopify,inventory_diff,FM-BDTN01-BN-KL,423,426
shopify,inventory_diff,FM-BDTN01-DE,1260,1403
shopify,inventory_diff,FM-BDTN01-TR,3390,3448
shopify,inventory_diff,FM-BDTN01-WG,1288,1307
shopify,inventory_diff,FM-BRGL01-DE-M,82,83
shopify,inventory_diff,FM-BRGL03-TR-L,167,168
shopify,inventory_diff,FM-BRGL04-TR-M,39,40
shopify,inventory_diff,FM-BRRB01-DE-L,18,28
shopify,inventory_diff,FM-BRRB01-DE-M,46,55
shopify,inventory_diff,FM-BRRB01-DG-M,16,24
shopify,inventory_diff,FM-BRRB01-DG-XL,12,16
shopify,inventory_diff,FM-BRRB01-LG-L,15,24
shopify,inventory_diff,FM-BRRB01-LG-XL,0,5
shopify,inventory_diff,FM-BRSB01-DE-L,67,73
shopify,inventory_diff,FM-BRSB01-DE-M,30,44
shopify,inventory_diff,FM-BRSB01-DE-XL,60,68
shopify,inventory_diff,FM-BRSB01-DG-L,30,35
shopify,inventory_diff,FM-BRSB01-DG-M,34,37
shopify,inventory_diff,FM-BRSB01-DG-S,28,39
shopify,inventory_diff,FM-BRSB01-LG-L,71,80
shopify,inventory_diff,FM-BRSB01-LG-M,0,16
shopify,inventory_diff,FM-BRSB01-LG-S,1,14
shopify,inventory_diff,FM-BRSB01-LG-XL,56,60
shopify,inventory_diff,FM-BRSL02-HP-S,92,93
shopify,inventory_diff,FM-BRSO02-DE-L,57,58
shopify,inventory_diff,FM-BRTT01-DG-L,139,179
shopify,inventory_diff,FM-BRTT01-DG-M,107,161
shopify,inventory_diff,FM-BRTT01-DG-S,4,46
shopify,inventory_diff,FM-BRZT01-LG-L,74,89
shopify,inventory_diff,FM-BRZT01-LG-XL,139,148
shopify,inventory_diff,FM-DNSP01-BN-L,339,127
shopify,inventory_diff,FM-DNSP01-BN-M,329,353
shopify,inventory_diff,FM-DNSP01-BN-S,275,279
shopify,inventory_diff,FM-DNSP01-TN-L,102,114
shopify,inventory_diff,FM-DNSP01-TN-M,99,126
shopify,inventory_diff,FM-DNSP01-TN-S,119,136
shopify,inventory_diff,FM-DNSP01-TN-XL,97,100
shopify,inventory_diff,FM-DNSP01-TR-L,54,53
shopify,inventory_diff,FM-DNSP01-TR-M,8,11
shopify,inventory_diff,FM-DNSP01-TR-S,-2,0
shopify,inventory_diff,FM-DNSP01-TR-XL,81,72
shopify,inventory_diff,FM-DNSP02-BN-L,91,96
shopify,inventory_diff,FM-DNSP02-BN-S,77,78
shopify,inventory_diff,FM-DNSP02-NN-L,283,267
shopify,inventory_diff,FM-DNSP02-NN-M,194,192
shopify,inventory_diff,FM-DNSP02-NN-XL,154,140
shopify,inventory_diff,FM-DNSP02-TN-L,28,30
shopify,inventory_diff,FM-DNSP02-TN-M,-2,0
shopify,inventory_diff,FM-DNSP02-TN-S,24,23
shopify,inventory_diff,FM-DNSP02-TN-XL,47,48
shopify,inventory_diff,FM-DNSP02-TR-L,62,51
shopify,inventory_diff,FM-DNSP02-TR-M,33,21
shopify,inventory_diff,FM-DNSP02-TR-S,24,19
shopify,inventory_diff,FM-DNSP02-TR-XL,63,53
shopify,inventory_diff,FM-DNTN01-BN-L,40,42
shopify,inventory_diff,FM-DNTN01-BN-M,18,23
shopify,inventory_diff,FM-DNTN01-BN-S,53,54
shopify,inventory_diff,FM-DNTN01-BN-XL,13,12
shopify,inventory_diff,FM-DNTN01-NB-L,130,132
shopify,inventory_diff,FM-DNTN01-NB-M,86,87
shopify,inventory_diff,FM-DNTN01-NB-XL,68,69
shopify,inventory_diff,FM-DNTN01-RB-L,331,339
shopify,inventory_diff,FM-DNTN01-RB-M,294,302
shopify,inventory_diff,FM-DNTN01-RB-S,213,215
shopify,inventory_diff,FM-DNTN01-RB-XL,262,266
shopify,inventory_diff,FM-DNTN01-TR-L,38,39
shopify,inventory_diff,FM-DPSP01-BN-L,87,103
shopify,inventory_diff,FM-DPSP01-BN-M,167,180
shopify,inventory_diff,FM-DPSP01-BN-S,45,50
shopify,inventory_diff,FM-DPSP01-BN-XL,0,10
shopify,inventory_diff,FM-DPSP01-NN-L,184,168
shopify,inventory_diff,FM-DPSP01-NN-M,137,120
shopify,inventory_diff,FM-DPSP01-NN-S,86,77
shopify,inventory_diff,FM-DPSP01-NN-XL,48,31
shopify,inventory_diff,FM-DPSP01-TN-L,90,92
shopify,inventory_diff,FM-DPSP01-TN-M,38,48
shopify,inventory_diff,FM-DPSP01-TN-S,20,22
shopify,inventory_diff,FM-DPSP01-TN-XL,56,58
shopify,inventory_diff,FM-DPSP01-TR-L,59,47
shopify,inventory_diff,FM-DPSP01-TR-M,60,43
shopify,inventory_diff,FM-DPSP01-TR-S,52,44
shopify,inventory_diff,FM-DPSP01-TR-XL,100,81
shopify,inventory_diff,FM-DSSP01-BN-L,18,1
shopify,inventory_diff,FM-DSSP01-BN-M,145,134
shopify,inventory_diff,FM-DSSP01-BN-S,169,160
shopify,inventory_diff,FM-DSSP01-BN-XL,34,22
shopify,inventory_diff,FM-DSSP01-NT-S,70,69
shopify,inventory_diff,FM-DSSP01-TR-L,135,120
shopify,inventory_diff,FM-DSSP01-TR-M,198,186
shopify,inventory_diff,FM-DSSP01-TR-S,217,210
shopify,inventory_diff,FM-DSSP01-TR-XL,101,92
shopify,inventory_diff,FM-DSSP02-BN-L,133,139
shopify,inventory_diff,FM-DSSP02-BN-M,171,178
shopify,inventory_diff,FM-DSSP02-BN-S,178,182
shopify,inventory_diff,FM-DSSP02-BN-XL,96,99
shopify,inventory_diff,FM-DSSP02-NN-L,140,150
shopify,inventory_diff,FM-DSSP02-NN-M,68,88
shopify,inventory_diff,FM-DSSP02-NN-S,161,169
shopify,inventory_diff,FM-DSSP02-NN-XL,98,108
shopify,inventory_diff,FM-DSSP02-TN-S,2,4
shopify,inventory_diff,FM-DSSP02-TR-L,30,27
shopify,inventory_diff,FM-DSSP02-TR-M,14,1
shopify,inventory_diff,FM-DSSP02-TR-S,39,41
shopify,inventory_diff,FM-DSSP02-TR-XL,38,27
shopify,inventory_diff,FM-DTNN01-DE-XL,286,287
shopify,inventory_diff,FM-DTNN01-DO-M,219,220
shopify,inventory_diff,FM-DXSP01-BN-L,26,10
shopify,inventory_diff,FM-DXSP01-BN-M,18,1
shopify,inventory_diff,FM-DXSP01-BN-S,29,23
shopify,inventory_diff,FM-DXSP01-BN-XL,76,57
shopify,inventory_diff,FM-DXSP01-NN-L,21,3
shopify,inventory_diff,FM-DXSP01-NN-M,20,1
shopify,inventory_diff,FM-DXSP01-NN-S,45,38
shopify,inventory_diff,FM-DXSP01-NN-XL,60,42
shopify,inventory_diff,FM-DXSP01-TN-L,-1,4
shopify,inventory_diff,FM-DXSP01-TN-M,0,1
shopify,inventory_diff,FM-DXSP01-TN-XL,68,72
shopify,inventory_diff,FM-DXSP01-TR-L,2,7
shopify,inventory_diff,FM-DXSP01-TR-XL,74,71
shopify,inventory_diff,FM-DXTN01-BN-L,58,63
shopify,inventory_diff,FM-DXTN01-BN-S,46,49
shopify,inventory_diff,FM-DXTN01-BN-XL,30,33
shopify,inventory_diff,FM-DXTN01-NB-L,48,49
shopify,inventory_diff,FM-DXTN01-NB-S,41,40
shopify,inventory_diff,FM-DXTN01-NB-XL,45,48
shopify,inventory_diff,FM-DXTN01-RB-S,93,96
shopify,inventory_diff,FM-DXTN01-RB-XL,5,13
shopify,inventory_diff,FM-DXTN01-TR-L,38,40
shopify,inventory_diff,FM-DXTN01-TR-M,22,25
shopify,inventory_diff,FM-DXTN01-TR-S,4,5
shopify,inventory_diff,FM-DXTN01-TR-XL,24,25
shopify,inventory_diff,FM-MNDN01-BN,845,879
shopify,inventory_diff,FM-MNDN01-BN-KL,585,589
shopify,inventory_diff,FM-MNDN01-DE,1026,1064
shopify,inventory_diff,FM-MNDN01-DE-KL,410,418
shopify,inventory_diff,FM-MNDN01-TR,1277,1355
shopify,inventory_diff,FM-MNDN01-TR-KL,424,438
shopify,inventory_diff,FM-QDCV01-DE-S,1,2
shopify,inventory_diff,FM-QDCV01-DE-XL,2,3
shopify,inventory_diff,FM-QDCV01-DG-2XL,119,120
shopify,inventory_diff,FM-QDCV01-DG-L,167,173
shopify,inventory_diff,FM-QDCV01-DG-XL,212,217
shopify,inventory_diff,FM-QDCV01-SA-2XL,99,101
shopify,inventory_diff,FM-QDCV01-SA-L,12,17
shopify,inventory_diff,FM-QDCV01-SA-XL,128,132
shopify,inventory_diff,FM-QDCV01-XX-2XL,163,164
shopify,inventory_diff,FM-QDCV01-XX-L,88,93
shopify,inventory_diff,FM-QDCV01-XX-S,-1,0
shopify,inventory_diff,FM-QDCV01-XX-XL,270,279
shopify,inventory_diff,FM-QDOL01-DE-L,625,820
shopify,inventory_diff,FM-QDOL01-DE-M,1065,1319
shopify,inventory_diff,FM-QDOL01-DE-S,299,439
shopify,inventory_diff,FM-QDOL01-DE-XL,423,506
shopify,inventory_diff,FM-QDOL01-DG-L,7,54
shopify,inventory_diff,FM-QDOL01-DG-XL,8,23
shopify,inventory_diff,FM-QDOL01-HP-M,6,7
shopify,inventory_diff,FM-QDOL01-LG-L,1,2
shopify,inventory_diff,FM-QDOL01-LG-XL,56,74
shopify,inventory_diff,FM-QDOL01-XP-M,69,70
shopify,inventory_diff,FM-QDOL01-XP-S,74,75
shopify,inventory_diff,FM-QDPK01-DE-S,8,27
shopify,inventory_diff,FM-QDPK01-DE-XL,0,12
shopify,inventory_diff,FM-QDPK01-DG-L,90,93
shopify,inventory_diff,FM-QDPK01-DG-M,0,8
shopify,inventory_diff,FM-QDPK01-DG-S,37,42
shopify,inventory_diff,FM-QDPK01-DG-XL,88,91
shopify,inventory_diff,FM-QDPK01-LG-M,68,77
shopify,inventory_diff,FM-QDPK01-LG-S,26,35
shopify,inventory_diff,FM-QDTT01-DG-L,22,38
shopify,inventory_diff,FM-QDTT01-DG-S,12,33
shopify,inventory_diff,FM-QDTT01-DG-XL,81,86
shopify,inventory_diff,FM-QDZT01-DE-2XL,402,215
shopify,inventory_diff,FM-QDZT01-DE-L,912,433
shopify,inventory_diff,FM-QDZT01-DE-M,1998,1198
shopify,inventory_diff,FM-QDZT01-DE-S,509,78
shopify,inventory_diff,FM-QDZT01-DE-XL,324,117
shopify,inventory_diff,FM-QDZT01-DG-2XL,106,109
shopify,inventory_diff,FM-QDZT01-DG-L,3,4
shopify,inventory_diff,FM-QDZT01-DG-M,4,5
shopify,inventory_diff,FM-QDZT01-DG-S,18,71
shopify,inventory_diff,FM-QDZT01-DG-XL,60,80
shopify,inventory_diff,FM-QDZT01-LG-2XL,128,130
shopify,inventory_diff,FM-QDZT01-LG-L,1,9
shopify,inventory_diff,FM-QDZT01-LG-M,1,3
shopify,inventory_diff,FM-QDZT01-LG-S,1,2
shopify,inventory_diff,FM-QDZT01-LG-XL,51,54
shopify,inventory_diff,FM-QDZT01-RG-2XL,116,118
shopify,inventory_diff,FM-QDZT01-RG-L,11,35
shopify,inventory_diff,FM-QDZT01-RG-XL,13,19
shopify,inventory_diff,FM-QDZT01-SA-2XL,255,257
shopify,inventory_diff,FM-QDZT01-SA-L,182,193
shopify,inventory_diff,FM-QDZT01-SA-M,117,129
shopify,inventory_diff,FM-QDZT01-SA-S,111,124
shopify,inventory_diff,FM-QDZT01-SA-XL,277,278
shopify,inventory_diff,FM-QDZT01-XX-2XL,189,194
shopify,inventory_diff,FM-QDZT01-XX-L,68,80
shopify,inventory_diff,FM-QDZT01-XX-M,-1,0
shopify,inventory_diff,FM-QDZT01-XX-S,35,44
shopify,inventory_diff,FM-QDZT01-XX-XL,178,181
shopify,inventory_diff,FM-QLKV01-P8-L,57.5,0
shopify,inventory_diff,FM-QLKV01-P8-S,73.5,0
shopify,inventory_diff,FM-QLTG01-DE-2XL,9,66
shopify,inventory_diff,FM-QLTG01-DE-L,285,404
shopify,inventory_diff,FM-QLTG01-DE-M,236,364
shopify,inventory_diff,FM-QLTG01-DE-S,409,460
shopify,inventory_diff,FM-QLTG01-DE-XL,155,235
shopify,inventory_diff,FM-QLTG01-DG-2XL,40,45
shopify,inventory_diff,FM-QLTG01-DG-L,0,1
shopify,inventory_diff,FM-QLTG01-DG-M,23,36
shopify,inventory_diff,FM-QLTG01-DG-S,85,92
shopify,inventory_diff,FM-QLTG01-DG-XL,7,19
shopify,inventory_diff,FM-QLTG01-LG-2XL,145,148
shopify,inventory_diff,FM-QLTG01-LG-L,13,17
shopify,inventory_diff,FM-QLTG01-LG-M,17,34
shopify,inventory_diff,FM-QLTG01-LG-S,6,12
shopify,inventory_diff,FM-QLTG01-LG-XL,98,104
shopify,inventory_diff,FM-QLTG01-RG-2XL,91,92
shopify,inventory_diff,FM-QLTG01-RG-L,30,54
shopify,inventory_diff,FM-QLTG01-RG-M,0,7
shopify,inventory_diff,FM-QLTG01-RG-S,345,351
shopify,inventory_diff,FM-QLTG01-RG-XL,154,160
shopify,inventory_diff,FM-QLTG01-SA-M,24,49
shopify,inventory_diff,FM-QLTG01-SA-S,140,145
shopify,inventory_diff,FM-QLTG01-SA-XL,0,11
shopify,inventory_diff,FM-QLTG01-XX-2XL,37,38
shopify,inventory_diff,FM-QLTG01-XX-L,7,15
shopify,inventory_diff,FM-QLTG01-XX-M,-1,4
shopify,inventory_diff,FM-QLTG01-XX-S,67,68
shopify,inventory_diff,FM-QLTG01-XX-XL,122,126
shopify,inventory_diff,FM-QNGL01-DE-L,88,0
shopify,inventory_diff,FM-QNGL01-DE-M,208,130
shopify,inventory_diff,FM-QNGL01-DE-S,83,48
shopify,inventory_diff,FM-QNGL01-DE-XL,140,67
shopify,inventory_diff,FM-QNSL01-HP-S,209,210
shopify,inventory_diff,FM-QNTG01-DE-L,1,40
shopify,inventory_diff,FM-QNTG01-DE-M,98,39
shopify,inventory_diff,FM-QNTG01-DE-S,54,127
shopify,inventory_diff,FM-QNTG01-DE-XL,127,177
shopify,inventory_diff,FM-QNTG01-DG-L,17,41
shopify,inventory_diff,FM-QNTG01-DG-S,5,24
shopify,inventory_diff,FM-QNTG01-DG-XL,59,62
shopify,inventory_diff,FM-QNTG01-LG-L,61,71
shopify,inventory_diff,FM-QNTG01-LG-M,1,11
shopify,inventory_diff,FM-QNTG01-LG-S,80,92
shopify,inventory_diff,FM-QNTG01-LG-XL,133,139
shopify,inventory_diff,FM-QNTG01-RG-L,82,85
shopify,inventory_diff,FM-QNTG01-RG-M,22,44
shopify,inventory_diff,FM-QNTG01-RG-S,101,105
shopify,inventory_diff,FM-QNTG01-RG-XL,91,92
shopify,inventory_diff,FM-QSGL01-TR-L,157,158
shopify,inventory_diff,FM-VSFM01-BN-L,322,342
shopify,inventory_diff,FM-VSFM01-BN-M,158,174
shopify,inventory_diff,FM-VSFM01-BN-S,172,186
shopify,inventory_diff,FM-VSFM01-BN-XL,190,197
shopify,inventory_diff,FM-VSFM01-DE-L,583,604
shopify,inventory_diff,FM-VSFM01-DE-M,465,493
shopify,inventory_diff,FM-VSFM01-DE-S,250,262
shopify,inventory_diff,FM-VSFM01-DE-XL,383,398
shopify,inventory_diff,FM-VSFM01-TR-L,496,516
shopify,inventory_diff,FM-VSFM01-TR-M,482,510
shopify,inventory_diff,FM-VSFM01-TR-S,206,231
shopify,inventory_diff,FM-VSFM01-TR-XL,205,213
shopify,inventory_diff,FM-VSFM01-WG-L,95,97
shopify,inventory_diff,FM-VSFM01-WG-M,91,93
shopify,inventory_diff,FM-VSFM01-WG-S,223,224
shopify,inventory_diff,FM-VSFM01-WG-XL,117,118
shopify,inventory_diff,FM-VTHN01-BN-M,74,76
shopify,inventory_diff,FM-VTHN01-BN-XL,40,42
shopify,inventory_diff,FM-VTHN01-NB-L,33,37
shopify,inventory_diff,FM-VTHN01-NB-M,22,23
shopify,inventory_diff,FM-VTHN01-NB-S,55,54
shopify,inventory_diff,FM-VTHN01-NB-XL,20,22
shopify,inventory_diff,FM-VTHN01-RB-L,73,74
shopify,inventory_diff,FM-VTHN01-RB-XL,27,26
shopify,inventory_diff,FM-VTHN01-TR-L,59,56
shopify,inventory_diff,FM-VTHN01-TR-M,59,63
shopify,inventory_diff,FM-VTNN01-NB-L,73,74
shopify,inventory_diff,FM-VTNN01-NB-M,84,86
shopify,inventory_diff,FM-VTNN01-NB-S,68,69
shopify,inventory_diff,FM-VTNN01-NB-XL,71,73
shopify,inventory_diff,FM-VTNN01-RB-M,78,84
shopify,inventory_diff,FM-VTNN01-RB-S,28,27
shopify,inventory_diff,FM-VTNN01-RB-XL,25,26
shopify,inventory_diff,FM-VTNN01-TR-S,37,41
shopify,inventory_diff,FM-VTNN02-TR-L,113,118
shopify,inventory_diff,FM-VTNN02-TR-M,17,19
shopify,inventory_diff,FM-VTNN02-TR-S,10,14
shopify,inventory_diff,FM-VTNN02-TR-XL,53,54
shopify,inventory_diff,FM-VVSP01-NT-L,167,181
shopify,inventory_diff,FM-VVSP01-NT-M,18,23
shopify,inventory_diff,FM-VVSP01-NT-S,53,54
shopify,inventory_diff,FM-VVSP01-NT-XL,159,170
shopify,inventory_diff,FM-VVSP01-TN-L,163,162
shopify,inventory_diff,FM-VVSP01-TN-M,45,47
shopify,inventory_diff,FM-VVSP01-TN-S,92,94
shopify,inventory_diff,FM-VVSP01-TR-L,205,207
shopify,inventory_diff,FM-VVSP01-TR-S,136,139
shopify,inventory_diff,FM-VVSP01-TR-XL,195,197
shopify,inventory_diff,FM-VXLN01-BN-L,352,362
shopify,inventory_diff,FM-VXLN01-BN-M,874,892
shopify,inventory_diff,FM-VXLN01-BN-S,246,249
shopify,inventory_diff,FM-VXLN01-BN-XL,440,448
shopify,inventory_diff,FM-VXLN01-DE-L,396,416
shopify,inventory_diff,FM-VXLN01-DE-M,397,401
shopify,inventory_diff,FM-VXLN01-DE-S,265,272
shopify,inventory_diff,FM-VXLN01-DE-XL,226,233
shopify,inventory_diff,FM-VXLN01-TR-L,629,647
shopify,inventory_diff,FM-VXLN01-TR-M,528,559
shopify,inventory_diff,FM-VXLN01-TR-S,468,488
shopify,inventory_diff,FM-VXLN01-TR-XL,215,225
shopify,inventory_diff,FM-VXLN01-WG-L,53,55
shopify,inventory_diff,FM-VXLN01-WG-M,44,48
shopify,inventory_diff,FM-VXLN01-WG-XL,80,87
shopify,inventory_diff,FM-VXSP01-BN-M,77,81
shopify,inventory_diff,FM-VXSP01-BN-XL,9,10
shopify,inventory_diff,FM-VXSP01-NT-L,125,134
shopify,inventory_diff,FM-VXSP01-NT-M,248,255
shopify,inventory_diff,FM-VXSP01-NT-S,26,29
shopify,inventory_diff,FM-VXSP01-NT-XL,67,69
shopify,inventory_diff,FM-VXSP01-TN-L,113,78
shopify,inventory_diff,FM-VXSP01-TN-M,42,81
shopify,inventory_diff,FM-VXSP01-TN-S,42,71
shopify,inventory_diff,FM-VXSP01-TN-XL,118,53
shopify,inventory_diff,FM-VXSP01-TR-L,61,0
shopify,inventory_diff,FM-VXSP01-TR-M,47,0
shopify,inventory_diff,FM-VXSP01-TR-S,73,56
shopify,inventory_diff,FM-VXSP01-TR-XL,124,10
shopify,inventory_diff,FM-VXSP02-BN-L,169,172
shopify,inventory_diff,FM-VXSP02-BN-M,54,58
shopify,inventory_diff,FM-VXSP02-BN-S,143,147
shopify,inventory_diff,FM-VXSP02-NN-L,41,45
shopify,inventory_diff,FM-VXSP02-NN-M,0,4
shopify,inventory_diff,FM-VXSP02-NN-S,107,108
shopify,inventory_diff,FM-VXSP02-NN-XL,44,47
shopify,inventory_diff,FM-VXSP02-TR-L,67,69
shopify,inventory_diff,FM-VXSP02-TR-M,83,88
shopify,inventory_diff,FM-VXSP02-TR-S,104,108
shopify,inventory_diff,FM-VXSP02-TR-XL,88,91
shopify,inventory_diff,VOFM01-BN,717,720
shopify,inventory_diff,VOFM01-DE,259,263
shopify,inventory_diff,VOFM01-SP,517,520
shopify,inventory_diff,VOFM01-TR,3782,3785
shopify,missing_on_platform,2OGFB,0,
shopify,missing_on_platform,3849760586312,0,
shopify,missing_on_platform,4920115290655,0,
shopify,missing_on_platform,5090180218452,1510,
shopify,missing_on_platform,5258160311452,0,
shopify,missing_on_platform,5885134291173,0,
shopify,missing_on_platform,6385085268599,0,
shopify,missing_on_platform,6887242329188,0,
shopify,missing_on_platform,6953920575488,0,
shopify,missing_on_platform,7128355215665,0,
shopify,missing_on_platform,7551084885582,1680,
shopify,missing_on_platform,8082952418413,1350,
shopify,missing_on_platform,8315965877563,0,
shopify,missing_on_platform,8401229380494,1190,
shopify,missing_on_platform,9056198404947,0,
shopify,missing_on_platform,9426723139086,2340,
shopify,missing_on_platform,ATDRL-D-2XL,0,
shopify,missing_on_platform,ATDRL-D-3XL,0,
shopify,missing_on_platform,ATDRL-D-L,50,
shopify,missing_on_platform,ATDRL-D-M,0,
shopify,missing_on_platform,ATDRL-D-S,0,
shopify,missing_on_platform,ATDRL-D-XL,50,
shopify,missing_on_platform,ATSN01-SG-3XL,0,
shopify,missing_on_platform,BOX,0,
shopify,missing_on_platform,CARTON,0,
shopify,missing_on_platform,FM-ABLN01-CR-2XL,0,
shopify,missing_on_platform,FM-ABLN01-CR-L,46,
shopify,missing_on_platform,FM-ABLN01-CR-M,15,
shopify,missing_on_platform,FM-ABLN01-CR-S,22,
shopify,missing_on_platform,FM-ABLN01-CR-XL,19,
shopify,missing_on_platform,FM-ABLN01-DE-2XL,0,
shopify,missing_on_platform,FM-ABLN01-SA-2XL,0,
shopify,missing_on_platform,FM-ABLN01-SA-L,0,
shopify,missing_on_platform,FM-ABLN01-SA-M,0,
shopify,missing_on_platform,FM-ABLN01-SA-S,0,
shopify,missing_on_platform,FM-ABLN01-SA-XL,0,
shopify,missing_on_platform,FM-ABLN01-TR-2XL,0,
shopify,missing_on_platform,FM-ABLN02-CR-2XL,0,
shopify,missing_on_platform,FM-ABLN02-CR-L,0,
shopify,missing_on_platform,FM-ABLN02-CR-M,0,
shopify,missing_on_platform,FM-ABLN02-CR-S,0,
shopify,missing_on_platform,FM-ABLN02-CR-XL,0,
shopify,missing_on_platform,FM-ABLN02-DE-2XL,0,
shopify,missing_on_platform,FM-ABLN02-DE-L,0,
shopify,missing_on_platform,FM-ABLN02-DE-M,0,
shopify,missing_on_platform,FM-ABLN02-DE-S,0,
shopify,missing_on_platform,FM-ABLN02-DE-XL,0,
shopify,missing_on_platform,FM-ABLN02-TR-2XL,0,
shopify,missing_on_platform,FM-ABLN02-TR-L,0,
shopify,missing_on_platform,FM-ABLN02-TR-M,0,
shopify,missing_on_platform,FM-ABLN02-TR-S,-1,
shopify,missing_on_platform,FM-ABLN02-TR-XL,0,
shopify,missing_on_platform,FM-ABTD01-DE-2XL,0,
shopify,missing_on_platform,FM-ABTD01-DE-L,0,
shopify,missing_on_platform,FM-ABTD01-DE-M,0,
shopify,missing_on_platform,FM-ABTD01-DE-S,0,
shopify,missing_on_platform,FM-ABTD01-DE-XL,0,
shopify,missing_on_platform,FM-ABTD01-TR-2XL,0,
shopify,missing_on_platform,FM-ABTD01-TR-L,0,
shopify,missing_on_platform,FM-ABTD01-TR-S,0,
shopify,missing_on_platform,FM-ABTD01-TR-XL,0,
shopify,missing_on_platform,FM-ABTD01-XA-2XL,0,
shopify,missing_on_platform,FM-ABTD01-XA-L,105,
shopify,missing_on_platform,FM-ABTD01-XA-M,60,
shopify,missing_on_platform,FM-ABTD01-XA-S,58,
shopify,missing_on_platform,FM-ABTD01-XA-XL,4,
shopify,missing_on_platform,FM-ABTD01-XB-L,1,
shopify,missing_on_platform,FM-ABTD02-DE-2XL,0,
shopify,missing_on_platform,FM-ABTD02-DE-3XL,3,
shopify,missing_on_platform,FM-ABTD02-DE-L,0,
shopify,missing_on_platform,FM-ABTD02-DE-M,0,
shopify,missing_on_platform,FM-ABTD02-DE-XL,1,
shopify,missing_on_platform,FM-ABTD02-SG-2XL,9,
shopify,missing_on_platform,FM-ABTD02-SG-3XL,0,
shopify,missing_on_platform,FM-ABTD02-SG-L,0,
shopify,missing_on_platform,FM-ABTD02-SG-M,0,
shopify,missing_on_platform,FM-ABTD02-SG-XL,3,
shopify,missing_on_platform,FM-ABTD02-ST-2XL,3,
shopify,missing_on_platform,FM-ABTD02-ST-3XL,17,
shopify,missing_on_platform,FM-ABTD02-ST-L,2,
shopify,missing_on_platform,FM-ABTD02-ST-M,1,
shopify,missing_on_platform,FM-ABTD02-ST-XL,0,
shopify,missing_on_platform,FM-ABTD02-XN-2XL,0,
shopify,missing_on_platform,FM-ABTD02-XN-3XL,0,
shopify,missing_on_platform,FM-ABTD02-XN-L,3,
shopify,missing_on_platform,FM-ABTD02-XN-M,0,
shopify,missing_on_platform,FM-ABTD02-XN-XL,0,
shopify,missing_on_platform,FM-ABTN02-DE-2XL,0,
shopify,missing_on_platform,FM-ABTN02-DE-L,0,
shopify,missing_on_platform,FM-ABTN02-DE-M,0,
shopify,missing_on_platform,FM-ABTN02-DE-XL,0,
shopify,missing_on_platform,FM-ABTN02-KK-2XL,0,
shopify,missing_on_platform,FM-ABTN02-KK-3XL,0,
shopify,missing_on_platform,FM-ABTN02-KK-L,0,
shopify,missing_on_platform,FM-ABTN02-KK-M,0,
shopify,missing_on_platform,FM-ABTN02-KK-XL,0,
shopify,missing_on_platform,FM-ABTN02-SG-2XL,0,
shopify,missing_on_platform,FM-ABTN02-SG-3XL,0,
shopify,missing_on_platform,FM-ABTN02-SG-L,0,
shopify,missing_on_platform,FM-ABTN02-SG-M,0,
shopify,missing_on_platform,FM-ABTN02-SG-XL,0,
shopify,missing_on_platform,FM-ABTN02-SS-2XL,0,
shopify,missing_on_platform,FM-ABTN02-SS-L,0,
shopify,missing_on_platform,FM-ABTN02-SS-M,0,
shopify,missing_on_platform,FM-ABTN02-SS-XL,0,
shopify,missing_on_platform,FM-ABTN02-XN-2XL,0,
shopify,missing_on_platform,FM-ABTN02-XN-3XL,0,
shopify,missing_on_platform,FM-ABTN02-XN-L,0,
shopify,missing_on_platform,FM-ABTN02-XN-M,0,
shopify,missing_on_platform,FM-ABTN02-XN-XL,0,
shopify,missing_on_platform,FM-AC1DC-IV-2XL,0,
shopify,missing_on_platform,FM-AC1DC-IV-L,0,
shopify,missing_on_platform,FM-AC1DC-IV-M,0,
shopify,missing_on_platform,FM-AC1DC-IV-S,0,
shopify,missing_on_platform,FM-AC1DC-IV-XL,0,
shopify,missing_on_platform,FM-AC1DC-SA-2XL,0,
shopify,missing_on_platform,FM-AC1DC-SA-L,0,
shopify,missing_on_platform,FM-AC1DC-SA-M,0,
shopify,missing_on_platform,FM-AC1DC-SA-S,0,
shopify,missing_on_platform,FM-AC1DC-SA-XL,0,
shopify,missing_on_platform,FM-AC1DC-XX-2XL,0,
shopify,missing_on_platform,FM-AC1DC-XX-L,0,
shopify,missing_on_platform,FM-AC1DC-XX-M,0,
shopify,missing_on_platform,FM-AC1DC-XX-S,0,
shopify,missing_on_platform,FM-AC1DC-XX-XL,0,
shopify,missing_on_platform,FM-ACCV01-BN-2XL,0,
shopify,missing_on_platform,FM-ACCV01-BN-L,0,
shopify,missing_on_platform,FM-ACCV01-BN-M,0,
shopify,missing_on_platform,FM-ACCV01-BN-S,0,
shopify,missing_on_platform,FM-ACCV01-BN-XL,0,
shopify,missing_on_platform,FM-ACCV01-MB-2XL,74,
shopify,missing_on_platform,FM-ACCV01-MB-L,0,
shopify,missing_on_platform,FM-ACCV01-MB-M,0,
shopify,missing_on_platform,FM-ACCV01-MB-S,264,
shopify,missing_on_platform,FM-ACCV01-MB-XL,188,
shopify,missing_on_platform,FM-ACCV01-MR-2XL,0,
shopify,missing_on_platform,FM-ACCV01-MR-L,0,
shopify,missing_on_platform,FM-ACCV01-MR-M,0,
shopify,missing_on_platform,FM-ACCV01-MR-S,0,
shopify,missing_on_platform,FM-ACCV01-MR-XL,0,
shopify,missing_on_platform,FM-ACCVKM-BB-2XL,0,
shopify,missing_on_platform,FM-ACCVKM-BB-L,0,
shopify,missing_on_platform,FM-ACCVKM-BB-M,0,
shopify,missing_on_platform,FM-ACCVKM-BB-S,0,
shopify,missing_on_platform,FM-ACCVKM-BB-XL,0,
shopify,missing_on_platform,FM-ACCVKM-XX-2XL,0,
shopify,missing_on_platform,FM-ACCVKM-XX-L,0,
shopify,missing_on_platform,FM-ACCVKM-XX-M,0,
shopify,missing_on_platform,FM-ACCVKM-XX-S,0,
shopify,missing_on_platform,FM-ACCVKM-XX-XL,0,
shopify,missing_on_platform,FM-ACDB01-BN-2XL,0,
shopify,missing_on_platform,FM-ACDB01-BN-L,42,
shopify,missing_on_platform,FM-ACDB01-BN-M,24,
shopify,missing_on_platform,FM-ACDB01-BN-S,33,
shopify,missing_on_platform,FM-ACDB01-BN-XL,31,
shopify,missing_on_platform,FM-ACDB01-DE-2XL,0,
shopify,missing_on_platform,FM-ACDB01-FR-2XL,0,
shopify,missing_on_platform,FM-ACDB01-FR-L,2,
shopify,missing_on_platform,FM-ACDB01-FR-M,0,
shopify,missing_on_platform,FM-ACDB01-FR-S,3,
shopify,missing_on_platform,FM-ACDB01-FR-XL,3,
shopify,missing_on_platform,FM-ACDB01-LG-2XL,0,
shopify,missing_on_platform,FM-ACDB01-LG-L,25,
shopify,missing_on_platform,FM-ACDB01-LG-M,9,
shopify,missing_on_platform,FM-ACDB01-LG-S,0,
shopify,missing_on_platform,FM-ACDB01-LG-XL,26,
shopify,missing_on_platform,FM-ACDB01-MB-2XL,0,
shopify,missing_on_platform,FM-ACDB01-MB-L,0,
shopify,missing_on_platform,FM-ACDB01-MB-M,0,
shopify,missing_on_platform,FM-ACDB01-MB-S,0,
shopify,missing_on_platform,FM-ACDB01-MB-XL,0,
shopify,missing_on_platform,FM-ACDB01-MR-2XL,0,
shopify,missing_on_platform,FM-ACDB01-MR-L,0,
shopify,missing_on_platform,FM-ACDB01-MR-M,0,
shopify,missing_on_platform,FM-ACDB01-MR-S,3,
shopify,missing_on_platform,FM-ACDB01-MR-XL,18,
shopify,missing_on_platform,FM-ACDB01-TR-2XL,0,
shopify,missing_on_platform,FM-ACNB01-AB-2XL,0,
shopify,missing_on_platform,FM-ACNB01-DE-2XL,0,
shopify,missing_on_platform,FM-ACNB01-DG-2XL,0,
shopify,missing_on_platform,FM-ACNB01-FR-2XL,0,
shopify,missing_on_platform,FM-ACNB01-FR-L,18,
shopify,missing_on_platform,FM-ACNB01-FR-M,4,
shopify,missing_on_platform,FM-ACNB01-FR-S,19,
shopify,missing_on_platform,FM-ACNB01-FR-XL,18,
shopify,missing_on_platform,FM-ACNB01-LG-2XL,0,
shopify,missing_on_platform,FM-ACNB01-TR-2XL,0,
shopify,missing_on_platform,FM-ACNB01-XX-2XL,0,
shopify,missing_on_platform,FM-ACNB01-XX-L,0,
shopify,missing_on_platform,FM-ACNB01-XX-M,0,
shopify,missing_on_platform,FM-ACNB01-XX-S,14,
shopify,missing_on_platform,FM-ACNB01-XX-XL,31,
shopify,missing_on_platform,FM-ACRT01-DE-L,2,
shopify,missing_on_platform,FM-ACRT01-DE-M,1,
shopify,missing_on_platform,FM-ACRT01-DE-S,0,
shopify,missing_on_platform,FM-ACRT01-DE-XL,0,
shopify,missing_on_platform,FM-ACRT01-HP-L,0,
shopify,missing_on_platform,FM-ACRT01-HP-M,0,
shopify,missing_on_platform,FM-ACRT01-HP-S,0,
shopify,missing_on_platform,FM-ACRT01-HP-XL,0,
shopify,missing_on_platform,FM-ACRT01-HP-XS,0,
shopify,missing_on_platform,FM-ACRT01-MB-L,0,
shopify,missing_on_platform,FM-ACRT01-MB-M,0,
shopify,missing_on_platform,FM-ACRT01-MB-S,0,
shopify,missing_on_platform,FM-ACRT01-MB-XL,0,
shopify,missing_on_platform,FM-ACRT01-MR-L,0,
shopify,missing_on_platform,FM-ACRT01-MR-M,0,
shopify,missing_on_platform,FM-ACRT01-MR-S,0,
shopify,missing_on_platform,FM-ACRT01-MR-XL,0,
shopify,missing_on_platform,FM-ACRT01-XN-L,0,
shopify,missing_on_platform,FM-ACRT01-XN-M,0,
shopify,missing_on_platform,FM-ACRT01-XN-S,0,
shopify,missing_on_platform,FM-ACRT01-XN-XL,0,
shopify,missing_on_platform,FM-ACVN01-DT-L,0,
shopify,missing_on_platform,FM-ACVN01-DT-M,0,
shopify,missing_on_platform,FM-ACVN01-DT-S,0,
shopify,missing_on_platform,FM-ACVN01-DT-XL,0,
shopify,missing_on_platform,FM-ACVN01-NT-L,1,
shopify,missing_on_platform,FM-ACVN01-NT-M,0,
shopify,missing_on_platform,FM-ACVN01-NT-S,0,
shopify,missing_on_platform,FM-ACVN01-NT-XL,0,
shopify,missing_on_platform,FM-ACVN01-TN-L,0,
shopify,missing_on_platform,FM-ACVN01-TN-M,0,
shopify,missing_on_platform,FM-ACVN01-TN-S,0,
shopify,missing_on_platform,FM-ACVN01-TN-XL,0,
shopify,missing_on_platform,FM-AHZD01-BN-L,9,
shopify,missing_on_platform,FM-AHZD01-BN-M,0,
shopify,missing_on_platform,FM-AHZD01-BN-S,43,
shopify,missing_on_platform,FM-AHZD01-BN-XL,37,
shopify,missing_on_platform,FM-AJK2S-BE-L,1,
shopify,missing_on_platform,FM-AJK2S-BE-M,1,
shopify,missing_on_platform,FM-AJK2S-BE-S,2,
shopify,missing_on_platform,FM-AJK2S-BE-XL,0,
shopify,missing_on_platform,FM-AJK2S-DE-L,1,
shopify,missing_on_platform,FM-AJK2S-DE-M,0,
shopify,missing_on_platform,FM-AJK2S-DE-S,1,
shopify,missing_on_platform,FM-AJK2S-DE-XL,1,
shopify,missing_on_platform,FM-AJK2S-XM-L,1,
shopify,missing_on_platform,FM-AJK2S-XM-M,0,
shopify,missing_on_platform,FM-AJK2S-XM-S,1,
shopify,missing_on_platform,FM-AJK2S-XM-XL,0,
shopify,missing_on_platform,FM-AKCT01-BE-1,0,
shopify,missing_on_platform,FM-AKCT01-BE-2,0,
shopify,missing_on_platform,FM-AKCT01-DE-1,0,
shopify,missing_on_platform,FM-AKCT01-DE-2,0,
shopify,missing_on_platform,FM-AKCT01-DE-M,0,
shopify,missing_on_platform,FM-AKCT01-DE-S,0,
shopify,missing_on_platform,FM-AKCT01-TR-M,0,
shopify,missing_on_platform,FM-AKCT01-TR-S,0,
shopify,missing_on_platform,FM-AKCT02-DE-1,0,
shopify,missing_on_platform,FM-AKCT02-DE-2,0,
shopify,missing_on_platform,FM-AKCT02-TR-1,0,
shopify,missing_on_platform,FM-AKCT02-TR-2,0,
shopify,missing_on_platform,FM-ALGT01-DA-32B-02,45,
shopify,missing_on_platform,FM-ALGT01-DA-32C-02,46.5,
shopify,missing_on_platform,FM-ALGT01-DA-34A-02,45.5,
shopify,missing_on_platform,FM-ALGT01-DA-34B-02,41.5,
shopify,missing_on_platform,FM-ALGT01-DA-34C-02,57.5,
shopify,missing_on_platform,FM-ALGT01-DA-36A-02,40,
shopify,missing_on_platform,FM-ALGT01-DA-36B-02,41,
shopify,missing_on_platform,FM-ALGT01-DE-32B-02,32.5,
shopify,missing_on_platform,FM-ALGT01-DE-32C-02,52,
shopify,missing_on_platform,FM-ALGT01-DE-34A-02,50,
shopify,missing_on_platform,FM-ALGT01-DE-34B-02,41.5,
shopify,missing_on_platform,FM-ALGT01-DE-34C-02,53,
shopify,missing_on_platform,FM-ALGT01-DE-36A-02,45.5,
shopify,missing_on_platform,FM-ALGT01-DE-36B-02,46,
shopify,missing_on_platform,FM-ALGT01-TR-32B-02,17,
shopify,missing_on_platform,FM-ALGT01-TR-32C-02,26.5,
shopify,missing_on_platform,FM-ALGT01-TR-34A-02,37.5,
shopify,missing_on_platform,FM-ALGT01-TR-34B-02,35.5,
shopify,missing_on_platform,FM-ALGT01-TR-34C-02,38,
shopify,missing_on_platform,FM-ALGT01-TR-36A-02,7,
shopify,missing_on_platform,FM-ALGT01-TR-36B-02,23.5,
shopify,missing_on_platform,FM-ALGT01-XM-32B-02,9,
shopify,missing_on_platform,FM-ALGT01-XM-32C-02,16.5,
shopify,missing_on_platform,FM-ALGT01-XM-34A-02,13.5,
shopify,missing_on_platform,FM-ALGT01-XM-34B-02,18.5,
shopify,missing_on_platform,FM-ALGT01-XM-34C-02,21,
shopify,missing_on_platform,FM-ALGT01-XM-36A-02,0,
shopify,missing_on_platform,FM-ALGT01-XM-36B-02,5,
shopify,missing_on_platform,FM-ALND01-DA-L,0,
shopify,missing_on_platform,FM-ALND01-DA-M,0,
shopify,missing_on_platform,FM-ALND01-DA-S,0,
shopify,missing_on_platform,FM-ALND01-DE-L,0,
shopify,missing_on_platform,FM-ALND01-DE-M,0,
shopify,missing_on_platform,FM-ALND01-DE-S,0,
shopify,missing_on_platform,FM-ALND01-TR-L,0,
shopify,missing_on_platform,FM-ALND01-TR-M,0,
shopify,missing_on_platform,FM-ALND01-TR-S,0,
shopify,missing_on_platform,FM-ALND01-XM-L,0,
shopify,missing_on_platform,FM-ALND01-XM-M,0,
shopify,missing_on_platform,FM-ALND01-XM-S,0,
shopify,missing_on_platform,FM-ANFR-DE-2XL,0,
shopify,missing_on_platform,FM-ANFR-DE-L,0,
shopify,missing_on_platform,FM-ANFR-DE-M,0,
shopify,missing_on_platform,FM-ANFR-DE-S,0,
shopify,missing_on_platform,FM-ANFR-DE-XL,0,
shopify,missing_on_platform,FM-ANFR-SG-2XL,0,
shopify,missing_on_platform,FM-ANFR-SG-L,0,
shopify,missing_on_platform,FM-ANFR-SG-M,0,
shopify,missing_on_platform,FM-ANFR-SG-S,0,
shopify,missing_on_platform,FM-ANFR-SG-XL,0,
shopify,missing_on_platform,FM-ANFR-SS-2XL,0,
shopify,missing_on_platform,FM-ANFR-SS-L,0,
shopify,missing_on_platform,FM-ANFR-SS-M,0,
shopify,missing_on_platform,FM-ANFR-SS-S,0,
shopify,missing_on_platform,FM-ANFR-SS-XL,0,
shopify,missing_on_platform,FM-ANTD-DE-2XL,0,
shopify,missing_on_platform,FM-ANTD-DE-L,0,
shopify,missing_on_platform,FM-ANTD-DE-M,0,
shopify,missing_on_platform,FM-ANTD-DE-S,0,
shopify,missing_on_platform,FM-ANTD-DE-XL,0,
shopify,missing_on_platform,FM-ANTD-SG-2XL,0,
shopify,missing_on_platform,FM-ANTD-SG-L,0,
shopify,missing_on_platform,FM-ANTD-SG-M,0,
shopify,missing_on_platform,FM-ANTD-SG-S,0,
shopify,missing_on_platform,FM-ANTD-SG-XL,0,
shopify,missing_on_platform,FM-ANTD-SS-2XL,0,
shopify,missing_on_platform,FM-ANTD-SS-L,0,
shopify,missing_on_platform,FM-ANTD-SS-M,0,
shopify,missing_on_platform,FM-ANTD-SS-S,0,
shopify,missing_on_platform,FM-ANTD-SS-XL,0,
shopify,missing_on_platform,FM-AOTD01-DE-2XL,0,
shopify,missing_on_platform,FM-AOTD01-DE-3XL,0,
shopify,missing_on_platform,FM-AOTD01-DE-L,0,
shopify,missing_on_platform,FM-AOTD01-DE-M,0,
shopify,missing_on_platform,FM-AOTD01-DE-XL,0,
shopify,missing_on_platform,FM-AOTD01-KK-2XL,6,
shopify,missing_on_platform,FM-AOTD01-KK-3XL,12,
shopify,missing_on_platform,FM-AOTD01-KK-L,0,
shopify,missing_on_platform,FM-AOTD01-KK-M,0,
shopify,missing_on_platform,FM-AOTD01-KK-XL,2,
shopify,missing_on_platform,FM-AOTD01-SG-2XL,0,
shopify,missing_on_platform,FM-AOTD01-SG-3XL,0,
shopify,missing_on_platform,FM-AOTD01-SG-L,0,
shopify,missing_on_platform,FM-AOTD01-SG-M,0,
shopify,missing_on_platform,FM-AOTD01-SG-XL,0,
shopify,missing_on_platform,FM-AOTD01-XN-2XL,3,
shopify,missing_on_platform,FM-AOTD01-XN-3XL,3,
shopify,missing_on_platform,FM-AOTD01-XN-L,0,
shopify,missing_on_platform,FM-AOTD01-XN-M,0,
shopify,missing_on_platform,FM-AOTD01-XN-XL,0,
shopify,missing_on_platform,FM-AOTN01-DE-2XL,0,
shopify,missing_on_platform,FM-AOTN01-DE-3XL,0,
shopify,missing_on_platform,FM-AOTN01-DE-L,0,
shopify,missing_on_platform,FM-AOTN01-DE-M,0,
shopify,missing_on_platform,FM-AOTN01-DE-XL,0,
shopify,missing_on_platform,FM-AOTN01-KK-2XL,0,
shopify,missing_on_platform,FM-AOTN01-KK-3XL,0,
shopify,missing_on_platform,FM-AOTN01-KK-L,0,
shopify,missing_on_platform,FM-AOTN01-KK-M,0,
shopify,missing_on_platform,FM-AOTN01-KK-XL,0,
shopify,missing_on_platform,FM-AOTN01-SG-2XL,0,
shopify,missing_on_platform,FM-AOTN01-SG-3XL,0,
shopify,missing_on_platform,FM-AOTN01-SG-L,0,
shopify,missing_on_platform,FM-AOTN01-SG-M,2,
shopify,missing_on_platform,FM-AOTN01-SG-XL,0,
shopify,missing_on_platform,FM-AOTN01-ST-2XL,0,
shopify,missing_on_platform,FM-AOTN01-ST-3XL,0,
shopify,missing_on_platform,FM-AOTN01-ST-L,0,
shopify,missing_on_platform,FM-AOTN01-ST-M,0,
shopify,missing_on_platform,FM-AOTN01-ST-XL,0,
shopify,missing_on_platform,FM-AOTN01-XN-2XL,0,
shopify,missing_on_platform,FM-AOTN01-XN-3XL,0,
shopify,missing_on_platform,FM-AOTN01-XN-L,0,
shopify,missing_on_platform,FM-AOTN01-XN-M,0,
shopify,missing_on_platform,FM-AOTN01-XN-XL,0,
shopify,missing_on_platform,FM-APSN01-CR-L,0,
shopify,missing_on_platform,FM-APSN01-CR-M,0,
shopify,missing_on_platform,FM-APSN01-CR-S,0,
shopify,missing_on_platform,FM-APSN01-CR-XL,0,
shopify,missing_on_platform,FM-APSN01-DE-L,0,
shopify,missing_on_platform,FM-APSN01-DE-M,0,
shopify,missing_on_platform,FM-APSN01-DE-S,0,
shopify,missing_on_platform,FM-APSN01-DE-XL,0,
shopify,missing_on_platform,FM-APSN01-TR-L,0,
shopify,missing_on_platform,FM-APSN01-TR-M,0,
shopify,missing_on_platform,FM-APSN01-TR-S,0,
shopify,missing_on_platform,FM-APSN01-TR-XL,0,
shopify,missing_on_platform,FM-APSP01-BN-L,52,
shopify,missing_on_platform,FM-APSP01-BN-M,340,
shopify,missing_on_platform,FM-APSP01-BN-S,285,
shopify,missing_on_platform,FM-APSP01-BN-XL,103,
shopify,missing_on_platform,FM-APSP01-DT-L,151,
shopify,missing_on_platform,FM-APSP01-DT-M,175,
shopify,missing_on_platform,FM-APSP01-DT-S,142,
shopify,missing_on_platform,FM-APSP01-DT-XL,117,
shopify,missing_on_platform,FM-APSP01-TN-L,0,
shopify,missing_on_platform,FM-APSP01-TN-M,-1,
shopify,missing_on_platform,FM-APSP01-TN-S,-1,
shopify,missing_on_platform,FM-APSP01-TN-XL,-2,
shopify,missing_on_platform,FM-APSP01-TT-L,0,
shopify,missing_on_platform,FM-APSP01-TT-M,0,
shopify,missing_on_platform,FM-APSP01-TT-S,0,
shopify,missing_on_platform,FM-APSP01-TT-XL,0,
shopify,missing_on_platform,FM-APSP01-TX-L,80,
shopify,missing_on_platform,FM-APSP01-TX-M,80,
shopify,missing_on_platform,FM-APSP01-TX-S,80,
shopify,missing_on_platform,FM-APSP01-TX-XL,80,
shopify,missing_on_platform,FM-ASNB01-DE-L,0,
shopify,missing_on_platform,FM-ASNB01-DE-M,0,
shopify,missing_on_platform,FM-ASNB01-DE-S,0,
shopify,missing_on_platform,FM-ASNB01-DE-XL,0,
shopify,missing_on_platform,FM-ASNB01-SA-S,0,
shopify,missing_on_platform,FM-ASNB01-TR-S,0,
shopify,missing_on_platform,FM-ATDT01-CR-L,0,
shopify,missing_on_platform,FM-ATDT01-CR-M,0,
shopify,missing_on_platform,FM-ATDT01-CR-S,0,
shopify,missing_on_platform,FM-ATDT01-CR-XL,0,
shopify,missing_on_platform,FM-ATDT01-DE-L,0,
shopify,missing_on_platform,FM-ATDT01-DE-M,0,
shopify,missing_on_platform,FM-ATDT01-DE-S,0,
shopify,missing_on_platform,FM-ATDT01-DE-XL,0,
shopify,missing_on_platform,FM-ATDT01-SA-L,0,
shopify,missing_on_platform,FM-ATDT01-SA-M,0,
shopify,missing_on_platform,FM-ATDT01-SA-S,0,
shopify,missing_on_platform,FM-ATDT01-SA-XL,0,
shopify,missing_on_platform,FM-ATFM01-DE-L,0,
shopify,missing_on_platform,FM-ATFM01-DE-M,0,
shopify,missing_on_platform,FM-ATFM01-DE-S,0,
shopify,missing_on_platform,FM-ATFM01-DE-XL,0,
shopify,missing_on_platform,FM-ATFM01-TR-L,0,
shopify,missing_on_platform,FM-ATFM01-TR-M,0,
shopify,missing_on_platform,FM-ATFM01-TR-S,0,
shopify,missing_on_platform,FM-ATFM01-TR-XL,0,
shopify,missing_on_platform,FM-ATFM01-XN-L,0,
shopify,missing_on_platform,FM-ATFM01-XN-M,0,
shopify,missing_on_platform,FM-ATFM01-XN-S,0,
shopify,missing_on_platform,FM-ATFM01-XN-XL,0,
shopify,missing_on_platform,FM-ATFM01-XR-L,0,
shopify,missing_on_platform,FM-ATFM01-XR-M,0,
shopify,missing_on_platform,FM-ATFM01-XR-S,0,
shopify,missing_on_platform,FM-ATFM01-XR-XL,0,
shopify,missing_on_platform,FM-ATNRL-ND-2XL,0,
shopify,missing_on_platform,FM-ATNRL-ND-L,1,
shopify,missing_on_platform,FM-ATNRL-ND-M,1,
shopify,missing_on_platform,FM-ATNRL-ND-S,1,
shopify,missing_on_platform,FM-ATNRL-ND-XL,1,
shopify,missing_on_platform,FM-ATPL01-DE-L,0,
shopify,missing_on_platform,FM-ATPL01-DE-M,0,
shopify,missing_on_platform,FM-ATPL01-DE-S,0,
shopify,missing_on_platform,FM-ATPL01-DE-XL,0,
shopify,missing_on_platform,FM-ATPL01-TR-L,0,
shopify,missing_on_platform,FM-ATPL01-TR-M,0,
shopify,missing_on_platform,FM-ATPL01-TR-S,0,
shopify,missing_on_platform,FM-ATPL01-TR-XL,0,
shopify,missing_on_platform,FM-ATPL01-XN-L,0,
shopify,missing_on_platform,FM-ATPL01-XN-M,0,
shopify,missing_on_platform,FM-ATPL01-XN-S,0,
shopify,missing_on_platform,FM-ATPL01-XN-XL,0,
shopify,missing_on_platform,FM-ATPL01-XR-L,0,
shopify,missing_on_platform,FM-ATPL01-XR-M,0,
shopify,missing_on_platform,FM-ATPL01-XR-S,0,
shopify,missing_on_platform,FM-ATPL01-XR-XL,0,
shopify,missing_on_platform,FM-ATSN01-DE-2XL,11,
shopify,missing_on_platform,FM-ATSN01-DE-3XL,0,
shopify,missing_on_platform,FM-ATSN01-DE-L,0,
shopify,missing_on_platform,FM-ATSN01-DE-M,-1,
shopify,missing_on_platform,FM-ATSN01-DE-XL,0,
shopify,missing_on_platform,FM-ATSN01-SG-2XL,0,
shopify,missing_on_platform,FM-ATSN01-SG-3XL,0,
shopify,missing_on_platform,FM-ATSN01-SG-L,0,
shopify,missing_on_platform,FM-ATSN01-SG-M,0,
shopify,missing_on_platform,FM-ATSN01-SG-XL,0,
shopify,missing_on_platform,FM-ATSN01-XN-2XL,0,
shopify,missing_on_platform,FM-ATSN01-XN-3XL,0,
shopify,missing_on_platform,FM-ATSN01-XN-L,0,
shopify,missing_on_platform,FM-ATSN01-XN-M,0,
shopify,missing_on_platform,FM-ATSN01-XN-XL,0,
shopify,missing_on_platform,FM-AVB01-DE-2XL,0,
shopify,missing_on_platform,FM-AVB01-DE-3XL,0,
shopify,missing_on_platform,FM-AVB01-DE-L,0,
shopify,missing_on_platform,FM-AVB01-DE-M,0,
shopify,missing_on_platform,FM-AVB01-DE-XL,0,
shopify,missing_on_platform,FM-AVB01-KK-2XL,0,
shopify,missing_on_platform,FM-AVB01-KK-3XL,0,
shopify,missing_on_platform,FM-AVB01-KK-L,0,
shopify,missing_on_platform,FM-AVB01-KK-M,0,
shopify,missing_on_platform,FM-AVB01-KK-XL,0,
shopify,missing_on_platform,FM-AVB01-SG-2XL,0,
shopify,missing_on_platform,FM-AVB01-SG-3XL,0,
shopify,missing_on_platform,FM-AVB01-SG-L,0,
shopify,missing_on_platform,FM-AVB01-SG-M,0,
shopify,missing_on_platform,FM-AVB01-SG-XL,0,
shopify,missing_on_platform,FM-AVB01-SS-2XL,0,
shopify,missing_on_platform,FM-AVB01-SS-3XL,0,
shopify,missing_on_platform,FM-AVB01-SS-L,0,
shopify,missing_on_platform,FM-AVB01-SS-M,0,
shopify,missing_on_platform,FM-AVB01-SS-XL,0,
shopify,missing_on_platform,FM-AVB01-XN-2XL,0,
shopify,missing_on_platform,FM-AVB01-XN-3XL,0,
shopify,missing_on_platform,FM-AVB01-XN-L,0,
shopify,missing_on_platform,FM-AVB01-XN-M,0,
shopify,missing_on_platform,FM-AVB01-XN-XL,0,
shopify,missing_on_platform,FM-BCTR01-BN,1066,
shopify,missing_on_platform,FM-BCTR01-BN-02,533,
shopify,missing_on_platform,FM-BCTR01-BN-04,266.5,
shopify,missing_on_platform,FM-BCTR01-BN-06,177.6667,
shopify,missing_on_platform,FM-BCTR01-BN-B-02,533,
shopify,missing_on_platform,FM-BCTR01-BN-B-04,266.5,
shopify,missing_on_platform,FM-BCTR01-BN-B-06,177.6667,
shopify,missing_on_platform,FM-BCTR01-BN-KL-02,103.5,
shopify,missing_on_platform,FM-BCTR01-BN-KL-04,51.75,
shopify,missing_on_platform,FM-BCTR01-BN-KL-06,34.5,
shopify,missing_on_platform,FM-BCTR01-DE-02,528.5,
shopify,missing_on_platform,FM-BCTR01-DE-04,264.25,
shopify,missing_on_platform,FM-BCTR01-DE-06,176.1667,
shopify,missing_on_platform,FM-BCTR01-DE-KL-02,116,
shopify,missing_on_platform,FM-BCTR01-DE-KL-04,58,
shopify,missing_on_platform,FM-BCTR01-DE-KL-06,38.6667,
shopify,missing_on_platform,FM-BCTR01-TR-02,571,
shopify,missing_on_platform,FM-BCTR01-TR-04,285.5,
shopify,missing_on_platform,FM-BCTR01-TR-06,190.3333,
shopify,missing_on_platform,FM-BCTR01-TR-KL-02,119.5,
shopify,missing_on_platform,FM-BCTR01-TR-KL-04,59.75,
shopify,missing_on_platform,FM-BCTR01-TR-KL-06,39.8333,
shopify,missing_on_platform,FM-BCTR01-WG-02,506.5,
shopify,missing_on_platform,FM-BCTR01-WG-04,253.25,
shopify,missing_on_platform,FM-BCTR01-WG-06,168.83339999999998,
shopify,missing_on_platform,FM-BCTR01-WG-KL-02,97.5,
shopify,missing_on_platform,FM-BCTR01-WG-KL-04,48.75,
shopify,missing_on_platform,FM-BCTR01-WG-KL-06,32.5,
shopify,missing_on_platform,FM-BDTN01-BN-03,694.6667,
shopify,missing_on_platform,FM-BDTN01-BN-05,416.8,
shopify,missing_on_platform,FM-BDTN01-BN-10,208.4,
shopify,missing_on_platform,FM-BDTN01-BN-KL-03,141,
shopify,missing_on_platform,FM-BDTN01-BN-KL-05,84.6,
shopify,missing_on_platform,FM-BDTN01-BN-KL-10,42.3,
shopify,missing_on_platform,FM-BDTN01-DE-03,420,
shopify,missing_on_platform,FM-BDTN01-DE-05,252,
shopify,missing_on_platform,FM-BDTN01-DE-10,126,
shopify,missing_on_platform,FM-BDTN01-DE-KL-03,186.6667,
shopify,missing_on_platform,FM-BDTN01-DE-KL-05,112,
shopify,missing_on_platform,FM-BDTN01-DE-KL-10,56,
shopify,missing_on_platform,FM-BDTN01-TR-03,1130,
shopify,missing_on_platform,FM-BDTN01-TR-05,678,
shopify,missing_on_platform,FM-BDTN01-TR-10,339,
shopify,missing_on_platform,FM-BDTN01-TR-KL-03,193,
shopify,missing_on_platform,FM-BDTN01-TR-KL-05,115.8,
shopify,missing_on_platform,FM-BDTN01-TR-KL-10,57.9,
shopify,missing_on_platform,FM-BDTN01-WG-03,429.3334,
shopify,missing_on_platform,FM-BDTN01-WG-05,257.6,
shopify,missing_on_platform,FM-BDTN01-WG-10,128.8,
shopify,missing_on_platform,FM-BDTN01-WG-KL-03,203.66660000000002,
shopify,missing_on_platform,FM-BDTN01-WG-KL-05,122.2,
shopify,missing_on_platform,FM-BDTN01-WG-KL-10,61.1,
shopify,missing_on_platform,FM-BRDT01-DE-L,0,
shopify,missing_on_platform,FM-BRDT01-DE-M,0,
shopify,missing_on_platform,FM-BRDT01-DE-S,2,
shopify,missing_on_platform,FM-BRDT01-DE-XL,0,
shopify,missing_on_platform,FM-BRDT01-SA-L,0,
shopify,missing_on_platform,FM-BRDT01-SA-M,0,
shopify,missing_on_platform,FM-BRDT01-SA-S,0,
shopify,missing_on_platform,FM-BRDT01-SA-XL,0,
shopify,missing_on_platform,FM-BRDT01-XX-L,0,
shopify,missing_on_platform,FM-BRDT01-XX-M,60,
shopify,missing_on_platform,FM-BRDT01-XX-S,0,
shopify,missing_on_platform,FM-BRDT01-XX-XL,0,
shopify,missing_on_platform,FM-BRLT01-DE-L,0,
shopify,missing_on_platform,FM-BRLT01-DE-M,0,
shopify,missing_on_platform,FM-BRLT01-DE-S,0,
shopify,missing_on_platform,FM-BRLT01-DE-XL,0,
shopify,missing_on_platform,FM-BRLT01-FR-L,0,
shopify,missing_on_platform,FM-BRLT01-FR-M,0,
shopify,missing_on_platform,FM-BRLT01-FR-S,0,
shopify,missing_on_platform,FM-BRLT01-FR-XL,0,
shopify,missing_on_platform,FM-BRLT01-IV-L,0,
shopify,missing_on_platform,FM-BRLT01-IV-M,0,
shopify,missing_on_platform,FM-BRLT01-IV-S,0,
shopify,missing_on_platform,FM-BRLT01-IV-XL,0,
shopify,missing_on_platform,FM-BRLT01-MB-L,0,
shopify,missing_on_platform,FM-BRLT01-MB-M,0,
shopify,missing_on_platform,FM-BRLT01-MB-S,0,
shopify,missing_on_platform,FM-BRLT01-MB-XL,0,
shopify,missing_on_platform,FM-BRLT01-MR-L,0,
shopify,missing_on_platform,FM-BRLT01-MR-M,0,
shopify,missing_on_platform,FM-BRLT01-MR-S,0,
shopify,missing_on_platform,FM-BRLT01-MR-XL,0,
shopify,missing_on_platform,FM-BRLT01-TR-L,0,
shopify,missing_on_platform,FM-BRLT01-TR-M,0,
shopify,missing_on_platform,FM-BRLT01-TR-S,0,
shopify,missing_on_platform,FM-BRLT01-TR-XL,0,
shopify,missing_on_platform,FM-BRRB01-BN-L,21,
shopify,missing_on_platform,FM-BRRB01-BN-M,23,
shopify,missing_on_platform,FM-BRRB01-BN-S,17,
shopify,missing_on_platform,FM-BRRB01-BN-XL,4,
shopify,missing_on_platform,FM-BRRB01-MB-L,0,
shopify,missing_on_platform,FM-BRRB01-MB-M,24,
shopify,missing_on_platform,FM-BRRB01-MB-S,39,
shopify,missing_on_platform,FM-BRRB01-MB-XL,0,
shopify,missing_on_platform,FM-BRRB01-RG-L,0,
shopify,missing_on_platform,FM-BRRB01-RG-M,0,
shopify,missing_on_platform,FM-BRRB01-RG-S,0,
shopify,missing_on_platform,FM-BRRB01-RG-XL,0,
shopify,missing_on_platform,FM-BRSB01-BN-L,59,
shopify,missing_on_platform,FM-BRSB01-BN-M,28,
shopify,missing_on_platform,FM-BRSB01-BN-S,24,
shopify,missing_on_platform,FM-BRSB01-BN-XL,21,
shopify,missing_on_platform,FM-BRSB01-MB-L,0,
shopify,missing_on_platform,FM-BRSB01-MB-M,0,
shopify,missing_on_platform,FM-BRSB01-MB-S,14,
shopify,missing_on_platform,FM-BRSB01-MB-XL,47,
shopify,missing_on_platform,FM-BRSB01-RG-L,0,
shopify,missing_on_platform,FM-BRSB01-RG-M,0,
shopify,missing_on_platform,FM-BRSB01-RG-S,4,
shopify,missing_on_platform,FM-BRSB01-RG-XL,8,
shopify,missing_on_platform,FM-BRZT02-DE-L,0,
shopify,missing_on_platform,FM-BRZT02-DE-M,0,
shopify,missing_on_platform,FM-BRZT02-DE-XL,0,
shopify,missing_on_platform,FM-CKFM01,0,
shopify,missing_on_platform,FM-DNSP01-DD-L,0,
shopify,missing_on_platform,FM-DNSP01-DD-M,0,
shopify,missing_on_platform,FM-DNSP01-DD-S,0,
shopify,missing_on_platform,FM-DNSP01-DD-XL,0,
shopify,missing_on_platform,FM-DNSP01-DN-L,0,
shopify,missing_on_platform,FM-DNSP01-DN-M,0,
shopify,missing_on_platform,FM-DNSP01-DN-S,0,
shopify,missing_on_platform,FM-DNSP01-DN-XL,0,
shopify,missing_on_platform,FM-DNSP01-NT-L,98,
shopify,missing_on_platform,FM-DNSP01-NT-M,45,
shopify,missing_on_platform,FM-DNSP01-NT-S,315,
shopify,missing_on_platform,FM-DNSP01-NT-XL,38,
shopify,missing_on_platform,FM-DNSP01-TX-L,53,
shopify,missing_on_platform,FM-DNSP01-TX-M,0,
shopify,missing_on_platform,FM-DNSP01-TX-S,1,
shopify,missing_on_platform,FM-DNSP01-TX-XL,50,
shopify,missing_on_platform,FM-DSSP01-TN-L,0,
shopify,missing_on_platform,FM-DSSP01-TN-M,0,
shopify,missing_on_platform,FM-DSSP01-TN-S,-1,
shopify,missing_on_platform,FM-DSSP01-TN-XL,38,
shopify,missing_on_platform,FM-HDAC-MG-1,0,
shopify,missing_on_platform,FM-HDAC-MG-2,0,
shopify,missing_on_platform,FM-HDAC-MG-3,0,
shopify,missing_on_platform,FM-HDAC-OG-1,0,
shopify,missing_on_platform,FM-HDAC-OG-2,0,
shopify,missing_on_platform,FM-HDAC-OG-3,0,
shopify,missing_on_platform,FM-HDCT01-DE-1,0,
shopify,missing_on_platform,FM-HDCT01-DE-2,0,
shopify,missing_on_platform,FM-HDCT01-XL-1,0,
shopify,missing_on_platform,FM-HDCT01-XL-2,0,
shopify,missing_on_platform,FM-HDNM01-BE-1,0,
shopify,missing_on_platform,FM-HDNM01-BE-2,0,
shopify,missing_on_platform,FM-HDNM01-BE-3,0,
shopify,missing_on_platform,FM-HDNM01-DE-1,0,
shopify,missing_on_platform,FM-HDNM01-DE-2,0,
shopify,missing_on_platform,FM-HDNM01-DE-3,0,
shopify,missing_on_platform,FM-HDNM01-MG-1,0,
shopify,missing_on_platform,FM-HDNM01-MG-2,0,
shopify,missing_on_platform,FM-HDNM01-MG-3,0,
shopify,missing_on_platform,FM-HDNM01-OG-1,0,
shopify,missing_on_platform,FM-HDNM01-OG-2,0,
shopify,missing_on_platform,FM-HDNM01-OG-3,0,
shopify,missing_on_platform,FM-HDNM01-XD-1,0,
shopify,missing_on_platform,FM-HDNM01-XD-2,0,
shopify,missing_on_platform,FM-HDNM01-XD-3,0,
shopify,missing_on_platform,FM-HDNM01-XL-1,0,
shopify,missing_on_platform,FM-HDNM01-XL-2,0,
shopify,missing_on_platform,FM-HDNM01-XL-3,0,
shopify,missing_on_platform,FM-HDZP01-BE-1,0,
shopify,missing_on_platform,FM-HDZP01-BE-2,0,
shopify,missing_on_platform,FM-HDZP01-BE-3,0,
shopify,missing_on_platform,FM-HDZP01-DE-1,0,
shopify,missing_on_platform,FM-HDZP01-DE-2,0,
shopify,missing_on_platform,FM-HDZP01-DE-3,0,
shopify,missing_on_platform,FM-HDZP01-DN-1,0,
shopify,missing_on_platform,FM-HDZP01-DN-2,0,
shopify,missing_on_platform,FM-HDZP01-DN-3,0,
shopify,missing_on_platform,FM-HDZP01-XD-1,0,
shopify,missing_on_platform,FM-HDZP01-XD-2,0,
shopify,missing_on_platform,FM-HDZP01-XD-3,0,
shopify,missing_on_platform,FM-HDZP01-XL-1,0,
shopify,missing_on_platform,FM-HDZP01-XL-2,0,
shopify,missing_on_platform,FM-HDZP01-XL-3,0,
shopify,missing_on_platform,FM-HQFM01,0,
shopify,missing_on_platform,FM-JGCOT-DE-1,0,
shopify,missing_on_platform,FM-JGCOT-DE-2,0,
shopify,missing_on_platform,FM-JGCOT-DE-3,0,
shopify,missing_on_platform,FM-JGCOT-DE-4,0,
shopify,missing_on_platform,FM-JGCOT-MG-1,0,
shopify,missing_on_platform,FM-JGCOT-MG-2,0,
shopify,missing_on_platform,FM-JGCOT-MG-3,0,
shopify,missing_on_platform,FM-JGCOT-MG-4,0,
shopify,missing_on_platform,FM-JGNAM01-DE-2XL,1,
shopify,missing_on_platform,FM-JGNAM01-DE-3XL,-1,
shopify,missing_on_platform,FM-JGNAM01-DE-L,0,
shopify,missing_on_platform,FM-JGNAM01-DE-M,0,
shopify,missing_on_platform,FM-JGNAM01-DE-XL,0,
shopify,missing_on_platform,FM-JGNAM01-SG-2XL,1,
shopify,missing_on_platform,FM-JGNAM01-SG-3XL,0,
shopify,missing_on_platform,FM-JGNAM01-SG-L,1,
shopify,missing_on_platform,FM-JGNAM01-SG-M,0,
shopify,missing_on_platform,FM-JGNAM01-SG-XL,0,
shopify,missing_on_platform,FM-JGNAM01-SS-2XL,1,
shopify,missing_on_platform,FM-JGNAM01-SS-3XL,0,
shopify,missing_on_platform,FM-JGNAM01-SS-L,0,
shopify,missing_on_platform,FM-JGNAM01-SS-M,0,
shopify,missing_on_platform,FM-JGNAM01-SS-XL,0,
shopify,missing_on_platform,FM-JGNAM01-ST-2XL,0,
shopify,missing_on_platform,FM-JGNAM01-ST-3XL,0,
shopify,missing_on_platform,FM-JGNAM01-ST-L,0,
shopify,missing_on_platform,FM-JGNAM01-ST-M,0,
shopify,missing_on_platform,FM-JGNAM01-ST-XL,0,
shopify,missing_on_platform,FM-JGNAM01-TN-2XL,0,
shopify,missing_on_platform,FM-JGNAM01-TN-3XL,0,
shopify,missing_on_platform,FM-JGNAM01-TN-L,0,
shopify,missing_on_platform,FM-JGNAM01-TN-M,0,
shopify,missing_on_platform,FM-JGNAM01-TN-XL,0,
shopify,missing_on_platform,FM-JGNAM01-XN-2XL,0,
shopify,missing_on_platform,FM-JGNAM01-XN-3XL,0,
shopify,missing_on_platform,FM-JGNAM01-XN-L,0,
shopify,missing_on_platform,FM-JGNAM01-XN-M,0,
shopify,missing_on_platform,FM-JGNAM01-XN-XL,0,
shopify,missing_on_platform,FM-JGNU01-DE-L,0,
shopify,missing_on_platform,FM-JGNU01-DE-M,0,
shopify,missing_on_platform,FM-JGNU01-DE-S,0,
shopify,missing_on_platform,FM-JGNU01-DE-XL,0,
shopify,missing_on_platform,FM-JGNU01-XD-L,0,
shopify,missing_on_platform,FM-JGNU01-XD-M,0,
shopify,missing_on_platform,FM-JGNU01-XD-S,0,
shopify,missing_on_platform,FM-JGNU01-XD-XL,0,
shopify,missing_on_platform,FM-JGOB01-BE-1,0,
shopify,missing_on_platform,FM-JGOB01-BE-2,0,
shopify,missing_on_platform,FM-JGOB01-BE-3,0,
shopify,missing_on_platform,FM-JGOB01-BE-4,0,
shopify,missing_on_platform,FM-JGOB01-DE-1,0,
shopify,missing_on_platform,FM-JGOB01-DE-2,0,
shopify,missing_on_platform,FM-JGOB01-DE-3,0,
shopify,missing_on_platform,FM-JGOB01-DE-4,0,
shopify,missing_on_platform,FM-JGOB01-XD-1,0,
shopify,missing_on_platform,FM-JGOB01-XD-2,0,
shopify,missing_on_platform,FM-JGOB01-XD-3,0,
shopify,missing_on_platform,FM-JGOB01-XD-4,0,
shopify,missing_on_platform,FM-JGOB01-XL-1,0,
shopify,missing_on_platform,FM-JGOB01-XL-2,0,
shopify,missing_on_platform,FM-JGOB01-XL-3,0,
shopify,missing_on_platform,FM-JGOB01-XL-4,0,
shopify,missing_on_platform,FM-JGOB02-BE-1,0,
shopify,missing_on_platform,FM-JGOB02-BE-2,0,
shopify,missing_on_platform,FM-JGOB02-BE-3,0,
shopify,missing_on_platform,FM-JGOB02-BE-4,0,
shopify,missing_on_platform,FM-JGOB02-DE-1,0,
shopify,missing_on_platform,FM-JGOB02-DE-2,0,
shopify,missing_on_platform,FM-JGOB02-DE-3,0,
shopify,missing_on_platform,FM-JGOB02-DE-4,0,
shopify,missing_on_platform,FM-JGOB02-XL-1,0,
shopify,missing_on_platform,FM-JGOB02-XL-2,0,
shopify,missing_on_platform,FM-JGOB02-XL-3,0,
shopify,missing_on_platform,FM-JGOB02-XL-4,0,
shopify,missing_on_platform,FM-Q2LNU01-BD-L,1,
shopify,missing_on_platform,FM-Q2LNU01-BD-M,1,
shopify,missing_on_platform,FM-Q2LNU01-BD-S,0,
shopify,missing_on_platform,FM-Q2LNU01-BD-XL,3,
shopify,missing_on_platform,FM-Q2LNU01-DX-L,0,
shopify,missing_on_platform,FM-Q2LNU01-DX-M,1,
shopify,missing_on_platform,FM-Q2LNU01-DX-S,0,
shopify,missing_on_platform,FM-Q2LNU01-DX-XL,2,
shopify,missing_on_platform,FM-Q2LNU01-XD-L,1,
shopify,missing_on_platform,FM-Q2LNU01-XD-M,1,
shopify,missing_on_platform,FM-Q2LNU01-XD-S,0,
shopify,missing_on_platform,FM-Q2LNU01-XD-XL,3,
shopify,missing_on_platform,FM-QBHN01-BN-L,0,
shopify,missing_on_platform,FM-QBHN01-BN-M,0,
shopify,missing_on_platform,FM-QBHN01-BN-S,25,
shopify,missing_on_platform,FM-QBHN01-BN-XL,-2,
shopify,missing_on_platform,FM-QBHN01-DE-L,0,
shopify,missing_on_platform,FM-QBHN01-DE-M,39,
shopify,missing_on_platform,FM-QBHN01-DE-S,14,
shopify,missing_on_platform,FM-QBHN01-DE-XL,0,
shopify,missing_on_platform,FM-QBHN01-DO-L,0,
shopify,missing_on_platform,FM-QBHN01-DO-M,0,
shopify,missing_on_platform,FM-QBHN01-DO-S,0,
shopify,missing_on_platform,FM-QBHN01-DO-XL,0,
shopify,missing_on_platform,FM-QBHN01-LG-L,0,
shopify,missing_on_platform,FM-QBHN01-LG-M,0,
shopify,missing_on_platform,FM-QBHN01-LG-S,19,
shopify,missing_on_platform,FM-QBHN01-LG-XL,12,
shopify,missing_on_platform,FM-QBHN01-TR-L,6,
shopify,missing_on_platform,FM-QBHN01-TR-M,0,
shopify,missing_on_platform,FM-QBHN01-TR-S,44,
shopify,missing_on_platform,FM-QBHN01-TR-XL,56,
shopify,missing_on_platform,FM-QBHN01-WG-L,0,
shopify,missing_on_platform,FM-QBHN01-WG-M,4,
shopify,missing_on_platform,FM-QBHN01-WG-S,22,
shopify,missing_on_platform,FM-QBHN01-WG-XL,24,
shopify,missing_on_platform,FM-QDCV01-BB-2XL,0,
shopify,missing_on_platform,FM-QDCV01-BB-L,2,
shopify,missing_on_platform,FM-QDCV01-BB-M,0,
shopify,missing_on_platform,FM-QDCV01-BB-S,0,
shopify,missing_on_platform,FM-QDCV01-BB-XL,0,
shopify,missing_on_platform,FM-QDCV01-BN-2XL,0,
shopify,missing_on_platform,FM-QDCV01-BN-L,0,
shopify,missing_on_platform,FM-QDCV01-BN-M,0,
shopify,missing_on_platform,FM-QDCV01-BN-S,6,
shopify,missing_on_platform,FM-QDCV01-BN-XL,7,
shopify,missing_on_platform,FM-QDCV01-MB-2XL,32,
shopify,missing_on_platform,FM-QDCV01-MB-L,2,
shopify,missing_on_platform,FM-QDCV01-MB-M,0,
shopify,missing_on_platform,FM-QDCV01-MB-S,0,
shopify,missing_on_platform,FM-QDCV01-MB-XL,63,
shopify,missing_on_platform,FM-QDCV01-MR-2XL,0,
shopify,missing_on_platform,FM-QDCV01-MR-L,0,
shopify,missing_on_platform,FM-QDCV01-MR-M,0,
shopify,missing_on_platform,FM-QDCV01-MR-S,0,
shopify,missing_on_platform,FM-QDCV01-MR-XL,0,
shopify,missing_on_platform,FM-QDOL01-BN-L,218,
shopify,missing_on_platform,FM-QDOL01-BN-M,188,
shopify,missing_on_platform,FM-QDOL01-BN-S,5,
shopify,missing_on_platform,FM-QDOL01-BN-XL,89,
shopify,missing_on_platform,FM-QDOL01-MB-L,3,
shopify,missing_on_platform,FM-QDOL01-MB-M,0,
shopify,missing_on_platform,FM-QDOL01-MB-S,0,
shopify,missing_on_platform,FM-QDOL01-MB-XL,2,
shopify,missing_on_platform,FM-QDOL01-RG-L,45,
shopify,missing_on_platform,FM-QDOL01-RG-M,125,
shopify,missing_on_platform,FM-QDOL01-RG-S,0,
shopify,missing_on_platform,FM-QDOL01-RG-XL,48,
shopify,missing_on_platform,FM-QDPK01-BN-L,1,
shopify,missing_on_platform,FM-QDPK01-BN-M,1,
shopify,missing_on_platform,FM-QDPK01-BN-S,0,
shopify,missing_on_platform,FM-QDPK01-BN-XL,0,
shopify,missing_on_platform,FM-QDPK01-MB-L,0,
shopify,missing_on_platform,FM-QDPK01-MB-M,0,
shopify,missing_on_platform,FM-QDPK01-MB-S,0,
shopify,missing_on_platform,FM-QDPK01-MB-XL,0,
shopify,missing_on_platform,FM-QDSL02-VP-L,74,
shopify,missing_on_platform,FM-QDSL02-VP-M,132,
shopify,missing_on_platform,FM-QDSL02-VP-S,130,
shopify,missing_on_platform,FM-QDSL02-VP-XL,45,
shopify,missing_on_platform,FM-QDTT01-BN-L,0,
shopify,missing_on_platform,FM-QDTT01-BN-M,0,
shopify,missing_on_platform,FM-QDTT01-BN-S,0,
shopify,missing_on_platform,FM-QDTT01-BN-XL,0,
shopify,missing_on_platform,FM-QDTT01-MB-L,0,
shopify,missing_on_platform,FM-QDTT01-MB-M,0,
shopify,missing_on_platform,FM-QDTT01-MB-S,0,
shopify,missing_on_platform,FM-QDTT01-MB-XL,10,
shopify,missing_on_platform,FM-QDTT01-RG-L,37,
shopify,missing_on_platform,FM-QDTT01-RG-M,6,
shopify,missing_on_platform,FM-QDTT01-RG-S,32,
shopify,missing_on_platform,FM-QDTT01-RG-XL,62,
shopify,missing_on_platform,FM-QDZT01-AB-2XL,0,
shopify,missing_on_platform,FM-QDZT01-AB-L,0,
shopify,missing_on_platform,FM-QDZT01-AB-M,0,
shopify,missing_on_platform,FM-QDZT01-AB-S,0,
shopify,missing_on_platform,FM-QDZT01-AB-XL,0,
shopify,missing_on_platform,FM-QDZT01-BE-2XL,189,
shopify,missing_on_platform,FM-QDZT01-BE-L,195,
shopify,missing_on_platform,FM-QDZT01-BE-M,96,
shopify,missing_on_platform,FM-QDZT01-BE-S,97,
shopify,missing_on_platform,FM-QDZT01-BE-XL,232,
shopify,missing_on_platform,FM-QDZT01-BN-2XL,0,
shopify,missing_on_platform,FM-QDZT01-BN-L,0,
shopify,missing_on_platform,FM-QDZT01-BN-M,0,
shopify,missing_on_platform,FM-QDZT01-BN-S,0,
shopify,missing_on_platform,FM-QDZT01-BN-XL,0,
shopify,missing_on_platform,FM-QDZT01-ES-2XL,75,
shopify,missing_on_platform,FM-QDZT01-ES-L,1,
shopify,missing_on_platform,FM-QDZT01-ES-M,0,
shopify,missing_on_platform,FM-QDZT01-ES-S,0,
shopify,missing_on_platform,FM-QDZT01-ES-XL,0,
shopify,missing_on_platform,FM-QDZT01-FR-2XL,0,
shopify,missing_on_platform,FM-QDZT01-FR-L,0,
shopify,missing_on_platform,FM-QDZT01-FR-M,0,
shopify,missing_on_platform,FM-QDZT01-FR-S,0,
shopify,missing_on_platform,FM-QDZT01-FR-XL,0,
shopify,missing_on_platform,FM-QDZT01-MB-2XL,0,
shopify,missing_on_platform,FM-QDZT01-MB-L,3,
shopify,missing_on_platform,FM-QDZT01-MB-M,1,
shopify,missing_on_platform,FM-QDZT01-MB-S,0,
shopify,missing_on_platform,FM-QDZT01-MB-XL,0,
shopify,missing_on_platform,FM-QDZT01-MG-2XL,6,
shopify,missing_on_platform,FM-QDZT01-MG-L,7,
shopify,missing_on_platform,FM-QDZT01-MG-M,0,
shopify,missing_on_platform,FM-QDZT01-MG-S,16,
shopify,missing_on_platform,FM-QDZT01-MG-XL,2,
shopify,missing_on_platform,FM-QDZT01-MR-2XL,0,
shopify,missing_on_platform,FM-QDZT01-MR-L,0,
shopify,missing_on_platform,FM-QDZT01-MR-M,0,
shopify,missing_on_platform,FM-QDZT01-MR-S,14,
shopify,missing_on_platform,FM-QDZT01-MR-XL,0,
shopify,missing_on_platform,FM-QJK2S-BE-L,0,
shopify,missing_on_platform,FM-QJK2S-BE-M,0,
shopify,missing_on_platform,FM-QJK2S-BE-S,1,
shopify,missing_on_platform,FM-QJK2S-BE-XL,0,
shopify,missing_on_platform,FM-QJK2S-DE-L,0,
shopify,missing_on_platform,FM-QJK2S-DE-M,0,
shopify,missing_on_platform,FM-QJK2S-DE-S,0,
shopify,missing_on_platform,FM-QJK2S-DE-XL,0,
shopify,missing_on_platform,FM-QJK2S-XM-L,0,
shopify,missing_on_platform,FM-QJK2S-XM-M,0,
shopify,missing_on_platform,FM-QJK2S-XM-S,0,
shopify,missing_on_platform,FM-QJK2S-XM-XL,0,
shopify,missing_on_platform,FM-QLCV01-BB-2XL,0,
shopify,missing_on_platform,FM-QLCV01-BB-L,2,
shopify,missing_on_platform,FM-QLCV01-BB-M,0,
shopify,missing_on_platform,FM-QLCV01-BB-S,0,
shopify,missing_on_platform,FM-QLCV01-BB-XL,0,
shopify,missing_on_platform,FM-QLCV01-DE-2XL,0,
shopify,missing_on_platform,FM-QLCV01-DE-L,2,
shopify,missing_on_platform,FM-QLCV01-DE-M,0,
shopify,missing_on_platform,FM-QLCV01-DE-S,0,
shopify,missing_on_platform,FM-QLCV01-DE-XL,0,
shopify,missing_on_platform,FM-QLCV01-MB-2XL,0,
shopify,missing_on_platform,FM-QLCV01-MB-L,2,
shopify,missing_on_platform,FM-QLCV01-MB-M,0,
shopify,missing_on_platform,FM-QLCV01-MB-S,0,
shopify,missing_on_platform,FM-QLCV01-MB-XL,0,
shopify,missing_on_platform,FM-QLCV01-SA-2XL,0,
shopify,missing_on_platform,FM-QLCV01-SA-L,3,
shopify,missing_on_platform,FM-QLCV01-SA-M,0,
shopify,missing_on_platform,FM-QLCV01-SA-S,0,
shopify,missing_on_platform,FM-QLCV01-SA-XL,0,
shopify,missing_on_platform,FM-QLCV01-XX-2XL,0,
shopify,missing_on_platform,FM-QLCV01-XX-L,2,
shopify,missing_on_platform,FM-QLCV01-XX-M,0,
shopify,missing_on_platform,FM-QLCV01-XX-S,0,
shopify,missing_on_platform,FM-QLCV01-XX-XL,0,
shopify,missing_on_platform,FM-QLKV01-DA-L,115,
shopify,missing_on_platform,FM-QLKV01-DA-L-4,28.75,
shopify,missing_on_platform,FM-QLKV01-DA-M,122,
shopify,missing_on_platform,FM-QLKV01-DA-M-4,30.5,
shopify,missing_on_platform,FM-QLKV01-DA-S,147,
shopify,missing_on_platform,FM-QLKV01-DA-S-4,36.75,
shopify,missing_on_platform,FM-QLKV01-DA-XL,88,
shopify,missing_on_platform,FM-QLKV01-DA-XL-4,22,
shopify,missing_on_platform,FM-QLKV01-DE-L,119,
shopify,missing_on_platform,FM-QLKV01-DE-L-4,29.75,
shopify,missing_on_platform,FM-QLKV01-DE-M,122,
shopify,missing_on_platform,FM-QLKV01-DE-M-4,30.5,
shopify,missing_on_platform,FM-QLKV01-DE-S,147,
shopify,missing_on_platform,FM-QLKV01-DE-S-4,36.75,
shopify,missing_on_platform,FM-QLKV01-DE-XL,88,
shopify,missing_on_platform,FM-QLKV01-DE-XL-4,22,
shopify,missing_on_platform,FM-QLKV01-TR-L,119,
shopify,missing_on_platform,FM-QLKV01-TR-L-4,29.75,
shopify,missing_on_platform,FM-QLKV01-TR-M,122,
shopify,missing_on_platform,FM-QLKV01-TR-M-4,30.5,
shopify,missing_on_platform,FM-QLKV01-TR-S,147,
shopify,missing_on_platform,FM-QLKV01-TR-S-4,36.75,
shopify,missing_on_platform,FM-QLKV01-TR-XL,88,
shopify,missing_on_platform,FM-QLKV01-TR-XL-4,22,
shopify,missing_on_platform,FM-QLKV01-XM-L,119,
shopify,missing_on_platform,FM-QLKV01-XM-L-4,29.75,
shopify,missing_on_platform,FM-QLKV01-XM-M,122,
shopify,missing_on_platform,FM-QLKV01-XM-M-4,30.5,
shopify,missing_on_platform,FM-QLKV01-XM-S,147,
shopify,missing_on_platform,FM-QLKV01-XM-S-4,36.75,
shopify,missing_on_platform,FM-QLKV01-XM-XL,88,
shopify,missing_on_platform,FM-QLKV01-XM-XL-4,22,
shopify,missing_on_platform,FM-QLTG01-BE-L,0,
shopify,missing_on_platform,FM-QLTG01-BE-M,0,
shopify,missing_on_platform,FM-QLTG01-BE-S,0,
shopify,missing_on_platform,FM-QLTG01-BE-XL,0,
shopify,missing_on_platform,FM-QLTG01-BN-2XL,0,
shopify,missing_on_platform,FM-QLTG01-BN-L,0,
shopify,missing_on_platform,FM-QLTG01-BN-M,0,
shopify,missing_on_platform,FM-QLTG01-BN-S,0,
shopify,missing_on_platform,FM-QLTG01-BN-XL,0,
shopify,missing_on_platform,FM-QLTG01-ES-2XL,22,
shopify,missing_on_platform,FM-QLTG01-ES-L,39,
shopify,missing_on_platform,FM-QLTG01-ES-M,16,
shopify,missing_on_platform,FM-QLTG01-ES-S,75,
shopify,missing_on_platform,FM-QLTG01-ES-XL,0,
shopify,missing_on_platform,FM-QLTG01-FR-2XL,0,
shopify,missing_on_platform,FM-QLTG01-FR-L,17,
shopify,missing_on_platform,FM-QLTG01-FR-M,4,
shopify,missing_on_platform,FM-QLTG01-FR-S,43,
shopify,missing_on_platform,FM-QLTG01-FR-XL,12,
shopify,missing_on_platform,FM-QLTG01-MB-2XL,0,
shopify,missing_on_platform,FM-QLTG01-MB-L,3,
shopify,missing_on_platform,FM-QLTG01-MB-M,0,
shopify,missing_on_platform,FM-QLTG01-MB-S,-1,
shopify,missing_on_platform,FM-QLTG01-MB-XL,0,
shopify,missing_on_platform,FM-QLTG01-MG-2XL,54,
shopify,missing_on_platform,FM-QLTG01-MG-L,0,
shopify,missing_on_platform,FM-QLTG01-MG-M,84,
shopify,missing_on_platform,FM-QLTG01-MG-S,127,
shopify,missing_on_platform,FM-QLTG01-MG-XL,0,
shopify,missing_on_platform,FM-QLTG01-RC-2XL,0,
shopify,missing_on_platform,FM-QLTG01-RC-L,0,
shopify,missing_on_platform,FM-QLTG01-RC-M,0,
shopify,missing_on_platform,FM-QLTG01-RC-S,44,
shopify,missing_on_platform,FM-QLTG01-RC-XL,12,
shopify,missing_on_platform,FM-QLTG01-XN-2XL,49,
shopify,missing_on_platform,FM-QLTG01-XN-L,0,
shopify,missing_on_platform,FM-QLTG01-XN-M,46,
shopify,missing_on_platform,FM-QLTG01-XN-S,0,
shopify,missing_on_platform,FM-QLTG01-XN-XL,49,
shopify,missing_on_platform,FM-QN1L03-DE-2XL,0,
shopify,missing_on_platform,FM-QN1L03-DE-3XL,0,
shopify,missing_on_platform,FM-QN1L03-DE-L,30,
shopify,missing_on_platform,FM-QN1L03-DE-M,0,
shopify,missing_on_platform,FM-QN1L03-DE-S,0,
shopify,missing_on_platform,FM-QN1L03-DE-XL,53,
shopify,missing_on_platform,FM-QN1L03-SG-2XL,32,
shopify,missing_on_platform,FM-QN1L03-SG-3XL,0,
shopify,missing_on_platform,FM-QN1L03-SG-L,424,
shopify,missing_on_platform,FM-QN1L03-SG-M,89,
shopify,missing_on_platform,FM-QN1L03-SG-S,0,
shopify,missing_on_platform,FM-QN1L03-SG-XL,434,
shopify,missing_on_platform,FM-QN1L03-SS-2XL,11,
shopify,missing_on_platform,FM-QN1L03-SS-3XL,0,
shopify,missing_on_platform,FM-QN1L03-SS-L,164,
shopify,missing_on_platform,FM-QN1L03-SS-M,22,
shopify,missing_on_platform,FM-QN1L03-SS-S,0,
shopify,missing_on_platform,FM-QN1L03-SS-XL,169,
shopify,missing_on_platform,FM-QN1L03-TN-2XL,0,
shopify,missing_on_platform,FM-QN1L03-TN-3XL,0,
shopify,missing_on_platform,FM-QN1L03-TN-L,19,
shopify,missing_on_platform,FM-QN1L03-TN-M,0,
shopify,missing_on_platform,FM-QN1L03-TN-XL,22,
shopify,missing_on_platform,FM-QN1L03-XN-2XL,0,
shopify,missing_on_platform,FM-QN1L03-XN-3XL,1,
shopify,missing_on_platform,FM-QN1L03-XN-L,0,
shopify,missing_on_platform,FM-QN1L03-XN-M,0,
shopify,missing_on_platform,FM-QN1L03-XN-XL,0,
shopify,missing_on_platform,FM-QN1L04-DE-2XL,0,
shopify,missing_on_platform,FM-QN1L04-DE-3XL,0,
shopify,missing_on_platform,FM-QN1L04-DE-L,97,
shopify,missing_on_platform,FM-QN1L04-DE-M,0,
shopify,missing_on_platform,FM-QN1L04-DE-XL,124,
shopify,missing_on_platform,FM-QN1L04-ST-2XL,46,
shopify,missing_on_platform,FM-QN1L04-ST-3XL,0,
shopify,missing_on_platform,FM-QN1L04-ST-L,214,
shopify,missing_on_platform,FM-QN1L04-ST-M,39,
shopify,missing_on_platform,FM-QN1L04-ST-XL,232,
shopify,missing_on_platform,FM-QN1L04-TN-2XL,0,
shopify,missing_on_platform,FM-QN1L04-TN-3XL,0,
shopify,missing_on_platform,FM-QN1L04-TN-L,49,
shopify,missing_on_platform,FM-QN1L04-TN-M,9,
shopify,missing_on_platform,FM-QN1L04-TN-XL,58,
shopify,missing_on_platform,FM-QN1L04-XN-2XL,0,
shopify,missing_on_platform,FM-QN1L04-XN-3XL,0,
shopify,missing_on_platform,FM-QN1L04-XN-L,22,
shopify,missing_on_platform,FM-QN1L04-XN-M,0,
shopify,missing_on_platform,FM-QN1L04-XN-XL,22,
shopify,missing_on_platform,FM-QN2L03-DE-2XL,1,
shopify,missing_on_platform,FM-QN2L03-DE-3XL,0,
shopify,missing_on_platform,FM-QN2L03-DE-L,0,
shopify,missing_on_platform,FM-QN2L03-DE-M,11,
shopify,missing_on_platform,FM-QN2L03-DE-XL,1,
shopify,missing_on_platform,FM-QN2L03-SG-2XL,1,
shopify,missing_on_platform,FM-QN2L03-SG-3XL,0,
shopify,missing_on_platform,FM-QN2L03-SG-L,0,
shopify,missing_on_platform,FM-QN2L03-SG-M,0,
shopify,missing_on_platform,FM-QN2L03-SG-XL,0,
shopify,missing_on_platform,FM-QN2L03-SS-2XL,1,
shopify,missing_on_platform,FM-QN2L03-SS-3XL,0,
shopify,missing_on_platform,FM-QN2L03-SS-L,2,
shopify,missing_on_platform,FM-QN2L03-SS-M,0,
shopify,missing_on_platform,FM-QN2L03-SS-S,0,
shopify,missing_on_platform,FM-QN2L03-SS-XL,0,
shopify,missing_on_platform,FM-QN2L03-TN-2XL,0,
shopify,missing_on_platform,FM-QN2L03-TN-3XL,0,
shopify,missing_on_platform,FM-QN2L03-TN-L,0,
shopify,missing_on_platform,FM-QN2L03-TN-M,0,
shopify,missing_on_platform,FM-QN2L03-TN-XL,0,
shopify,missing_on_platform,FM-QN2L03-XN-2XL,0,
shopify,missing_on_platform,FM-QN2L03-XN-3XL,0,
shopify,missing_on_platform,FM-QN2L03-XN-L,1,
shopify,missing_on_platform,FM-QN2L03-XN-M,0,
shopify,missing_on_platform,FM-QN2L03-XN-XL,1,
shopify,missing_on_platform,FM-QNAC-DE-1,0,
shopify,missing_on_platform,FM-QNAC-DE-2,0,
shopify,missing_on_platform,FM-QNAC-DE-3,0,
shopify,missing_on_platform,FM-QNAC-DE-4,0,
shopify,missing_on_platform,FM-QNAC-MG-1,0,
shopify,missing_on_platform,FM-QNAC-MG-2,0,
shopify,missing_on_platform,FM-QNAC-MG-3,0,
shopify,missing_on_platform,FM-QNAC-MG-4,0,
shopify,missing_on_platform,FM-QNAC-OG-1,0,
shopify,missing_on_platform,FM-QNAC-OG-2,0,
shopify,missing_on_platform,FM-QNAC-OG-3,0,
shopify,missing_on_platform,FM-QNAC-OG-4,0,
shopify,missing_on_platform,FM-QNAC-SB-1,4,
shopify,missing_on_platform,FM-QNAC-SB-2,0,
shopify,missing_on_platform,FM-QNAC-SB-3,0,
shopify,missing_on_platform,FM-QNAC-SB-4,0,
shopify,missing_on_platform,FM-QNSL01-VG-VL,0,
shopify,missing_on_platform,FM-QNSL01-VP-VL,0,
shopify,missing_on_platform,FM-QNTG01-AB-L,0,
shopify,missing_on_platform,FM-QNTG01-AB-M,0,
shopify,missing_on_platform,FM-QNTG01-AB-S,0,
shopify,missing_on_platform,FM-QNTG01-AB-XL,0,
shopify,missing_on_platform,FM-QNTG01-BN-L,0,
shopify,missing_on_platform,FM-QNTG01-BN-M,0,
shopify,missing_on_platform,FM-QNTG01-BN-S,0,
shopify,missing_on_platform,FM-QNTG01-BN-XL,0,
shopify,missing_on_platform,FM-QNTG01-FR-L,0,
shopify,missing_on_platform,FM-QNTG01-FR-M,0,
shopify,missing_on_platform,FM-QNTG01-FR-S,33,
shopify,missing_on_platform,FM-QNTG01-FR-XL,0,
shopify,missing_on_platform,FM-QNTG01-MB-L,0,
shopify,missing_on_platform,FM-QNTG01-MB-M,0,
shopify,missing_on_platform,FM-QNTG01-MB-S,0,
shopify,missing_on_platform,FM-QNTG01-MB-XL,0,
shopify,missing_on_platform,FM-QNTG01-MG-L,0,
shopify,missing_on_platform,FM-QNTG01-MG-M,0,
shopify,missing_on_platform,FM-QNTG01-MG-S,27,
shopify,missing_on_platform,FM-QNTG01-MG-XL,0,
shopify,missing_on_platform,FM-QNTG01-RC-L,0,
shopify,missing_on_platform,FM-QNTG01-RC-M,0,
shopify,missing_on_platform,FM-QNTG01-RC-S,10,
shopify,missing_on_platform,FM-QNTG01-RC-XL,9,
shopify,missing_on_platform,FM-QNTG01-XN-L,0,
shopify,missing_on_platform,FM-QNTG01-XN-M,0,
shopify,missing_on_platform,FM-QNTG01-XN-S,0,
shopify,missing_on_platform,FM-QNTG01-XN-XL,0,
shopify,missing_on_platform,FM-QNTG2S-DE-L,0,
shopify,missing_on_platform,FM-QNTG2S-DE-M,0,
shopify,missing_on_platform,FM-QNTG2S-DE-S,0,
shopify,missing_on_platform,FM-QNTG2S-DE-XL,0,
shopify,missing_on_platform,FM-QNTG2S-MB-L,0,
shopify,missing_on_platform,FM-QNTG2S-MB-M,0,
shopify,missing_on_platform,FM-QNTG2S-MB-S,0,
shopify,missing_on_platform,FM-QNTG2S-MB-XL,0,
shopify,missing_on_platform,FM-QNTG2S-SA-L,0,
shopify,missing_on_platform,FM-QNTG2S-SA-M,0,
shopify,missing_on_platform,FM-QNTG2S-SA-S,0,
shopify,missing_on_platform,FM-QNTG2S-SA-XL,0,
shopify,missing_on_platform,FM-QNTG2S-XN-L,0,
shopify,missing_on_platform,FM-QNTG2S-XN-M,0,
shopify,missing_on_platform,FM-QNTG2S-XN-S,0,
shopify,missing_on_platform,FM-QNTG2S-XN-XL,0,
shopify,missing_on_platform,FM-QSBL01-BN-L,199,
shopify,missing_on_platform,FM-QSBL01-BN-M,157,
shopify,missing_on_platform,FM-QSBL01-BN-S,138,
shopify,missing_on_platform,FM-QSBL01-BN-XL,134,
shopify,missing_on_platform,FM-SCFM01-BN,14,
shopify,missing_on_platform,FM-SCFM01-DE,0,
shopify,missing_on_platform,FM-SCFM01-DO,49,
shopify,missing_on_platform,FM-SCFM01-TR,0,
shopify,missing_on_platform,FM-SWAC-DE-1,0,
shopify,missing_on_platform,FM-SWAC-DE-2,0,
shopify,missing_on_platform,FM-SWAC-DE-3,0,
shopify,missing_on_platform,FM-SWAC-DE-4,0,
shopify,missing_on_platform,FM-SWAC-MG-1,0,
shopify,missing_on_platform,FM-SWAC-MG-2,0,
shopify,missing_on_platform,FM-SWAC-MG-3,0,
shopify,missing_on_platform,FM-SWAC-MG-4,0,
shopify,missing_on_platform,FM-SWAC-OG-1,0,
shopify,missing_on_platform,FM-SWAC-OG-2,0,
shopify,missing_on_platform,FM-SWAC-OG-3,0,
shopify,missing_on_platform,FM-SWAC-OG-4,0,
shopify,missing_on_platform,FM-SWAC-SB-1,0,
shopify,missing_on_platform,FM-SWAC-SB-2,0,
shopify,missing_on_platform,FM-SWAC-SB-3,0,
shopify,missing_on_platform,FM-SWAC-SB-4,0,
shopify,missing_on_platform,FM-VTNN01-DE-L,0,
shopify,missing_on_platform,FM-VTNN01-DE-M,0,
shopify,missing_on_platform,FM-VTNN01-DE-S,0,
shopify,missing_on_platform,FM-VTNN01-DE-XL,0,
shopify,missing_on_platform,FM-VTNN02-BN-L,184,
shopify,missing_on_platform,FM-VTNN02-BN-M,142,
shopify,missing_on_platform,FM-VTNN02-BN-S,125,
shopify,missing_on_platform,FM-VTNN02-BN-XL,5,
shopify,missing_on_platform,FM-VTNN02-DO-L,60,
shopify,missing_on_platform,FM-VTNN02-DO-M,2,
shopify,missing_on_platform,FM-VTNN02-DO-S,104,
shopify,missing_on_platform,FM-VTNN02-DO-XL,85,
shopify,missing_on_platform,FM-VVSP01-BN-L,241,
shopify,missing_on_platform,FM-VVSP01-BN-M,246,
shopify,missing_on_platform,FM-VVSP01-BN-S,176,
shopify,missing_on_platform,FM-VVSP01-BN-XL,191,
shopify,missing_on_platform,FM-VVSP01-DD-L,46,
shopify,missing_on_platform,FM-VVSP01-DD-M,12,
shopify,missing_on_platform,FM-VVSP01-DD-S,45,
shopify,missing_on_platform,FM-VVSP01-DD-XL,50,
shopify,missing_on_platform,FM-VVSP01-DN-L,41,
shopify,missing_on_platform,FM-VVSP01-DN-M,23,
shopify,missing_on_platform,FM-VVSP01-DN-S,55,
shopify,missing_on_platform,FM-VVSP01-DN-XL,61,
shopify,missing_on_platform,FM-VVSP01-TX-L,61,
shopify,missing_on_platform,FM-VVSP01-TX-M,62,
shopify,missing_on_platform,FM-VVSP01-TX-S,64,
shopify,missing_on_platform,FM-VVSP01-TX-XL,18,
shopify,missing_on_platform,FM-VXGR01-DO-L,71,
shopify,missing_on_platform,FM-VXGR01-DO-M,52,
shopify,missing_on_platform,FM-VXGR01-DO-S,56,
shopify,missing_on_platform,FM-VXGR01-DO-XL,61,
shopify,missing_on_platform,FM-VXSP01-DD-L,0,
shopify,missing_on_platform,FM-VXSP01-DD-M,0,
shopify,missing_on_platform,FM-VXSP01-DD-S,53,
shopify,missing_on_platform,FM-VXSP01-DD-XL,9,
shopify,missing_on_platform,FM-VXSP01-DN-L,77,
shopify,missing_on_platform,FM-VXSP01-DN-M,79,
shopify,missing_on_platform,FM-VXSP01-DN-S,70,
shopify,missing_on_platform,FM-VXSP01-DN-XL,53,
shopify,missing_on_platform,FM-VXSP01-TX-L,74,
shopify,missing_on_platform,FM-VXSP01-TX-M,71,
shopify,missing_on_platform,FM-VXSP01-TX-S,77,
shopify,missing_on_platform,FM-VXSP01-TX-XL,80,
shopify,missing_on_platform,GM-ABDD01-DE-2XL,30,
shopify,missing_on_platform,GM-ABDD01-DE-L,120,
shopify,missing_on_platform,GM-ABDD01-DE-M,131,
shopify,missing_on_platform,GM-ABDD01-DE-S,100,
shopify,missing_on_platform,GM-ABDD01-DE-XL,121,
shopify,missing_on_platform,GM-ABDD01-DO-2XL,0,
shopify,missing_on_platform,GM-ABDD01-DO-L,0,
shopify,missing_on_platform,GM-ABDD01-DO-M,0,
shopify,missing_on_platform,GM-ABDD01-DO-S,0,
shopify,missing_on_platform,GM-ABDD01-DO-XL,0,
shopify,missing_on_platform,GM-ABDD01-TR-2XL,0,
shopify,missing_on_platform,GM-ABDD01-TR-L,40,
shopify,missing_on_platform,GM-ABDD01-TR-M,40,
shopify,missing_on_platform,GM-ABDD01-TR-S,47,
shopify,missing_on_platform,GM-ABDD01-TR-XL,52,
shopify,missing_on_platform,GM-ABDD01-XA-2XL,0,
shopify,missing_on_platform,GM-ABDD01-XA-L,0,
shopify,missing_on_platform,GM-ABDD01-XA-M,0,
shopify,missing_on_platform,GM-ABDD01-XA-S,0,
shopify,missing_on_platform,GM-ABDD01-XA-XL,0,
shopify,missing_on_platform,GM-ABDD01-XB-2XL,0,
shopify,missing_on_platform,GM-ABDD01-XB-L,0,
shopify,missing_on_platform,GM-ABDD01-XB-M,0,
shopify,missing_on_platform,GM-ABDD01-XB-S,0,
shopify,missing_on_platform,GM-ABDD01-XB-XL,0,
shopify,missing_on_platform,GM-ABDD01-XN-2XL,0,
shopify,missing_on_platform,GM-ABDD01-XN-L,0,
shopify,missing_on_platform,GM-ABDD01-XN-M,0,
shopify,missing_on_platform,GM-ABDD01-XN-S,0,
shopify,missing_on_platform,GM-ABDD01-XN-XL,0,
shopify,missing_on_platform,GM-ABSN01-DE-2XL,0,
shopify,missing_on_platform,GM-ABSN01-DE-L,0,
shopify,missing_on_platform,GM-ABSN01-DE-M,33,
shopify,missing_on_platform,GM-ABSN01-DE-S,66,
shopify,missing_on_platform,GM-ABSN01-DE-XL,0,
shopify,missing_on_platform,GM-ABSN01-TR-2XL,0,
shopify,missing_on_platform,GM-ABSN01-TR-L,0,
shopify,missing_on_platform,GM-ABSN01-TR-M,47,
shopify,missing_on_platform,GM-ABSN01-TR-S,56,
shopify,missing_on_platform,GM-ABSN01-TR-XL,0,
shopify,missing_on_platform,GM-ABSN01-XA-2XL,0,
shopify,missing_on_platform,GM-ABSN01-XA-L,0,
shopify,missing_on_platform,GM-ABSN01-XA-M,0,
shopify,missing_on_platform,GM-ABSN01-XA-S,94,
shopify,missing_on_platform,GM-ABSN01-XA-XL,0,
shopify,missing_on_platform,GM-ABSN01-XB-2XL,0,
shopify,missing_on_platform,GM-ABSN01-XB-L,0,
shopify,missing_on_platform,GM-ABSN01-XB-M,0,
shopify,missing_on_platform,GM-ABSN01-XB-S,20,
shopify,missing_on_platform,GM-ABSN01-XB-XL,0,
shopify,missing_on_platform,GM-ABTD01-TR-M,0,
shopify,missing_on_platform,GM-ABTD01-XB-2XL,0,
shopify,missing_on_platform,GM-ABTD01-XB-M,1,
shopify,missing_on_platform,GM-ABTD01-XB-S,0,
shopify,missing_on_platform,GM-ABTD01-XB-XL,0,
shopify,missing_on_platform,GM-ABTN01-DE-2XL,0,
shopify,missing_on_platform,GM-ABTN01-DE-L,0,
shopify,missing_on_platform,GM-ABTN01-DE-M,0,
shopify,missing_on_platform,GM-ABTN01-DE-S,0,
shopify,missing_on_platform,GM-ABTN01-DE-XL,0,
shopify,missing_on_platform,GM-ABTN01-TR-2XL,0,
shopify,missing_on_platform,GM-ABTN01-TR-L,0,
shopify,missing_on_platform,GM-ABTN01-TR-M,0,
shopify,missing_on_platform,GM-ABTN01-TR-S,27,
shopify,missing_on_platform,GM-ABTN01-TR-XL,0,
shopify,missing_on_platform,GM-ABTN01-XA-2XL,0,
shopify,missing_on_platform,GM-ABTN01-XA-L,0,
shopify,missing_on_platform,GM-ABTN01-XA-M,28,
shopify,missing_on_platform,GM-ABTN01-XA-S,138,
shopify,missing_on_platform,GM-ABTN01-XA-XL,0,
shopify,missing_on_platform,GM-ABTN01-XB-2XL,0,
shopify,missing_on_platform,GM-ABTN01-XB-L,0,
shopify,missing_on_platform,GM-ABTN01-XB-M,0,
shopify,missing_on_platform,GM-ABTN01-XB-S,19,
shopify,missing_on_platform,GM-ABTN01-XB-XL,0,
shopify,missing_on_platform,GM-QD2S01-DE-L,0,
shopify,missing_on_platform,GM-QD2S01-DE-M,0,
shopify,missing_on_platform,GM-QD2S01-DE-S,0,
shopify,missing_on_platform,GM-QD2S01-DE-XL,0,
shopify,missing_on_platform,GM-QD2S01-DO-L,0,
shopify,missing_on_platform,GM-QD2S01-DO-M,56,
shopify,missing_on_platform,GM-QD2S01-DO-S,99,
shopify,missing_on_platform,GM-QD2S01-DO-XL,0,
shopify,missing_on_platform,GM-QD2S01-TR-S,0,
shopify,missing_on_platform,GM-QDGN01-TR-2XL,7,
shopify,missing_on_platform,GM-QDGN01-TR-L,0,
shopify,missing_on_platform,GM-QDGN01-TR-M,32,
shopify,missing_on_platform,GM-QDGN01-TR-XL,1,
shopify,missing_on_platform,GM-QL2L01-DE-2XL,0,
shopify,missing_on_platform,GM-QL2L01-DE-L,0,
shopify,missing_on_platform,GM-QL2L01-DE-M,0,
shopify,missing_on_platform,GM-QL2L01-DE-XL,0,
shopify,missing_on_platform,GM-QL2L01-XA-M,29,
shopify,missing_on_platform,GM-QLGN01-DE-2XL,0,
shopify,missing_on_platform,GM-QLGN01-DE-L,0,
shopify,missing_on_platform,GM-QLGN01-DE-M,0,
shopify,missing_on_platform,GM-QLGN01-DE-S,26,
shopify,missing_on_platform,GM-QLGN01-DE-XL,0,
shopify,missing_on_platform,GM-QLGN01-XA-2XL,0,
shopify,missing_on_platform,GM-QLGN01-XA-L,0,
shopify,missing_on_platform,GM-QLGN01-XA-M,0,
shopify,missing_on_platform,GM-QLGN01-XA-S,28,
shopify,missing_on_platform,GM-QLGN01-XA-XL,0,
shopify,missing_on_platform,GM-QN1L01-DE-2XL,0,
shopify,missing_on_platform,GM-QN1L01-DE-L,0,
shopify,missing_on_platform,GM-QN1L01-DE-M,51,
shopify,missing_on_platform,GM-QN1L01-DE-XL,0,
shopify,missing_on_platform,GM-QN1L01-XA-2XL,0,
shopify,missing_on_platform,GM-QN1L01-XA-L,0,
shopify,missing_on_platform,GM-QN1L01-XA-M,61,
shopify,missing_on_platform,GM-QN1L01-XA-XL,0,
shopify,missing_on_platform,GM-QN2L01-XA-2XL,0,
shopify,missing_on_platform,GM-QN2L01-XA-L,0,
shopify,missing_on_platform,GM-QN2L01-XA-M,0,
shopify,missing_on_platform,GM-QN2L01-XA-XL,0,
shopify,missing_on_platform,GM-QNGN01-DE-S,12,
shopify,missing_on_platform,GM-QNGN01-XA-S,5,
shopify,missing_on_platform,KHYG01,0,
shopify,missing_on_platform,LS-ACCV01-DE-2XL,0,
shopify,missing_on_platform,LS-ACCV01-DE-L,0,
shopify,missing_on_platform,LS-ACCV01-DE-M,16,
shopify,missing_on_platform,LS-ACCV01-DE-S,96,
shopify,missing_on_platform,LS-ACCV01-DE-XL,20,
shopify,missing_on_platform,LS-ACCV01-SA-2XL,83,
shopify,missing_on_platform,LS-ACCV01-SA-L,0,
shopify,missing_on_platform,LS-ACCV01-SA-M,0,
shopify,missing_on_platform,LS-ACCV01-SA-S,69,
shopify,missing_on_platform,LS-ACCV01-SA-XL,125,
shopify,missing_on_platform,LS-ACCV01-XN-2XL,0,
shopify,missing_on_platform,LS-ACCV01-XN-L,0,
shopify,missing_on_platform,LS-ACCV01-XN-M,0,
shopify,missing_on_platform,LS-ACCV01-XN-S,0,
shopify,missing_on_platform,LS-ACCV01-XN-XL,0,
shopify,missing_on_platform,LS-ACCV01-XX-2XL,57,
shopify,missing_on_platform,LS-ACCV01-XX-L,54,
shopify,missing_on_platform,LS-ACCV01-XX-M,0,
shopify,missing_on_platform,LS-ACCV01-XX-S,59,
shopify,missing_on_platform,LS-ACCV01-XX-XL,100,
shopify,missing_on_platform,LS-ATSM01-DE-2XL,48,
shopify,missing_on_platform,LS-ATSM01-DE-L,0,
shopify,missing_on_platform,LS-ATSM01-DE-M,0,
shopify,missing_on_platform,LS-ATSM01-DE-S,94,
shopify,missing_on_platform,LS-ATSM01-DE-XL,0,
shopify,missing_on_platform,LS-ATSM01-HD-2XL,23,
shopify,missing_on_platform,LS-ATSM01-HD-L,58,
shopify,missing_on_platform,LS-ATSM01-HD-M,15,
shopify,missing_on_platform,LS-ATSM01-HD-S,0,
shopify,missing_on_platform,LS-ATSM01-HD-XL,66,
shopify,missing_on_platform,LS-ATSM01-HP-2XL,0,
shopify,missing_on_platform,LS-ATSM01-HP-L,0,
shopify,missing_on_platform,LS-ATSM01-HP-M,0,
shopify,missing_on_platform,LS-ATSM01-HP-S,0,
shopify,missing_on_platform,LS-ATSM01-HP-XL,0,
shopify,missing_on_platform,LS-ATSM01-TP-2XL,0,
shopify,missing_on_platform,LS-ATSM01-TP-L,0,
shopify,missing_on_platform,LS-ATSM01-TP-M,0,
shopify,missing_on_platform,LS-ATSM01-TP-S,0,
shopify,missing_on_platform,LS-ATSM01-TP-XL,0,
shopify,missing_on_platform,LS-ATSM01-TR-2XL,214,
shopify,missing_on_platform,LS-ATSM01-TR-L,0,
shopify,missing_on_platform,LS-ATSM01-TR-M,8,
shopify,missing_on_platform,LS-ATSM01-TR-S,0,
shopify,missing_on_platform,LS-ATSM01-TR-XL,169,
shopify,missing_on_platform,LS-ATSM01-XN-2XL,0,
shopify,missing_on_platform,LS-ATSM01-XN-L,0,
shopify,missing_on_platform,LS-ATSM01-XN-M,25,
shopify,missing_on_platform,LS-ATSM01-XN-S,0,
shopify,missing_on_platform,LS-ATSM01-XN-XL,0,
shopify,missing_on_platform,LS-ATSM01-XR-2XL,0,
shopify,missing_on_platform,LS-ATSM01-XR-L,65,
shopify,missing_on_platform,LS-ATSM01-XR-M,0,
shopify,missing_on_platform,LS-ATSM01-XR-S,0,
shopify,missing_on_platform,LS-ATSM01-XR-XL,0,
shopify,missing_on_platform,LS-AVBNU-DE-2XL,102,
shopify,missing_on_platform,LS-AVBNU-DE-L,118,
shopify,missing_on_platform,LS-AVBNU-DE-M,148,
shopify,missing_on_platform,LS-AVBNU-DE-S,146,
shopify,missing_on_platform,LS-AVBNU-DE-XL,130,
shopify,missing_on_platform,LS-AVBNU-HP-2XL,106,
shopify,missing_on_platform,LS-AVBNU-HP-L,69,
shopify,missing_on_platform,LS-AVBNU-HP-M,0,
shopify,missing_on_platform,LS-AVBNU-HP-S,81,
shopify,missing_on_platform,LS-AVBNU-HP-XL,97,
shopify,missing_on_platform,LS-AVBNU-SG-2XL,88,
shopify,missing_on_platform,LS-AVBNU-SG-L,87,
shopify,missing_on_platform,LS-AVBNU-SG-M,0,
shopify,missing_on_platform,LS-AVBNU-SG-S,189,
shopify,missing_on_platform,LS-AVBNU-SG-XL,74,
shopify,missing_on_platform,LS-AVBNU-SS-2XL,119,
shopify,missing_on_platform,LS-AVBNU-SS-L,123,
shopify,missing_on_platform,LS-AVBNU-SS-M,117,
shopify,missing_on_platform,LS-AVBNU-SS-S,167,
shopify,missing_on_platform,LS-AVBNU-SS-XL,124,
shopify,missing_on_platform,LS-AVBNU-TP-2XL,119,
shopify,missing_on_platform,LS-AVBNU-TP-L,78,
shopify,missing_on_platform,LS-AVBNU-TP-M,28,
shopify,missing_on_platform,LS-AVBNU-TP-S,104,
shopify,missing_on_platform,LS-AVBNU-TP-XL,130,
shopify,missing_on_platform,LS-AVBNU-TR-2XL,156,
shopify,missing_on_platform,LS-AVBNU-TR-L,190,
shopify,missing_on_platform,LS-AVBNU-TR-M,137,
shopify,missing_on_platform,LS-AVBNU-TR-S,172,
shopify,missing_on_platform,LS-AVBNU-TR-XL,204,
shopify,missing_on_platform,LS-AVBNU-XR-2XL,61,
shopify,missing_on_platform,LS-AVBNU-XR-L,138,
shopify,missing_on_platform,LS-AVBNU-XR-M,123,
shopify,missing_on_platform,LS-AVBNU-XR-S,180,
shopify,missing_on_platform,LS-AVBNU-XR-XL,57,
shopify,missing_on_platform,LS-QDJG01-DE-2XL,126,
shopify,missing_on_platform,LS-QDJG01-DE-L,406,
shopify,missing_on_platform,LS-QDJG01-DE-M,281,
shopify,missing_on_platform,LS-QDJG01-DE-S,218,
shopify,missing_on_platform,LS-QDJG01-DE-XL,177,
shopify,missing_on_platform,LS-QDZT01-DE-2XL,138,
shopify,missing_on_platform,LS-QDZT01-DE-L,655,
shopify,missing_on_platform,LS-QDZT01-DE-M,256,
shopify,missing_on_platform,LS-QDZT01-DE-S,385,
shopify,missing_on_platform,LS-QDZT01-DE-XL,167,
shopify,missing_on_platform,LS-QDZT01-DG-2XL,124,
shopify,missing_on_platform,LS-QDZT01-DG-L,167,
shopify,missing_on_platform,LS-QDZT01-DG-M,215,
shopify,missing_on_platform,LS-QDZT01-DG-S,269,
shopify,missing_on_platform,LS-QDZT01-DG-XL,129,
shopify,missing_on_platform,LS-QDZT01-LG-2XL,80,
shopify,missing_on_platform,LS-QDZT01-LG-L,0,
shopify,missing_on_platform,LS-QDZT01-LG-M,0,
shopify,missing_on_platform,LS-QDZT01-LG-S,0,
shopify,missing_on_platform,LS-QDZT01-LG-XL,38,
shopify,missing_on_platform,LS-QDZT01-RG-2XL,115,
shopify,missing_on_platform,LS-QDZT01-RG-L,0,
shopify,missing_on_platform,LS-QDZT01-RG-M,48,
shopify,missing_on_platform,LS-QDZT01-RG-S,27,
shopify,missing_on_platform,LS-QDZT01-RG-XL,7,
shopify,missing_on_platform,LS-QDZT01-SA-2XL,80,
shopify,missing_on_platform,LS-QDZT01-SA-L,8,
shopify,missing_on_platform,LS-QDZT01-SA-M,0,
shopify,missing_on_platform,LS-QDZT01-SA-S,0,
shopify,missing_on_platform,LS-QDZT01-SA-XL,78,
shopify,missing_on_platform,LS-QDZT01-XX-2XL,221,
shopify,missing_on_platform,LS-QDZT01-XX-L,228,
shopify,missing_on_platform,LS-QDZT01-XX-M,210,
shopify,missing_on_platform,LS-QDZT01-XX-S,176,
shopify,missing_on_platform,LS-QDZT01-XX-XL,250,
shopify,missing_on_platform,LS-QLTG01-DE-2XL,167,
shopify,missing_on_platform,LS-QLTG01-DE-L,431,
shopify,missing_on_platform,LS-QLTG01-DE-M,422,
shopify,missing_on_platform,LS-QLTG01-DE-S,307,
shopify,missing_on_platform,LS-QLTG01-DE-XL,230,
shopify,missing_on_platform,LS-QLTG01-DG-2XL,96,
shopify,missing_on_platform,LS-QLTG01-DG-L,156,
shopify,missing_on_platform,LS-QLTG01-DG-M,184,
shopify,missing_on_platform,LS-QLTG01-DG-S,162,
shopify,missing_on_platform,LS-QLTG01-DG-XL,94,
shopify,missing_on_platform,LS-QLTG01-RG-2XL,102,
shopify,missing_on_platform,LS-QLTG01-RG-L,0,
shopify,missing_on_platform,LS-QLTG01-RG-M,0,
shopify,missing_on_platform,LS-QLTG01-RG-S,92,
shopify,missing_on_platform,LS-QLTG01-RG-XL,140,
shopify,missing_on_platform,LS-QLTG01-SA-2XL,11,
shopify,missing_on_platform,LS-QLTG01-SA-L,12,
shopify,missing_on_platform,LS-QLTG01-SA-M,11,
shopify,missing_on_platform,LS-QLTG01-SA-S,54,
shopify,missing_on_platform,LS-QLTG01-SA-XL,0,
shopify,missing_on_platform,LS-QLTG01-XN-2XL,46,
shopify,missing_on_platform,LS-QLTG01-XN-L,0,
shopify,missing_on_platform,LS-QLTG01-XN-M,43,
shopify,missing_on_platform,LS-QLTG01-XN-S,0,
shopify,missing_on_platform,LS-QLTG01-XN-XL,46,
shopify,missing_on_platform,LS-QLTG01-XX-2XL,0,
shopify,missing_on_platform,LS-QLTG01-XX-L,0,
shopify,missing_on_platform,LS-QLTG01-XX-M,40,
shopify,missing_on_platform,LS-QLTG01-XX-S,29,
shopify,missing_on_platform,LS-QLTG01-XX-XL,145,
shopify,missing_on_platform,MUTNGUC-OVAL,158,
shopify,missing_on_platform,MUTNGUC-TRON,410,
shopify,missing_on_platform,OGFB,0,
shopify,missing_on_platform,SP001421,0,
shopify,missing_on_platform,SP001422,0,
shopify,missing_on_platform,SP001423,0,
shopify,missing_on_platform,SP001424,0,
shopify,missing_on_platform,SP001425,0,
shopify,missing_on_platform,SP001426,0,
shopify,missing_on_platform,SP001427,0,
shopify,missing_on_platform,SP001428,0,
shopify,missing_on_platform,SP001429,0,
shopify,missing_on_platform,SP001430,2,
shopify,missing_on_platform,SP001431,0,
shopify,missing_on_platform,SP001432,0,
shopify,missing_on_platform,VOFM01-BN-03,239,
shopify,missing_on_platform,VOFM01-BN-05,143.4,
shopify,missing_on_platform,VOFM01-BN-10,71.7,
shopify,missing_on_platform,VOFM01-DE-03,86.3333,
shopify,missing_on_platform,VOFM01-DE-05,51.8,
shopify,missing_on_platform,VOFM01-DE-10,25.9,
shopify,missing_on_platform,VOFM01-HP-03,0.3333,
shopify,missing_on_platform,VOFM01-HP-05,0.2,
shopify,missing_on_platform,VOFM01-HP-10,0.1,
shopify,missing_on_platform,VOFM01-SP-03,172.33339999999998,
shopify,missing_on_platform,VOFM01-SP-05,103.39999999999999,
shopify,missing_on_platform,VOFM01-SP-10,51.699999999999996,
shopify,missing_on_platform,VOFM01-TR-03,1260.6666,
shopify,missing_on_platform,VOFM01-TR-05,756.4,
shopify,missing_on_platform,VOFM01-TR-10,378.2,
shopify,missing_on_platform,VOFM01-TR-VOFM01-DE-VOFM01-HP,1,
shopify,missing_on_platform,VOTRANGFITME,1,
shopify,missing_on_platform,VV-ACSP01-NT-L,0,
shopify,missing_on_platform,VV-ACSP01-NT-M,0,
shopify,missing_on_platform,VV-ACSP01-NT-S,0,
shopify,missing_on_platform,VV-ACSP01-NT-XL,0,
shopify,missing_on_platform,VV-ACSP01-TR-L,0,
shopify,missing_on_platform,VV-ACSP01-TR-M,0,
shopify,missing_on_platform,VV-ACSP01-TR-S,0,
shopify,missing_on_platform,VV-ACSP01-TR-XS,0,
shopify,missing_on_platform,VV-ACSP02-BN-L,0,
shopify,missing_on_platform,VV-ACSP02-BN-M,0,
shopify,missing_on_platform,VV-ACSP02-BN-S,0,
shopify,missing_on_platform,VV-ACSP02-BN-XS,0,
shopify,missing_on_platform,VV-ACSP02-TR-L,0,
shopify,missing_on_platform,VV-ACSP02-TR-M,0,
shopify,missing_on_platform,VV-ACSP02-TR-S,0,
shopify,missing_on_platform,VV-ACSP02-TR-XS,0,
shopify,missing_on_platform,VV-APSP01-NT-L,0,
shopify,missing_on_platform,VV-APSP01-NT-M,0,
shopify,missing_on_platform,VV-APSP01-NT-S,0,
shopify,missing_on_platform,VV-APSP01-NT-XS,0,
shopify,missing_on_platform,VV-APSP01-TR-L,0,
shopify,missing_on_platform,VV-APSP01-TR-M,0,
shopify,missing_on_platform,VV-APSP01-TR-S,0,
shopify,missing_on_platform,VV-APSP01-TR-XS,0,
shopify,missing_on_platform,VV-APSP02-BN-L,0,
shopify,missing_on_platform,VV-APSP02-BN-M,0,
shopify,missing_on_platform,VV-APSP02-BN-S,0,
shopify,missing_on_platform,VV-APSP02-BN-XS,0,
shopify,missing_on_platform,VV-APSP02-TR-L,0,
shopify,missing_on_platform,VV-APSP02-TR-M,0,
shopify,missing_on_platform,VV-APSP02-TR-S,0,
shopify,missing_on_platform,VV-APSP02-TR-XS,0,
shopify,missing_on_platform,VV-DNSP01-BN-L,0,
shopify,missing_on_platform,VV-DNSP01-BN-M,0,
shopify,missing_on_platform,VV-DNSP01-BN-S,0,
shopify,missing_on_platform,VV-DNSP01-BN-XS,0,
shopify,missing_on_platform,VV-DNSP01-TR-L,0,
shopify,missing_on_platform,VV-DNSP01-TR-M,0,
shopify,missing_on_platform,VV-DNSP01-TR-S,0,
shopify,missing_on_platform,VV-DNSP01-TR-XS,0,
shopify,missing_on_platform,VV-DNSP02-NN-L,0,
shopify,missing_on_platform,VV-DNSP02-NN-M,0,
shopify,missing_on_platform,VV-DNSP02-NN-S,0,
shopify,missing_on_platform,VV-DNSP02-NN-XS,0,
shopify,missing_on_platform,VV-DNSP02-TR-L,0,
shopify,missing_on_platform,VV-DNSP02-TR-M,0,
shopify,missing_on_platform,VV-DNSP02-TR-S,0,
shopify,missing_on_platform,VV-DNSP02-TR-XS,0,
shopify,missing_on_platform,VV-DPSP01-NN-L,0,
shopify,missing_on_platform,VV-DPSP01-NN-M,0,
shopify,missing_on_platform,VV-DPSP01-NN-S,0,
shopify,missing_on_platform,VV-DPSP01-NN-XS,0,
shopify,missing_on_platform,VV-DPSP01-TR-L,0,
shopify,missing_on_platform,VV-DPSP01-TR-M,0,
shopify,missing_on_platform,VV-DPSP01-TR-S,0,
shopify,missing_on_platform,VV-DPSP01-TR-XS,0,
shopify,missing_on_platform,VV-DSSP01-BN-L,0,
shopify,missing_on_platform,VV-DSSP01-BN-M,0,
shopify,missing_on_platform,VV-DSSP01-BN-S,0,
shopify,missing_on_platform,VV-DSSP01-BN-XS,0,
shopify,missing_on_platform,VV-DSSP01-TR-L,0,
shopify,missing_on_platform,VV-DSSP01-TR-M,0,
shopify,missing_on_platform,VV-DSSP01-TR-S,0,
shopify,missing_on_platform,VV-DSSP01-TR-XS,0,
shopify,missing_on_platform,VV-DSSP02-BN-L,0,
shopify,missing_on_platform,VV-DSSP02-BN-M,0,
shopify,missing_on_platform,VV-DSSP02-BN-S,0,
shopify,missing_on_platform,VV-DSSP02-BN-XS,0,
shopify,missing_on_platform,VV-DSSP02-NN-L,0,
shopify,missing_on_platform,VV-DSSP02-NN-M,0,
shopify,missing_on_platform,VV-DSSP02-NN-S,0,
shopify,missing_on_platform,VV-DSSP02-NN-XS,0,
shopify,missing_on_platform,VV-DSSP02-TR-L,0,
shopify,missing_on_platform,VV-DSSP02-TR-M,0,
shopify,missing_on_platform,VV-DSSP02-TR-S,0,
shopify,missing_on_platform,VV-DSSP02-TR-XS,0,
shopify,missing_on_platform,VV-DXSP01-BN-L,0,
shopify,missing_on_platform,VV-DXSP01-BN-M,0,
shopify,missing_on_platform,VV-DXSP01-BN-S,0,
shopify,missing_on_platform,VV-DXSP01-BN-XS,0,
shopify,missing_on_platform,VV-DXSP01-NN-L,0,
shopify,missing_on_platform,VV-DXSP01-NN-M,0,
shopify,missing_on_platform,VV-DXSP01-NN-S,0,
shopify,missing_on_platform,VV-DXSP01-NN-XS,0,
shopify,missing_on_platform,VV-DXSP01-TR-L,0,
shopify,missing_on_platform,VV-DXSP01-TR-M,0,
shopify,missing_on_platform,VV-DXSP01-TR-S,0,
shopify,missing_on_platform,VV-DXSP01-TR-XS,0,
shopify,missing_on_platform,VV-MNDN01-BN,0,
shopify,missing_on_platform,VV-MNDN01-BN-KL,0,
shopify,missing_on_platform,VV-MNDN01-TR,0,
shopify,missing_on_platform,VV-MNDN01-TR-KL,0,
shopify,missing_on_platform,VV-VVSP01-NT-L,0,
shopify,missing_on_platform,VV-VVSP01-NT-M,0,
shopify,missing_on_platform,VV-VVSP01-NT-S,0,
shopify,missing_on_platform,VV-VVSP01-NT-XS,0,
shopify,missing_on_platform,VV-VVSP01-TR-L,0,
shopify,missing_on_platform,VV-VVSP01-TR-M,0,
shopify,missing_on_platform,VV-VVSP01-TR-S,0,
shopify,missing_on_platform,VV-VVSP01-TR-XS,0,
shopify,missing_on_platform,VV-VXSP01-NT-M,0,
shopify,missing_on_platform,VV-VXSP01-NT-S,0,
shopify,missing_on_platform,VV-VXSP01-NT-XS,0,
shopify,missing_on_platform,VV-VXSP01-TR-L,0,
shopify,missing_on_platform,VV-VXSP01-TR-M,0,
shopify,missing_on_platform,VV-VXSP01-TR-S,0,
shopify,missing_on_platform,VV-VXSP01-TR-XS,0,
shopify,missing_on_platform,VV-VXSP02-BN-L,0,
shopify,missing_on_platform,VV-VXSP02-BN-M,0,
shopify,missing_on_platform,VV-VXSP02-BN-S,0,
shopify,missing_on_platform,VV-VXSP02-BN-XS,0,
shopify,missing_on_platform,VV-VXSP02-TR-L,0,
shopify,missing_on_platform,VV-VXSP02-TR-M,0,
shopify,missing_on_platform,VV-VXSP02-TR-S,0,
shopify,missing_on_platform,VV-VXSP02-TR-XS,0,
