sku,status,reason,action,sapoAvailable,pancakeAvailable,shopifyAvailable,sapoName,pancakeName,shopifyName
#FM-BAFM02-NB,partial,Missing Sapo source record,orphan_platform_sku_not_in_sapo,,97,,,Túi tote tennis pickleball thể thao Fitme dáng rộng đựng vợt Túi tote tennis pickleball thể thao Fitme dáng rộng đựng vợt đựng đồ đi tập chất liệu cao cấp BAFM02#FM-BAFM02-NB,
#FM-DTNN01-DO-L,partial,Missing Sapo source record,orphan_platform_sku_not_in_sapo,,80,,,Váy tennis thể thao nữ Fitme GOC pickleball tặng kèm quần bảo hộ chất liệu thun co giãn thoáng khí DTNN01#FM-DTNN01-DO-L,
#FM-DTNN01-DO-M,partial,Missing Sapo source record,orphan_platform_sku_not_in_sapo,,80,,,Váy tennis thể thao nữ Fitme GOC pickleball tặng kèm quần bảo hộ chất liệu thun co giãn thoáng khí DTNN01#FM-DTNN01-DO-M,
#FM-DTNN01-DO-S,partial,Missing Sapo source record,orphan_platform_sku_not_in_sapo,,58,,,Váy tennis thể thao nữ Fitme GOC pickleball tặng kèm quần bảo hộ chất liệu thun co giãn thoáng khí DTNN01#FM-DTNN01-DO-S,
#FM-DTNN01-DO-XL,partial,Missing Sapo source record,orphan_platform_sku_not_in_sapo,,58,,,Váy tennis thể thao nữ Fitme GOC pickleball tặng kèm quần bảo hộ chất liệu thun co giãn thoáng khí DTNN01#FM-DTNN01-DO-XL,
#FM-VSFM01-SM-L,partial,Missing Sapo source record,orphan_platform_sku_not_in_sapo,,81,,,"Chân váy ngắn thể thao nữ Fitme GOC may 2 lớp kèm quần bảo hộ chơi pickleball, tennis, cầu lông VSFM01#FM-VSFM01-SM-L",
#FM-VSFM01-SM-M,partial,Missing Sapo source record,orphan_platform_sku_not_in_sapo,,82,,,"Chân váy ngắn thể thao nữ Fitme GOC may 2 lớp kèm quần bảo hộ chơi pickleball, tennis, cầu lông VSFM01#FM-VSFM01-SM-M",
#FM-VSFM01-SM-S,partial,Missing Sapo source record,orphan_platform_sku_not_in_sapo,,48,,,"Chân váy ngắn thể thao nữ Fitme GOC may 2 lớp kèm quần bảo hộ chơi pickleball, tennis, cầu lông VSFM01#FM-VSFM01-SM-S",
#FM-VSFM01-SM-XL,partial,Missing Sapo source record,orphan_platform_sku_not_in_sapo,,52,,,"Chân váy ngắn thể thao nữ Fitme GOC may 2 lớp kèm quần bảo hộ chơi pickleball, tennis, cầu lông VSFM01#FM-VSFM01-SM-XL",
10720-2,partial,Missing Sapo source record,orphan_platform_sku_not_in_sapo,,0,,,Váy tennis pickleball nữ Fitme FORCE EA cổ V chất liệu co giãn thoáng khí tặng kèm quần bảo hộ DSSP02#VV-DSSP02-BN-L,
10721-2,partial,Missing Sapo source record,orphan_platform_sku_not_in_sapo,,0,,,Váy tennis pickleball nữ Fitme FORCE EA cổ V chất liệu co giãn thoáng khí tặng kèm quần bảo hộ DSSP02#VV-DSSP02-BN-M,
10722-2,partial,Missing Sapo source record,orphan_platform_sku_not_in_sapo,,0,,,Váy tennis pickleball nữ Fitme FORCE EA cổ V chất liệu co giãn thoáng khí tặng kèm quần bảo hộ DSSP02#VV-DSSP02-BN-S,
10723-2,partial,Missing Sapo source record,orphan_platform_sku_not_in_sapo,,0,,,Váy tennis pickleball nữ Fitme FORCE EA cổ V chất liệu co giãn thoáng khí tặng kèm quần bảo hộ DSSP02#VV-DSSP02-BN-XS,
10724-2,partial,Missing Sapo source record,orphan_platform_sku_not_in_sapo,,0,,,Váy tennis pickleball nữ Fitme FORCE EA cổ V chất liệu co giãn thoáng khí tặng kèm quần bảo hộ DSSP02#VV-DSSP02-TR-L,
10725-2,partial,Missing Sapo source record,orphan_platform_sku_not_in_sapo,,0,,,Váy tennis pickleball nữ Fitme FORCE EA cổ V chất liệu co giãn thoáng khí tặng kèm quần bảo hộ DSSP02#VV-DSSP02-TR-M,
10726-2,partial,Missing Sapo source record,orphan_platform_sku_not_in_sapo,,0,,,Váy tennis pickleball nữ Fitme FORCE EA cổ V chất liệu co giãn thoáng khí tặng kèm quần bảo hộ DSSP02#VV-DSSP02-TR-S,
10727-2,partial,Missing Sapo source record,orphan_platform_sku_not_in_sapo,,0,,,Váy tennis pickleball nữ Fitme FORCE EA cổ V chất liệu co giãn thoáng khí tặng kèm quần bảo hộ DSSP02#VV-DSSP02-TR-XS,
10863-2,partial,Missing Sapo source record,orphan_platform_sku_not_in_sapo,,0,,,"Bộ đồ Pickleball, cầu lông, tennis nữ Fitme CÉ áo khoác Fierce năng động, chân váy xấp ly túi hộp Blazer navy kèm quần bảo hộ",
10864-2,partial,Missing Sapo source record,orphan_platform_sku_not_in_sapo,,0,,,"Bộ đồ Pickleball, cầu lông, tennis nữ Fitme CÉ áo khoác Fierce năng động, chân váy xấp ly túi hộp Blazer navy kèm quần bảo hộ",
10865-2,partial,Missing Sapo source record,orphan_platform_sku_not_in_sapo,,0,,,"Bộ đồ Pickleball, cầu lông, tennis nữ Fitme CÉ áo khoác Fierce năng động, chân váy xấp ly túi hộp Blazer navy kèm quần bảo hộ",
10866-2,partial,Missing Sapo source record,orphan_platform_sku_not_in_sapo,,0,,,"Bộ đồ Pickleball, cầu lông, tennis nữ Fitme CÉ áo khoác Fierce năng động, chân váy xấp ly túi hộp Blazer navy kèm quần bảo hộ",
10867-2,partial,Missing Sapo source record,orphan_platform_sku_not_in_sapo,,0,,,"Bộ đồ Pickleball, cầu lông, tennis nữ Fitme CÉ áo khoác Fierce năng động, chân váy xấp ly túi hộp Blazer navy kèm quần bảo hộ",
10868-2,partial,Missing Sapo source record,orphan_platform_sku_not_in_sapo,,0,,,"Bộ đồ Pickleball, cầu lông, tennis nữ Fitme CÉ áo khoác Fierce năng động, chân váy xấp ly túi hộp Blazer navy kèm quần bảo hộ",
10869-2,partial,Missing Sapo source record,orphan_platform_sku_not_in_sapo,,0,,,"Bộ đồ Pickleball, cầu lông, tennis nữ Fitme CÉ áo khoác Fierce năng động, chân váy xấp ly túi hộp Blazer navy kèm quần bảo hộ",
10870-2,partial,Missing Sapo source record,orphan_platform_sku_not_in_sapo,,0,,,"Bộ đồ Pickleball, cầu lông, tennis nữ Fitme CÉ áo khoác Fierce năng động, chân váy xấp ly túi hộp Blazer navy kèm quần bảo hộ",
10871-2,partial,Missing Sapo source record,orphan_platform_sku_not_in_sapo,,0,,,"Bộ đồ Pickleball, cầu lông, tennis nữ Fitme CÉ áo khoác Fierce năng động, chân váy xấp ly túi hộp Blazer navy kèm quần bảo hộ",
10872-2,partial,Missing Sapo source record,orphan_platform_sku_not_in_sapo,,0,,,"Bộ đồ Pickleball, cầu lông, tennis nữ Fitme CÉ áo khoác Fierce năng động, chân váy xấp ly túi hộp Blazer navy kèm quần bảo hộ",
10873-2,partial,Missing Sapo source record,orphan_platform_sku_not_in_sapo,,0,,,"Bộ đồ Pickleball, cầu lông, tennis nữ Fitme CÉ áo khoác Fierce năng động, chân váy xấp ly túi hộp Blazer navy kèm quần bảo hộ",
10874-2,partial,Missing Sapo source record,orphan_platform_sku_not_in_sapo,,0,,,"Bộ đồ Pickleball, cầu lông, tennis nữ Fitme CÉ áo khoác Fierce năng động, chân váy xấp ly túi hộp Blazer navy kèm quần bảo hộ",
10875-2,partial,Missing Sapo source record,orphan_platform_sku_not_in_sapo,,0,,,"Bộ đồ Pickleball, cầu lông, tennis nữ Fitme CÉ áo khoác Fierce năng động, chân váy xấp ly túi hộp Blazer navy kèm quần bảo hộ",
10876-2,partial,Missing Sapo source record,orphan_platform_sku_not_in_sapo,,0,,,"Bộ đồ Pickleball, cầu lông, tennis nữ Fitme CÉ áo khoác Fierce năng động, chân váy xấp ly túi hộp Blazer navy kèm quần bảo hộ",
10877-2,partial,Missing Sapo source record,orphan_platform_sku_not_in_sapo,,0,,,"Bộ đồ Pickleball, cầu lông, tennis nữ Fitme CÉ áo khoác Fierce năng động, chân váy xấp ly túi hộp Blazer navy kèm quần bảo hộ",
10878-2,partial,Missing Sapo source record,orphan_platform_sku_not_in_sapo,,0,,,"Bộ đồ Pickleball, cầu lông, tennis nữ Fitme CÉ áo khoác Fierce năng động, chân váy xấp ly túi hộp Blazer navy kèm quần bảo hộ",
10933-1,partial,Missing Sapo source record,orphan_platform_sku_not_in_sapo,,0,,,"Áo ba lỗ tập gym yoga nữ Fitme sát nách form ôm body khoét v1, chất cotton mềm mại ABLN02#FM-ABLN02-CR-2XL",
10934-1,partial,Missing Sapo source record,orphan_platform_sku_not_in_sapo,,0,,,"Áo ba lỗ tập gym yoga nữ Fitme sát nách form ôm body khoét v1, chất cotton mềm mại ABLN02#FM-ABLN02-CR-L",
10935-1,partial,Missing Sapo source record,orphan_platform_sku_not_in_sapo,,0,,,"Áo ba lỗ tập gym yoga nữ Fitme sát nách form ôm body khoét v1, chất cotton mềm mại ABLN02#FM-ABLN02-CR-M",
10936-1,partial,Missing Sapo source record,orphan_platform_sku_not_in_sapo,,0,,,"Áo ba lỗ tập gym yoga nữ Fitme sát nách form ôm body khoét v1, chất cotton mềm mại ABLN02#FM-ABLN02-CR-S",
10937-1,partial,Missing Sapo source record,orphan_platform_sku_not_in_sapo,,0,,,"Áo ba lỗ tập gym yoga nữ Fitme sát nách form ôm body khoét v1, chất cotton mềm mại ABLN02#FM-ABLN02-CR-XL",
10938-1,partial,Missing Sapo source record,orphan_platform_sku_not_in_sapo,,0,,,"Áo ba lỗ tập gym yoga nữ Fitme sát nách form ôm body khoét v1, chất cotton mềm mại ABLN02#FM-ABLN02-DE-2XL",
10939-1,partial,Missing Sapo source record,orphan_platform_sku_not_in_sapo,,0,,,"Áo ba lỗ tập gym yoga nữ Fitme sát nách form ôm body khoét v1, chất cotton mềm mại ABLN02#FM-ABLN02-DE-L",
10940-1,partial,Missing Sapo source record,orphan_platform_sku_not_in_sapo,,0,,,"Áo ba lỗ tập gym yoga nữ Fitme sát nách form ôm body khoét v1, chất cotton mềm mại ABLN02#FM-ABLN02-DE-M",
10941-1,partial,Missing Sapo source record,orphan_platform_sku_not_in_sapo,,0,,,"Áo ba lỗ tập gym yoga nữ Fitme sát nách form ôm body khoét v1, chất cotton mềm mại ABLN02#FM-ABLN02-DE-S",
10942-1,partial,Missing Sapo source record,orphan_platform_sku_not_in_sapo,,0,,,"Áo ba lỗ tập gym yoga nữ Fitme sát nách form ôm body khoét v1, chất cotton mềm mại ABLN02#FM-ABLN02-DE-XL",
10943-1,partial,Missing Sapo source record,orphan_platform_sku_not_in_sapo,,0,,,"Áo ba lỗ tập gym yoga nữ Fitme sát nách form ôm body khoét v1, chất cotton mềm mại ABLN02#FM-ABLN02-TR-2XL",
10944-1,partial,Missing Sapo source record,orphan_platform_sku_not_in_sapo,,0,,,"Áo ba lỗ tập gym yoga nữ Fitme sát nách form ôm body khoét v1, chất cotton mềm mại ABLN02#FM-ABLN02-TR-L",
10945-1,partial,Missing Sapo source record,orphan_platform_sku_not_in_sapo,,0,,,"Áo ba lỗ tập gym yoga nữ Fitme sát nách form ôm body khoét v1, chất cotton mềm mại ABLN02#FM-ABLN02-TR-M",
10946-1,partial,Missing Sapo source record,orphan_platform_sku_not_in_sapo,,0,,,"Áo ba lỗ tập gym yoga nữ Fitme sát nách form ôm body khoét v1, chất cotton mềm mại ABLN02#FM-ABLN02-TR-S",
10947-1,partial,Missing Sapo source record,orphan_platform_sku_not_in_sapo,,0,,,"Áo ba lỗ tập gym yoga nữ Fitme sát nách form ôm body khoét v1, chất cotton mềm mại ABLN02#FM-ABLN02-TR-XL",
10948-1,partial,Missing Sapo source record,orphan_platform_sku_not_in_sapo,,0,,,"Áo ba lỗ tập gym yoga nữ Fitme sát nách ôm body có mút lót, chất cotton co giãn mềm mại ABLN01#FM-ABLN01-CR-2XL",
10949-1,partial,Missing Sapo source record,orphan_platform_sku_not_in_sapo,,0,,,"Áo ba lỗ tập gym yoga nữ Fitme sát nách ôm body có mút lót, chất cotton co giãn mềm mại ABLN01#FM-ABLN01-CR-L",
10950-1,partial,Missing Sapo source record,orphan_platform_sku_not_in_sapo,,0,,,"Áo ba lỗ tập gym yoga nữ Fitme sát nách ôm body có mút lót, chất cotton co giãn mềm mại ABLN01#FM-ABLN01-CR-M",
10951-1,partial,Missing Sapo source record,orphan_platform_sku_not_in_sapo,,0,,,"Áo ba lỗ tập gym yoga nữ Fitme sát nách ôm body có mút lót, chất cotton co giãn mềm mại ABLN01#FM-ABLN01-CR-S",
10952-1,partial,Missing Sapo source record,orphan_platform_sku_not_in_sapo,,0,,,"Áo ba lỗ tập gym yoga nữ Fitme sát nách ôm body có mút lót, chất cotton co giãn mềm mại ABLN01#FM-ABLN01-CR-XL",
10953-1,partial,Missing Sapo source record,orphan_platform_sku_not_in_sapo,,0,,,"Áo ba lỗ tập gym yoga nữ Fitme sát nách ôm body có mút lót, chất cotton co giãn mềm mại ABLN01#FM-ABLN01-DE-2XL",
10954-1,partial,Missing Sapo source record,orphan_platform_sku_not_in_sapo,,0,,,"Áo ba lỗ tập gym yoga nữ Fitme sát nách ôm body có mút lót, chất cotton co giãn mềm mại ABLN01#FM-ABLN01-DE-L",
10955-1,partial,Missing Sapo source record,orphan_platform_sku_not_in_sapo,,0,,,"Áo ba lỗ tập gym yoga nữ Fitme sát nách ôm body có mút lót, chất cotton co giãn mềm mại ABLN01#FM-ABLN01-DE-M",
10956-1,partial,Missing Sapo source record,orphan_platform_sku_not_in_sapo,,0,,,"Áo ba lỗ tập gym yoga nữ Fitme sát nách ôm body có mút lót, chất cotton co giãn mềm mại ABLN01#FM-ABLN01-DE-S",
10957-1,partial,Missing Sapo source record,orphan_platform_sku_not_in_sapo,,0,,,"Áo ba lỗ tập gym yoga nữ Fitme sát nách ôm body có mút lót, chất cotton co giãn mềm mại ABLN01#FM-ABLN01-DE-XL",
10958-1,partial,Missing Sapo source record,orphan_platform_sku_not_in_sapo,,0,,,"Áo ba lỗ tập gym yoga nữ Fitme sát nách ôm body có mút lót, chất cotton co giãn mềm mại ABLN01#FM-ABLN01-SA-2XL",
10959-1,partial,Missing Sapo source record,orphan_platform_sku_not_in_sapo,,0,,,"Áo ba lỗ tập gym yoga nữ Fitme sát nách ôm body có mút lót, chất cotton co giãn mềm mại ABLN01#FM-ABLN01-SA-L",
10960-1,partial,Missing Sapo source record,orphan_platform_sku_not_in_sapo,,0,,,"Áo ba lỗ tập gym yoga nữ Fitme sát nách ôm body có mút lót, chất cotton co giãn mềm mại ABLN01#FM-ABLN01-SA-M",
10961-1,partial,Missing Sapo source record,orphan_platform_sku_not_in_sapo,,0,,,"Áo ba lỗ tập gym yoga nữ Fitme sát nách ôm body có mút lót, chất cotton co giãn mềm mại ABLN01#FM-ABLN01-SA-S",
10962-1,partial,Missing Sapo source record,orphan_platform_sku_not_in_sapo,,0,,,"Áo ba lỗ tập gym yoga nữ Fitme sát nách ôm body có mút lót, chất cotton co giãn mềm mại ABLN01#FM-ABLN01-SA-XL",
10963-1,partial,Missing Sapo source record,orphan_platform_sku_not_in_sapo,,0,,,"Áo ba lỗ tập gym yoga nữ Fitme sát nách ôm body có mút lót, chất cotton co giãn mềm mại ABLN01#FM-ABLN01-TR-2XL",
10964-1,partial,Missing Sapo source record,orphan_platform_sku_not_in_sapo,,0,,,"Áo ba lỗ tập gym yoga nữ Fitme sát nách ôm body có mút lót, chất cotton co giãn mềm mại ABLN01#FM-ABLN01-TR-L",
10965-1,partial,Missing Sapo source record,orphan_platform_sku_not_in_sapo,,0,,,"Áo ba lỗ tập gym yoga nữ Fitme sát nách ôm body có mút lót, chất cotton co giãn mềm mại ABLN01#FM-ABLN01-TR-M",
10966-1,partial,Missing Sapo source record,orphan_platform_sku_not_in_sapo,,0,,,"Áo ba lỗ tập gym yoga nữ Fitme sát nách ôm body có mút lót, chất cotton co giãn mềm mại ABLN01#FM-ABLN01-TR-S",
10967-1,partial,Missing Sapo source record,orphan_platform_sku_not_in_sapo,,0,,,"Áo ba lỗ tập gym yoga nữ Fitme sát nách ôm body có mút lót, chất cotton co giãn mềm mại ABLN01#FM-ABLN01-TR-XL",
3342-10,partial,Missing Sapo source record,orphan_platform_sku_not_in_sapo,,0,,,Áo bra tập gym yoga nữ Fitme Flow thể thao dây chéo có mút chống sốc nâng ngực Racer Back - BRRB,
3342-11,partial,Missing Sapo source record,orphan_platform_sku_not_in_sapo,,0,,,Áo bra tập gym yoga nữ Fitme Flow thể thao dây chéo có mút chống sốc nâng ngực Racer Back - BRRB,
3342-12,partial,Missing Sapo source record,orphan_platform_sku_not_in_sapo,,0,,,Áo bra tập gym yoga nữ Fitme Flow thể thao dây chéo có mút chống sốc nâng ngực Racer Back - BRRB,
3342-9,partial,Missing Sapo source record,orphan_platform_sku_not_in_sapo,,0,,,Áo bra tập gym yoga nữ Fitme Flow thể thao dây chéo có mút chống sốc nâng ngực Racer Back - BRRB,
3641-2,partial,Missing Sapo source record,orphan_platform_sku_not_in_sapo,,0,,,Váy tennis pickleball nữ Fitme FORCE EA cổ V chất liệu co giãn thoáng khí tặng kèm quần bảo hộ DSSP02  #FM-DSSP02-BN-M,
3642-2,partial,Missing Sapo source record,orphan_platform_sku_not_in_sapo,,0,,,Váy tennis pickleball nữ Fitme FORCE EA cổ V chất liệu co giãn thoáng khí tặng kèm quần bảo hộ DSSP02  #FM-DSSP02-BN-S,
3643-2,partial,Missing Sapo source record,orphan_platform_sku_not_in_sapo,,0,,,Váy tennis pickleball nữ Fitme FORCE EA cổ V chất liệu co giãn thoáng khí tặng kèm quần bảo hộ DSSP02  #FM-DSSP02-BN-XL,
3644-2,partial,Missing Sapo source record,orphan_platform_sku_not_in_sapo,,0,,,Váy tennis pickleball nữ Fitme FORCE EA cổ V chất liệu co giãn thoáng khí tặng kèm quần bảo hộ DSSP02  #FM-DSSP02-NN-L,
3645-2,partial,Missing Sapo source record,orphan_platform_sku_not_in_sapo,,0,,,Váy tennis pickleball nữ Fitme FORCE EA cổ V chất liệu co giãn thoáng khí tặng kèm quần bảo hộ DSSP02  #FM-DSSP02-NN-M,
3646-2,partial,Missing Sapo source record,orphan_platform_sku_not_in_sapo,,0,,,Váy tennis pickleball nữ Fitme FORCE EA cổ V chất liệu co giãn thoáng khí tặng kèm quần bảo hộ DSSP02  #FM-DSSP02-NN-S,
3647-2,partial,Missing Sapo source record,orphan_platform_sku_not_in_sapo,,0,,,Váy tennis pickleball nữ Fitme FORCE EA cổ V chất liệu co giãn thoáng khí tặng kèm quần bảo hộ DSSP02  #FM-DSSP02-NN-XL,
3648-2,partial,Missing Sapo source record,orphan_platform_sku_not_in_sapo,,0,,,Váy tennis pickleball nữ Fitme FORCE EA cổ V chất liệu co giãn thoáng khí tặng kèm quần bảo hộ DSSP02  #FM-DSSP02-TN-L,
3649-2,partial,Missing Sapo source record,orphan_platform_sku_not_in_sapo,,0,,,Váy tennis pickleball nữ Fitme FORCE EA cổ V chất liệu co giãn thoáng khí tặng kèm quần bảo hộ DSSP02  #FM-DSSP02-TN-M,
3650-2,partial,Missing Sapo source record,orphan_platform_sku_not_in_sapo,,0,,,Váy tennis pickleball nữ Fitme FORCE EA cổ V chất liệu co giãn thoáng khí tặng kèm quần bảo hộ DSSP02  #FM-DSSP02-TN-S,
3651-2,partial,Missing Sapo source record,orphan_platform_sku_not_in_sapo,,0,,,Váy tennis pickleball nữ Fitme FORCE EA cổ V chất liệu co giãn thoáng khí tặng kèm quần bảo hộ DSSP02  #FM-DSSP02-TN-XL,
3652-2,partial,Missing Sapo source record,orphan_platform_sku_not_in_sapo,,0,,,Váy tennis pickleball nữ Fitme FORCE EA cổ V chất liệu co giãn thoáng khí tặng kèm quần bảo hộ DSSP02  #FM-DSSP02-TR-L,
3653-2,partial,Missing Sapo source record,orphan_platform_sku_not_in_sapo,,0,,,Váy tennis pickleball nữ Fitme FORCE EA cổ V chất liệu co giãn thoáng khí tặng kèm quần bảo hộ DSSP02  #FM-DSSP02-TR-M,
3654-2,partial,Missing Sapo source record,orphan_platform_sku_not_in_sapo,,0,,,Váy tennis pickleball nữ Fitme FORCE EA cổ V chất liệu co giãn thoáng khí tặng kèm quần bảo hộ DSSP02  #FM-DSSP02-TR-S,
3655-2,partial,Missing Sapo source record,orphan_platform_sku_not_in_sapo,,0,,,Váy tennis pickleball nữ Fitme FORCE EA cổ V chất liệu co giãn thoáng khí tặng kèm quần bảo hộ DSSP02  #FM-DSSP02-TR-XL,
4569-2,partial,Missing Sapo source record,orphan_platform_sku_not_in_sapo,,0,,,[GIFT] Cam kết Fitme đồng hành cùng quá trình luyện tập thể thao tăng cường sức khỏe của bạn CKFM01,
4661-2,partial,Missing Sapo source record,orphan_platform_sku_not_in_sapo,,0,,,"Bộ đồ tập gym yoga Fitme áo bra thể thao Racer Back, Quần legging dài Zeta Midnight Blue",
4662-2,partial,Missing Sapo source record,orphan_platform_sku_not_in_sapo,,0,,,"Bộ đồ tập gym yoga Fitme áo bra thể thao Racer Back, Quần legging dài Zeta Midnight Blue",
4663-2,partial,Missing Sapo source record,orphan_platform_sku_not_in_sapo,,0,,,"Bộ đồ tập gym yoga Fitme áo bra thể thao Racer Back, Quần legging dài Zeta Midnight Blue",
4664-2,partial,Missing Sapo source record,orphan_platform_sku_not_in_sapo,,0,,,"Bộ đồ tập gym yoga Fitme áo bra thể thao Racer Back, Quần legging dài Zeta Midnight Blue",
4665-2,partial,Missing Sapo source record,orphan_platform_sku_not_in_sapo,,0,,,"Bộ đồ tập gym yoga Fitme áo bra thể thao Racer Back, Quần legging dài Zeta Midnight Blue",
4666-2,partial,Missing Sapo source record,orphan_platform_sku_not_in_sapo,,0,,,"Bộ đồ tập gym yoga Fitme áo bra thể thao Racer Back, Quần legging dài Zeta Midnight Blue",
4667-2,partial,Missing Sapo source record,orphan_platform_sku_not_in_sapo,,0,,,"Bộ đồ tập gym yoga Fitme áo bra thể thao Racer Back, Quần legging dài Zeta Midnight Blue",
4668-2,partial,Missing Sapo source record,orphan_platform_sku_not_in_sapo,,0,,,"Bộ đồ tập gym yoga Fitme áo bra thể thao Racer Back, Quần legging dài Zeta Midnight Blue",
4669-2,partial,Missing Sapo source record,orphan_platform_sku_not_in_sapo,,0,,,"Bộ đồ tập gym yoga Fitme áo bra thể thao Racer Back, Quần legging dài Zeta Midnight Blue",
4670-2,partial,Missing Sapo source record,orphan_platform_sku_not_in_sapo,,0,,,"Bộ đồ tập gym yoga Fitme áo bra thể thao Racer Back, Quần legging dài Zeta Midnight Blue",
4671-2,partial,Missing Sapo source record,orphan_platform_sku_not_in_sapo,,0,,,"Bộ đồ tập gym yoga Fitme áo bra thể thao Racer Back, Quần legging dài Zeta Midnight Blue",
4672-2,partial,Missing Sapo source record,orphan_platform_sku_not_in_sapo,,0,,,"Bộ đồ tập gym yoga Fitme áo bra thể thao Racer Back, Quần legging dài Zeta Midnight Blue",
4673-2,partial,Missing Sapo source record,orphan_platform_sku_not_in_sapo,,0,,,"Bộ đồ tập gym yoga Fitme áo bra thể thao Racer Back, Quần legging dài Zeta Midnight Blue",
4674-2,partial,Missing Sapo source record,orphan_platform_sku_not_in_sapo,,0,,,"Bộ đồ tập gym yoga Fitme áo bra thể thao Racer Back, Quần legging dài Zeta Midnight Blue",
4675-2,partial,Missing Sapo source record,orphan_platform_sku_not_in_sapo,,0,,,"Bộ đồ tập gym yoga Fitme áo bra thể thao Racer Back, Quần legging dài Zeta Midnight Blue",
4676-2,partial,Missing Sapo source record,orphan_platform_sku_not_in_sapo,,0,,,"Bộ đồ tập gym yoga Fitme áo bra thể thao Racer Back, Quần legging dài Zeta Midnight Blue",
4677-2,partial,Missing Sapo source record,orphan_platform_sku_not_in_sapo,,0,,,"Bộ đồ tập gym yoga Fitme áo bra thể thao Racer Back, Quần legging dài Zeta Midnight Blue",
4678-2,partial,Missing Sapo source record,orphan_platform_sku_not_in_sapo,,0,,,"Bộ đồ tập gym yoga Fitme áo bra thể thao Racer Back, Quần legging dài Zeta Midnight Blue",
4679-2,partial,Missing Sapo source record,orphan_platform_sku_not_in_sapo,,0,,,"Bộ đồ tập gym yoga Fitme áo bra thể thao Racer Back, Quần legging dài Zeta Midnight Blue",
4680-2,partial,Missing Sapo source record,orphan_platform_sku_not_in_sapo,,0,,,"Bộ đồ tập gym yoga Fitme áo bra thể thao Racer Back, Quần legging dài Zeta Midnight Blue",
519-3,partial,Missing Sapo source record,orphan_platform_sku_not_in_sapo,,0,,,"Bộ đồ tập gym boxing nam Fitme Men áo thun ba lỗ, Quần đùi vạt xẻ cạp chun co giãn Space Grey",
521-3,partial,Missing Sapo source record,orphan_platform_sku_not_in_sapo,,0,,,"Bộ đồ tập gym nam Fitme Men áo thun Performance 2.0 oversize, Quần đùi Ultralight thoáng khí Đen",
522-3,partial,Missing Sapo source record,orphan_platform_sku_not_in_sapo,,0,,,"Bộ đồ tập gym nam Fitme Men áo thun oversize co giãn 4 chiều AOTN01, Quần đùi thoáng khí vạt xẻ QN1L03 Space Grey",
5895-2,partial,Missing Sapo source record,orphan_platform_sku_not_in_sapo,,0,,,"Bộ đồ tập gym boxing nam Fitme Men áo tay dài ôm body chống ma sát, Quần jogger túi hộp co giãn cao cấp Space Grey",
5896-2,partial,Missing Sapo source record,orphan_platform_sku_not_in_sapo,,0,,,"Bộ đồ tập gym boxing nam Fitme Men áo tay dài ôm body chống ma sát, Quần jogger túi hộp co giãn cao cấp Space Grey",
5897-2,partial,Missing Sapo source record,orphan_platform_sku_not_in_sapo,,0,,,"Bộ đồ tập gym boxing nam Fitme Men áo tay dài ôm body chống ma sát, Quần jogger túi hộp co giãn cao cấp Space Grey",
5898-2,partial,Missing Sapo source record,orphan_platform_sku_not_in_sapo,,0,,,"Bộ đồ tập gym boxing nam Fitme Men áo tay dài ôm body chống ma sát, Quần jogger túi hộp co giãn cao cấp Space Grey",
5899-2,partial,Missing Sapo source record,orphan_platform_sku_not_in_sapo,,0,,,"Bộ đồ tập gym boxing nam Fitme Men áo tay dài ôm body chống ma sát, Quần jogger túi hộp co giãn cao cấp Space Grey",
5900-2,partial,Missing Sapo source record,orphan_platform_sku_not_in_sapo,,0,,,"Bộ đồ tập gym boxing nam Fitme Men áo tay dài ôm body chống ma sát, Quần jogger túi hộp co giãn cao cấp Space Grey",
5901-2,partial,Missing Sapo source record,orphan_platform_sku_not_in_sapo,,0,,,"Bộ đồ tập gym boxing nam Fitme Men áo tay dài ôm body chống ma sát, Quần jogger túi hộp co giãn cao cấp Space Grey",
5902-2,partial,Missing Sapo source record,orphan_platform_sku_not_in_sapo,,0,,,"Bộ đồ tập gym boxing nam Fitme Men áo tay dài ôm body chống ma sát, Quần jogger túi hộp co giãn cao cấp Space Grey",
5903-2,partial,Missing Sapo source record,orphan_platform_sku_not_in_sapo,,0,,,"Bộ đồ tập gym boxing nam Fitme Men áo tay dài ôm body chống ma sát, Quần jogger túi hộp co giãn cao cấp Space Grey",
5904-2,partial,Missing Sapo source record,orphan_platform_sku_not_in_sapo,,0,,,"Bộ đồ tập gym boxing nam Fitme Men áo tay dài ôm body chống ma sát, Quần jogger túi hộp co giãn cao cấp Space Grey",
5905-2,partial,Missing Sapo source record,orphan_platform_sku_not_in_sapo,,0,,,"Bộ đồ tập gym boxing nam Fitme Men áo tay dài ôm body chống ma sát, Quần jogger túi hộp co giãn cao cấp Space Grey",
5906-2,partial,Missing Sapo source record,orphan_platform_sku_not_in_sapo,,0,,,"Bộ đồ tập gym boxing nam Fitme Men áo tay dài ôm body chống ma sát, Quần jogger túi hộp co giãn cao cấp Space Grey",
5907-2,partial,Missing Sapo source record,orphan_platform_sku_not_in_sapo,,0,,,"Bộ đồ tập gym boxing nam Fitme Men áo tay dài ôm body chống ma sát, Quần jogger túi hộp co giãn cao cấp Space Grey",
5908-2,partial,Missing Sapo source record,orphan_platform_sku_not_in_sapo,,0,,,"Bộ đồ tập gym boxing nam Fitme Men áo tay dài ôm body chống ma sát, Quần jogger túi hộp co giãn cao cấp Space Grey",
5909-2,partial,Missing Sapo source record,orphan_platform_sku_not_in_sapo,,0,,,"Bộ đồ tập gym boxing nam Fitme Men áo tay dài ôm body chống ma sát, Quần jogger túi hộp co giãn cao cấp Space Grey",
5910-2,partial,Missing Sapo source record,orphan_platform_sku_not_in_sapo,,0,,,"Bộ đồ tập gym boxing nam Fitme Men áo tay dài ôm body chống ma sát, Quần jogger túi hộp co giãn cao cấp Space Grey",
5911-2,partial,Missing Sapo source record,orphan_platform_sku_not_in_sapo,,0,,,"Bộ đồ tập gym boxing nam Fitme Men áo tay dài ôm body chống ma sát, Quần jogger túi hộp co giãn cao cấp Space Grey",
5912-2,partial,Missing Sapo source record,orphan_platform_sku_not_in_sapo,,0,,,"Bộ đồ tập gym boxing nam Fitme Men áo tay dài ôm body chống ma sát, Quần jogger túi hộp co giãn cao cấp Space Grey",
5913-2,partial,Missing Sapo source record,orphan_platform_sku_not_in_sapo,,0,,,"Bộ đồ tập gym boxing nam Fitme Men áo tay dài ôm body chống ma sát, Quần jogger túi hộp co giãn cao cấp Space Grey",
5914-2,partial,Missing Sapo source record,orphan_platform_sku_not_in_sapo,,0,,,"Bộ đồ tập gym boxing nam Fitme Men áo tay dài ôm body chống ma sát, Quần jogger túi hộp co giãn cao cấp Space Grey",
5915-2,partial,Missing Sapo source record,orphan_platform_sku_not_in_sapo,,0,,,"Bộ đồ tập gym boxing nam Fitme Men áo tay dài ôm body chống ma sát, Quần jogger túi hộp co giãn cao cấp Space Grey",
5916-2,partial,Missing Sapo source record,orphan_platform_sku_not_in_sapo,,0,,,"Bộ đồ tập gym boxing nam Fitme Men áo tay dài ôm body chống ma sát, Quần jogger túi hộp co giãn cao cấp Space Grey",
5917-2,partial,Missing Sapo source record,orphan_platform_sku_not_in_sapo,,0,,,"Bộ đồ tập gym boxing nam Fitme Men áo tay dài ôm body chống ma sát, Quần jogger túi hộp co giãn cao cấp Space Grey",
5918-2,partial,Missing Sapo source record,orphan_platform_sku_not_in_sapo,,0,,,"Bộ đồ tập gym boxing nam Fitme Men áo tay dài ôm body chống ma sát, Quần jogger túi hộp co giãn cao cấp Space Grey",
5919-2,partial,Missing Sapo source record,orphan_platform_sku_not_in_sapo,,0,,,"Bộ đồ tập gym boxing nam Fitme Men áo tay dài ôm body chống ma sát, Quần jogger túi hộp co giãn cao cấp Space Grey",
6019-2,partial,Missing Sapo source record,orphan_platform_sku_not_in_sapo,,0,,,"Bộ đồ tập gym boxing nam Fitme Men áo thun ba lỗ, Quần đùi vạt xẻ cạp chun co giãn Space Grey",
6020-2,partial,Missing Sapo source record,orphan_platform_sku_not_in_sapo,,0,,,"Bộ đồ tập gym boxing nam Fitme Men áo thun ba lỗ, Quần đùi vạt xẻ cạp chun co giãn Space Grey",
6021-2,partial,Missing Sapo source record,orphan_platform_sku_not_in_sapo,,0,,,"Bộ đồ tập gym boxing nam Fitme Men áo thun ba lỗ, Quần đùi vạt xẻ cạp chun co giãn Space Grey",
6022-2,partial,Missing Sapo source record,orphan_platform_sku_not_in_sapo,,0,,,"Bộ đồ tập gym boxing nam Fitme Men áo thun ba lỗ, Quần đùi vạt xẻ cạp chun co giãn Space Grey",
6023-2,partial,Missing Sapo source record,orphan_platform_sku_not_in_sapo,,0,,,"Bộ đồ tập gym boxing nam Fitme Men áo thun ba lỗ, Quần đùi vạt xẻ cạp chun co giãn Space Grey",
6024-2,partial,Missing Sapo source record,orphan_platform_sku_not_in_sapo,,0,,,"Bộ đồ tập gym boxing nam Fitme Men áo thun ba lỗ, Quần đùi vạt xẻ cạp chun co giãn Space Grey",
6025-2,partial,Missing Sapo source record,orphan_platform_sku_not_in_sapo,,0,,,"Bộ đồ tập gym boxing nam Fitme Men áo thun ba lỗ, Quần đùi vạt xẻ cạp chun co giãn Space Grey",
6026-2,partial,Missing Sapo source record,orphan_platform_sku_not_in_sapo,,0,,,"Bộ đồ tập gym boxing nam Fitme Men áo thun ba lỗ, Quần đùi vạt xẻ cạp chun co giãn Space Grey",
6027-2,partial,Missing Sapo source record,orphan_platform_sku_not_in_sapo,,0,,,"Bộ đồ tập gym boxing nam Fitme Men áo thun ba lỗ, Quần đùi vạt xẻ cạp chun co giãn Space Grey",
6028-2,partial,Missing Sapo source record,orphan_platform_sku_not_in_sapo,,0,,,"Bộ đồ tập gym boxing nam Fitme Men áo thun ba lỗ, Quần đùi vạt xẻ cạp chun co giãn Space Grey",
6029-2,partial,Missing Sapo source record,orphan_platform_sku_not_in_sapo,,0,,,"Bộ đồ tập gym boxing nam Fitme Men áo thun ba lỗ, Quần đùi vạt xẻ cạp chun co giãn Space Grey",
6030-2,partial,Missing Sapo source record,orphan_platform_sku_not_in_sapo,,0,,,"Bộ đồ tập gym boxing nam Fitme Men áo thun ba lỗ, Quần đùi vạt xẻ cạp chun co giãn Space Grey",
6031-2,partial,Missing Sapo source record,orphan_platform_sku_not_in_sapo,,0,,,"Bộ đồ tập gym boxing nam Fitme Men áo thun ba lỗ, Quần đùi vạt xẻ cạp chun co giãn Space Grey",
6032-2,partial,Missing Sapo source record,orphan_platform_sku_not_in_sapo,,0,,,"Bộ đồ tập gym boxing nam Fitme Men áo thun ba lỗ, Quần đùi vạt xẻ cạp chun co giãn Space Grey",
6033-2,partial,Missing Sapo source record,orphan_platform_sku_not_in_sapo,,0,,,"Bộ đồ tập gym boxing nam Fitme Men áo thun ba lỗ, Quần đùi vạt xẻ cạp chun co giãn Space Grey",
6034-2,partial,Missing Sapo source record,orphan_platform_sku_not_in_sapo,,0,,,"Bộ đồ tập gym boxing nam Fitme Men áo thun ba lỗ, Quần đùi vạt xẻ cạp chun co giãn Space Grey",
6035-2,partial,Missing Sapo source record,orphan_platform_sku_not_in_sapo,,0,,,"Bộ đồ tập gym boxing nam Fitme Men áo thun ba lỗ, Quần đùi vạt xẻ cạp chun co giãn Space Grey",
6036-2,partial,Missing Sapo source record,orphan_platform_sku_not_in_sapo,,0,,,"Bộ đồ tập gym boxing nam Fitme Men áo thun ba lỗ, Quần đùi vạt xẻ cạp chun co giãn Space Grey",
6037-2,partial,Missing Sapo source record,orphan_platform_sku_not_in_sapo,,0,,,"Bộ đồ tập gym boxing nam Fitme Men áo thun ba lỗ, Quần đùi vạt xẻ cạp chun co giãn Space Grey",
6038-2,partial,Missing Sapo source record,orphan_platform_sku_not_in_sapo,,0,,,"Bộ đồ tập gym boxing nam Fitme Men áo thun ba lỗ, Quần đùi vạt xẻ cạp chun co giãn Space Grey",
6039-2,partial,Missing Sapo source record,orphan_platform_sku_not_in_sapo,,0,,,"Bộ đồ tập gym boxing nam Fitme Men áo thun ba lỗ, Quần đùi vạt xẻ cạp chun co giãn Space Grey",
6040-2,partial,Missing Sapo source record,orphan_platform_sku_not_in_sapo,,0,,,"Bộ đồ tập gym boxing nam Fitme Men áo thun ba lỗ, Quần đùi vạt xẻ cạp chun co giãn Space Grey",
6041-2,partial,Missing Sapo source record,orphan_platform_sku_not_in_sapo,,0,,,"Bộ đồ tập gym boxing nam Fitme Men áo thun ba lỗ, Quần đùi vạt xẻ cạp chun co giãn Space Grey",
6042-2,partial,Missing Sapo source record,orphan_platform_sku_not_in_sapo,,0,,,"Bộ đồ tập gym boxing nam Fitme Men áo thun ba lỗ, Quần đùi vạt xẻ cạp chun co giãn Space Grey",
6166-2,partial,Missing Sapo source record,orphan_platform_sku_not_in_sapo,,0,,,"Bộ đồ tập gym nam Fitme Men áo tay dài oversize AOTD01 Space Grey, Quần đùi thoáng khí QN1L04 Stone",
6167-2,partial,Missing Sapo source record,orphan_platform_sku_not_in_sapo,,0,,,"Bộ đồ tập gym nam Fitme Men áo tay dài oversize AOTD01 Space Grey, Quần đùi thoáng khí QN1L04 Stone",
6168-2,partial,Missing Sapo source record,orphan_platform_sku_not_in_sapo,,0,,,"Bộ đồ tập gym nam Fitme Men áo tay dài oversize AOTD01 Space Grey, Quần đùi thoáng khí QN1L04 Stone",
6169-2,partial,Missing Sapo source record,orphan_platform_sku_not_in_sapo,,0,,,"Bộ đồ tập gym nam Fitme Men áo tay dài oversize AOTD01 Space Grey, Quần đùi thoáng khí QN1L04 Stone",
6170-2,partial,Missing Sapo source record,orphan_platform_sku_not_in_sapo,,0,,,"Bộ đồ tập gym nam Fitme Men áo tay dài oversize AOTD01 Space Grey, Quần đùi thoáng khí QN1L04 Stone",
6171-2,partial,Missing Sapo source record,orphan_platform_sku_not_in_sapo,,0,,,"Bộ đồ tập gym nam Fitme Men áo tay dài oversize AOTD01 Space Grey, Quần đùi thoáng khí QN1L04 Stone",
6172-2,partial,Missing Sapo source record,orphan_platform_sku_not_in_sapo,,0,,,"Bộ đồ tập gym nam Fitme Men áo tay dài oversize AOTD01 Space Grey, Quần đùi thoáng khí QN1L04 Stone",
6173-2,partial,Missing Sapo source record,orphan_platform_sku_not_in_sapo,,0,,,"Bộ đồ tập gym nam Fitme Men áo tay dài oversize AOTD01 Space Grey, Quần đùi thoáng khí QN1L04 Stone",
6174-2,partial,Missing Sapo source record,orphan_platform_sku_not_in_sapo,,0,,,"Bộ đồ tập gym nam Fitme Men áo tay dài oversize AOTD01 Space Grey, Quần đùi thoáng khí QN1L04 Stone",
6175-2,partial,Missing Sapo source record,orphan_platform_sku_not_in_sapo,,0,,,"Bộ đồ tập gym nam Fitme Men áo tay dài oversize AOTD01 Space Grey, Quần đùi thoáng khí QN1L04 Stone",
6176-2,partial,Missing Sapo source record,orphan_platform_sku_not_in_sapo,,0,,,"Bộ đồ tập gym nam Fitme Men áo tay dài oversize AOTD01 Space Grey, Quần đùi thoáng khí QN1L04 Stone",
6177-2,partial,Missing Sapo source record,orphan_platform_sku_not_in_sapo,,0,,,"Bộ đồ tập gym nam Fitme Men áo tay dài oversize AOTD01 Space Grey, Quần đùi thoáng khí QN1L04 Stone",
6178-2,partial,Missing Sapo source record,orphan_platform_sku_not_in_sapo,,0,,,"Bộ đồ tập gym nam Fitme Men áo tay dài oversize AOTD01 Space Grey, Quần đùi thoáng khí QN1L04 Stone",
6179-2,partial,Missing Sapo source record,orphan_platform_sku_not_in_sapo,,0,,,"Bộ đồ tập gym nam Fitme Men áo tay dài oversize AOTD01 Space Grey, Quần đùi thoáng khí QN1L04 Stone",
6180-2,partial,Missing Sapo source record,orphan_platform_sku_not_in_sapo,,0,,,"Bộ đồ tập gym nam Fitme Men áo tay dài oversize AOTD01 Space Grey, Quần đùi thoáng khí QN1L04 Stone",
6181-2,partial,Missing Sapo source record,orphan_platform_sku_not_in_sapo,,0,,,"Bộ đồ tập gym nam Fitme Men áo tay dài oversize AOTD01 Space Grey, Quần đùi thoáng khí QN1L04 Stone",
6182-2,partial,Missing Sapo source record,orphan_platform_sku_not_in_sapo,,0,,,"Bộ đồ tập gym nam Fitme Men áo tay dài oversize AOTD01 Space Grey, Quần đùi thoáng khí QN1L04 Stone",
6183-2,partial,Missing Sapo source record,orphan_platform_sku_not_in_sapo,,0,,,"Bộ đồ tập gym nam Fitme Men áo tay dài oversize AOTD01 Space Grey, Quần đùi thoáng khí QN1L04 Stone",
6184-2,partial,Missing Sapo source record,orphan_platform_sku_not_in_sapo,,0,,,"Bộ đồ tập gym nam Fitme Men áo tay dài oversize AOTD01 Space Grey, Quần đùi thoáng khí QN1L04 Stone",
6185-2,partial,Missing Sapo source record,orphan_platform_sku_not_in_sapo,,0,,,"Bộ đồ tập gym nam Fitme Men áo tay dài oversize AOTD01 Space Grey, Quần đùi thoáng khí QN1L04 Stone",
6186-2,partial,Missing Sapo source record,orphan_platform_sku_not_in_sapo,,0,,,"Bộ đồ tập gym nam Fitme Men áo tay dài oversize AOTD01 Space Grey, Quần đùi thoáng khí QN1L04 Stone",
6187-2,partial,Missing Sapo source record,orphan_platform_sku_not_in_sapo,,0,,,"Bộ đồ tập gym nam Fitme Men áo tay dài oversize AOTD01 Space Grey, Quần đùi thoáng khí QN1L04 Stone",
6188-2,partial,Missing Sapo source record,orphan_platform_sku_not_in_sapo,,0,,,"Bộ đồ tập gym nam Fitme Men áo tay dài oversize AOTD01 Space Grey, Quần đùi thoáng khí QN1L04 Stone",
6189-2,partial,Missing Sapo source record,orphan_platform_sku_not_in_sapo,,0,,,"Bộ đồ tập gym nam Fitme Men áo tay dài oversize AOTD01 Space Grey, Quần đùi thoáng khí QN1L04 Stone",
6190-2,partial,Missing Sapo source record,orphan_platform_sku_not_in_sapo,,0,,,"Bộ đồ tập gym nam Fitme Men áo tay dài oversize AOTD01 Space Grey, Quần đùi thoáng khí QN1L04 Stone",
6241-2,partial,Missing Sapo source record,orphan_platform_sku_not_in_sapo,,0,,,"Bộ đồ tập gym nam Fitme Men áo thun oversize co giãn 4 chiều AOTN01, Quần đùi thoáng khí vạt xẻ QN1L03 Space Grey",
6242-2,partial,Missing Sapo source record,orphan_platform_sku_not_in_sapo,,0,,,"Bộ đồ tập gym nam Fitme Men áo thun oversize co giãn 4 chiều AOTN01, Quần đùi thoáng khí vạt xẻ QN1L03 Space Grey",
6243-2,partial,Missing Sapo source record,orphan_platform_sku_not_in_sapo,,0,,,"Bộ đồ tập gym nam Fitme Men áo thun oversize co giãn 4 chiều AOTN01, Quần đùi thoáng khí vạt xẻ QN1L03 Space Grey",
6244-2,partial,Missing Sapo source record,orphan_platform_sku_not_in_sapo,,0,,,"Bộ đồ tập gym nam Fitme Men áo thun oversize co giãn 4 chiều AOTN01, Quần đùi thoáng khí vạt xẻ QN1L03 Space Grey",
6245-2,partial,Missing Sapo source record,orphan_platform_sku_not_in_sapo,,0,,,"Bộ đồ tập gym nam Fitme Men áo thun oversize co giãn 4 chiều AOTN01, Quần đùi thoáng khí vạt xẻ QN1L03 Space Grey",
6246-2,partial,Missing Sapo source record,orphan_platform_sku_not_in_sapo,,0,,,"Bộ đồ tập gym nam Fitme Men áo thun oversize co giãn 4 chiều AOTN01, Quần đùi thoáng khí vạt xẻ QN1L03 Space Grey",
6247-2,partial,Missing Sapo source record,orphan_platform_sku_not_in_sapo,,0,,,"Bộ đồ tập gym nam Fitme Men áo thun oversize co giãn 4 chiều AOTN01, Quần đùi thoáng khí vạt xẻ QN1L03 Space Grey",
6248-2,partial,Missing Sapo source record,orphan_platform_sku_not_in_sapo,,0,,,"Bộ đồ tập gym nam Fitme Men áo thun oversize co giãn 4 chiều AOTN01, Quần đùi thoáng khí vạt xẻ QN1L03 Space Grey",
6249-2,partial,Missing Sapo source record,orphan_platform_sku_not_in_sapo,,0,,,"Bộ đồ tập gym nam Fitme Men áo thun oversize co giãn 4 chiều AOTN01, Quần đùi thoáng khí vạt xẻ QN1L03 Space Grey",
6250-2,partial,Missing Sapo source record,orphan_platform_sku_not_in_sapo,,0,,,"Bộ đồ tập gym nam Fitme Men áo thun oversize co giãn 4 chiều AOTN01, Quần đùi thoáng khí vạt xẻ QN1L03 Space Grey",
6251-2,partial,Missing Sapo source record,orphan_platform_sku_not_in_sapo,,0,,,"Bộ đồ tập gym nam Fitme Men áo thun oversize co giãn 4 chiều AOTN01, Quần đùi thoáng khí vạt xẻ QN1L03 Space Grey",
6252-2,partial,Missing Sapo source record,orphan_platform_sku_not_in_sapo,,0,,,"Bộ đồ tập gym nam Fitme Men áo thun oversize co giãn 4 chiều AOTN01, Quần đùi thoáng khí vạt xẻ QN1L03 Space Grey",
6253-2,partial,Missing Sapo source record,orphan_platform_sku_not_in_sapo,,0,,,"Bộ đồ tập gym nam Fitme Men áo thun oversize co giãn 4 chiều AOTN01, Quần đùi thoáng khí vạt xẻ QN1L03 Space Grey",
6254-2,partial,Missing Sapo source record,orphan_platform_sku_not_in_sapo,,0,,,"Bộ đồ tập gym nam Fitme Men áo thun oversize co giãn 4 chiều AOTN01, Quần đùi thoáng khí vạt xẻ QN1L03 Space Grey",
6255-2,partial,Missing Sapo source record,orphan_platform_sku_not_in_sapo,,0,,,"Bộ đồ tập gym nam Fitme Men áo thun oversize co giãn 4 chiều AOTN01, Quần đùi thoáng khí vạt xẻ QN1L03 Space Grey",
6256-2,partial,Missing Sapo source record,orphan_platform_sku_not_in_sapo,,0,,,"Bộ đồ tập gym nam Fitme Men áo thun oversize co giãn 4 chiều AOTN01, Quần đùi thoáng khí vạt xẻ QN1L03 Space Grey",
6257-2,partial,Missing Sapo source record,orphan_platform_sku_not_in_sapo,,0,,,"Bộ đồ tập gym nam Fitme Men áo thun oversize co giãn 4 chiều AOTN01, Quần đùi thoáng khí vạt xẻ QN1L03 Space Grey",
6258-2,partial,Missing Sapo source record,orphan_platform_sku_not_in_sapo,,0,,,"Bộ đồ tập gym nam Fitme Men áo thun oversize co giãn 4 chiều AOTN01, Quần đùi thoáng khí vạt xẻ QN1L03 Space Grey",
6259-2,partial,Missing Sapo source record,orphan_platform_sku_not_in_sapo,,0,,,"Bộ đồ tập gym nam Fitme Men áo thun oversize co giãn 4 chiều AOTN01, Quần đùi thoáng khí vạt xẻ QN1L03 Space Grey",
6260-2,partial,Missing Sapo source record,orphan_platform_sku_not_in_sapo,,0,,,"Bộ đồ tập gym nam Fitme Men áo thun oversize co giãn 4 chiều AOTN01, Quần đùi thoáng khí vạt xẻ QN1L03 Space Grey",
6261-2,partial,Missing Sapo source record,orphan_platform_sku_not_in_sapo,,0,,,"Bộ đồ tập gym nam Fitme Men áo thun oversize co giãn 4 chiều AOTN01, Quần đùi thoáng khí vạt xẻ QN1L03 Space Grey",
6262-2,partial,Missing Sapo source record,orphan_platform_sku_not_in_sapo,,0,,,"Bộ đồ tập gym nam Fitme Men áo thun oversize co giãn 4 chiều AOTN01, Quần đùi thoáng khí vạt xẻ QN1L03 Space Grey",
6263-2,partial,Missing Sapo source record,orphan_platform_sku_not_in_sapo,,0,,,"Bộ đồ tập gym nam Fitme Men áo thun oversize co giãn 4 chiều AOTN01, Quần đùi thoáng khí vạt xẻ QN1L03 Space Grey",
6264-2,partial,Missing Sapo source record,orphan_platform_sku_not_in_sapo,,0,,,"Bộ đồ tập gym nam Fitme Men áo thun oversize co giãn 4 chiều AOTN01, Quần đùi thoáng khí vạt xẻ QN1L03 Space Grey",
6265-2,partial,Missing Sapo source record,orphan_platform_sku_not_in_sapo,,0,,,"Bộ đồ tập gym nam Fitme Men áo thun Performance 2.0 oversize, Quần đùi Ultralight thoáng khí Đen",
6266-2,partial,Missing Sapo source record,orphan_platform_sku_not_in_sapo,,0,,,"Bộ đồ tập gym nam Fitme Men áo thun Performance 2.0 oversize, Quần đùi Ultralight thoáng khí Đen",
6267-2,partial,Missing Sapo source record,orphan_platform_sku_not_in_sapo,,0,,,"Bộ đồ tập gym nam Fitme Men áo thun Performance 2.0 oversize, Quần đùi Ultralight thoáng khí Đen",
6268-2,partial,Missing Sapo source record,orphan_platform_sku_not_in_sapo,,0,,,"Bộ đồ tập gym nam Fitme Men áo thun Performance 2.0 oversize, Quần đùi Ultralight thoáng khí Đen",
6269-2,partial,Missing Sapo source record,orphan_platform_sku_not_in_sapo,,0,,,"Bộ đồ tập gym nam Fitme Men áo thun Performance 2.0 oversize, Quần đùi Ultralight thoáng khí Đen",
6270-2,partial,Missing Sapo source record,orphan_platform_sku_not_in_sapo,,0,,,"Bộ đồ tập gym nam Fitme Men áo thun Performance 2.0 oversize, Quần đùi Ultralight thoáng khí Đen",
6271-2,partial,Missing Sapo source record,orphan_platform_sku_not_in_sapo,,0,,,"Bộ đồ tập gym nam Fitme Men áo thun Performance 2.0 oversize, Quần đùi Ultralight thoáng khí Đen",
6272-2,partial,Missing Sapo source record,orphan_platform_sku_not_in_sapo,,0,,,"Bộ đồ tập gym nam Fitme Men áo thun Performance 2.0 oversize, Quần đùi Ultralight thoáng khí Đen",
6273-2,partial,Missing Sapo source record,orphan_platform_sku_not_in_sapo,,0,,,"Bộ đồ tập gym nam Fitme Men áo thun Performance 2.0 oversize, Quần đùi Ultralight thoáng khí Đen",
6274-2,partial,Missing Sapo source record,orphan_platform_sku_not_in_sapo,,0,,,"Bộ đồ tập gym nam Fitme Men áo thun Performance 2.0 oversize, Quần đùi Ultralight thoáng khí Đen",
6275-2,partial,Missing Sapo source record,orphan_platform_sku_not_in_sapo,,0,,,"Bộ đồ tập gym nam Fitme Men áo thun Performance 2.0 oversize, Quần đùi Ultralight thoáng khí Đen",
6276-2,partial,Missing Sapo source record,orphan_platform_sku_not_in_sapo,,0,,,"Bộ đồ tập gym nam Fitme Men áo thun Performance 2.0 oversize, Quần đùi Ultralight thoáng khí Đen",
6277-2,partial,Missing Sapo source record,orphan_platform_sku_not_in_sapo,,0,,,"Bộ đồ tập gym nam Fitme Men áo thun Performance 2.0 oversize, Quần đùi Ultralight thoáng khí Đen",
6278-2,partial,Missing Sapo source record,orphan_platform_sku_not_in_sapo,,0,,,"Bộ đồ tập gym nam Fitme Men áo thun Performance 2.0 oversize, Quần đùi Ultralight thoáng khí Đen",
6279-2,partial,Missing Sapo source record,orphan_platform_sku_not_in_sapo,,0,,,"Bộ đồ tập gym nam Fitme Men áo thun Performance 2.0 oversize, Quần đùi Ultralight thoáng khí Đen",
6280-2,partial,Missing Sapo source record,orphan_platform_sku_not_in_sapo,,0,,,"Bộ đồ tập gym nam Fitme Men áo thun Performance 2.0 oversize, Quần đùi Ultralight thoáng khí Đen",
6281-2,partial,Missing Sapo source record,orphan_platform_sku_not_in_sapo,,0,,,"Bộ đồ tập gym nam Fitme Men áo thun Performance 2.0 oversize, Quần đùi Ultralight thoáng khí Đen",
6282-2,partial,Missing Sapo source record,orphan_platform_sku_not_in_sapo,,0,,,"Bộ đồ tập gym nam Fitme Men áo thun Performance 2.0 oversize, Quần đùi Ultralight thoáng khí Đen",
6283-2,partial,Missing Sapo source record,orphan_platform_sku_not_in_sapo,,0,,,"Bộ đồ tập gym nam Fitme Men áo thun Performance 2.0 oversize, Quần đùi Ultralight thoáng khí Đen",
6284-2,partial,Missing Sapo source record,orphan_platform_sku_not_in_sapo,,0,,,"Bộ đồ tập gym nam Fitme Men áo thun Performance 2.0 oversize, Quần đùi Ultralight thoáng khí Đen",
6285-2,partial,Missing Sapo source record,orphan_platform_sku_not_in_sapo,,0,,,"Bộ đồ tập gym nam Fitme Men áo thun Performance 2.0 oversize, Quần đùi Ultralight thoáng khí Đen",
6286-2,partial,Missing Sapo source record,orphan_platform_sku_not_in_sapo,,0,,,"Bộ đồ tập gym nam Fitme Men áo thun Performance 2.0 oversize, Quần đùi Ultralight thoáng khí Đen",
6287-2,partial,Missing Sapo source record,orphan_platform_sku_not_in_sapo,,0,,,"Bộ đồ tập gym nam Fitme Men áo thun Performance 2.0 oversize, Quần đùi Ultralight thoáng khí Đen",
6288-2,partial,Missing Sapo source record,orphan_platform_sku_not_in_sapo,,0,,,"Bộ đồ tập gym nam Fitme Men áo thun Performance 2.0 oversize, Quần đùi Ultralight thoáng khí Đen",
630-3,partial,Missing Sapo source record,orphan_platform_sku_not_in_sapo,,0,,,"Áo thể thao nam Fitme Peformance 2.0 thun cao cấp co giãn 4 chiều thoáng khí hỗ trợ tập gym, boxing, chạy bộ ABTN02#FM-ABTN02-SS-XL",
631-3,partial,Missing Sapo source record,orphan_platform_sku_not_in_sapo,,0,,,"Áo thể thao nam Fitme Peformance 2.0 thun cao cấp co giãn 4 chiều thoáng khí hỗ trợ tập gym, boxing, chạy bộ ABTN02#FM-ABTN02-SS-L",
632-3,partial,Missing Sapo source record,orphan_platform_sku_not_in_sapo,,0,,,"Áo thể thao nam Fitme Peformance 2.0 thun cao cấp co giãn 4 chiều thoáng khí hỗ trợ tập gym, boxing, chạy bộ ABTN02#FM-ABTN02-SS-M",
633-3,partial,Missing Sapo source record,orphan_platform_sku_not_in_sapo,,0,,,"Áo thể thao nam Fitme Peformance 2.0 thun cao cấp co giãn 4 chiều thoáng khí hỗ trợ tập gym, boxing, chạy bộ ABTN02#FM-ABTN02-SS-2XL",
6448-2,partial,Missing Sapo source record,orphan_platform_sku_not_in_sapo,,0,,,"Bộ đồ tập gym chạy bộ nam Fitme chất thun thể thao, Áo thun co giãn 4 chiều Quần đùi 1 lớp Space Grey",
6449-2,partial,Missing Sapo source record,orphan_platform_sku_not_in_sapo,,0,,,"Bộ đồ tập gym chạy bộ nam Fitme chất thun thể thao, Áo thun co giãn 4 chiều Quần đùi 1 lớp Space Grey",
6450-2,partial,Missing Sapo source record,orphan_platform_sku_not_in_sapo,,0,,,"Bộ đồ tập gym chạy bộ nam Fitme chất thun thể thao, Áo thun co giãn 4 chiều Quần đùi 1 lớp Space Grey",
6451-2,partial,Missing Sapo source record,orphan_platform_sku_not_in_sapo,,0,,,"Bộ đồ tập gym chạy bộ nam Fitme chất thun thể thao, Áo thun co giãn 4 chiều Quần đùi 1 lớp Space Grey",
6452-2,partial,Missing Sapo source record,orphan_platform_sku_not_in_sapo,,0,,,"Bộ đồ tập gym chạy bộ nam Fitme chất thun thể thao, Áo thun co giãn 4 chiều Quần đùi 1 lớp Space Grey",
6453-2,partial,Missing Sapo source record,orphan_platform_sku_not_in_sapo,,0,,,"Bộ đồ tập gym chạy bộ nam Fitme chất thun thể thao, Áo thun co giãn 4 chiều Quần đùi 1 lớp Space Grey",
6454-2,partial,Missing Sapo source record,orphan_platform_sku_not_in_sapo,,0,,,"Bộ đồ tập gym chạy bộ nam Fitme chất thun thể thao, Áo thun co giãn 4 chiều Quần đùi 1 lớp Space Grey",
6455-2,partial,Missing Sapo source record,orphan_platform_sku_not_in_sapo,,0,,,"Bộ đồ tập gym chạy bộ nam Fitme chất thun thể thao, Áo thun co giãn 4 chiều Quần đùi 1 lớp Space Grey",
6456-2,partial,Missing Sapo source record,orphan_platform_sku_not_in_sapo,,0,,,"Bộ đồ tập gym chạy bộ nam Fitme chất thun thể thao, Áo thun co giãn 4 chiều Quần đùi 1 lớp Space Grey",
6457-2,partial,Missing Sapo source record,orphan_platform_sku_not_in_sapo,,0,,,"Bộ đồ tập gym chạy bộ nam Fitme chất thun thể thao, Áo thun co giãn 4 chiều Quần đùi 1 lớp Space Grey",
6458-2,partial,Missing Sapo source record,orphan_platform_sku_not_in_sapo,,0,,,"Bộ đồ tập gym chạy bộ nam Fitme chất thun thể thao, Áo thun co giãn 4 chiều Quần đùi 1 lớp Space Grey",
6459-2,partial,Missing Sapo source record,orphan_platform_sku_not_in_sapo,,0,,,"Bộ đồ tập gym chạy bộ nam Fitme chất thun thể thao, Áo thun co giãn 4 chiều Quần đùi 1 lớp Space Grey",
6460-2,partial,Missing Sapo source record,orphan_platform_sku_not_in_sapo,,0,,,"Bộ đồ tập gym chạy bộ nam Fitme chất thun thể thao, Áo thun co giãn 4 chiều Quần đùi 1 lớp Space Grey",
6461-2,partial,Missing Sapo source record,orphan_platform_sku_not_in_sapo,,0,,,"Bộ đồ tập gym chạy bộ nam Fitme chất thun thể thao, Áo thun co giãn 4 chiều Quần đùi 1 lớp Space Grey",
6462-2,partial,Missing Sapo source record,orphan_platform_sku_not_in_sapo,,0,,,"Bộ đồ tập gym chạy bộ nam Fitme chất thun thể thao, Áo thun co giãn 4 chiều Quần đùi 1 lớp Space Grey",
6463-2,partial,Missing Sapo source record,orphan_platform_sku_not_in_sapo,,0,,,"Bộ đồ tập gym chạy bộ nam Fitme chất thun thể thao, Áo thun co giãn 4 chiều Quần đùi 1 lớp Space Grey",
6496-2,partial,Missing Sapo source record,orphan_platform_sku_not_in_sapo,,0,,,"Bộ đồ tập gym yoga Fitme áo bra Racer Back Light Grey, Quần legging dài Pocket Dark Grey",
6497-2,partial,Missing Sapo source record,orphan_platform_sku_not_in_sapo,,0,,,"Bộ đồ tập gym yoga Fitme áo bra Racer Back Light Grey, Quần legging dài Pocket Dark Grey",
6498-2,partial,Missing Sapo source record,orphan_platform_sku_not_in_sapo,,0,,,"Bộ đồ tập gym yoga Fitme áo bra Racer Back Light Grey, Quần legging dài Pocket Dark Grey",
6499-2,partial,Missing Sapo source record,orphan_platform_sku_not_in_sapo,,0,,,"Bộ đồ tập gym yoga Fitme áo bra Racer Back Light Grey, Quần legging dài Pocket Dark Grey",
6500-2,partial,Missing Sapo source record,orphan_platform_sku_not_in_sapo,,0,,,"Bộ đồ tập gym yoga Fitme áo bra Racer Back Light Grey, Quần legging dài Pocket Dark Grey",
6501-2,partial,Missing Sapo source record,orphan_platform_sku_not_in_sapo,,0,,,"Bộ đồ tập gym yoga Fitme áo bra Racer Back Light Grey, Quần legging dài Pocket Dark Grey",
6502-2,partial,Missing Sapo source record,orphan_platform_sku_not_in_sapo,,0,,,"Bộ đồ tập gym yoga Fitme áo bra Racer Back Light Grey, Quần legging dài Pocket Dark Grey",
6503-2,partial,Missing Sapo source record,orphan_platform_sku_not_in_sapo,,0,,,"Bộ đồ tập gym yoga Fitme áo bra Racer Back Light Grey, Quần legging dài Pocket Dark Grey",
6504-2,partial,Missing Sapo source record,orphan_platform_sku_not_in_sapo,,0,,,"Bộ đồ tập gym yoga Fitme áo bra Racer Back Light Grey, Quần legging dài Pocket Dark Grey",
6505-2,partial,Missing Sapo source record,orphan_platform_sku_not_in_sapo,,0,,,"Bộ đồ tập gym yoga Fitme áo bra Racer Back Light Grey, Quần legging dài Pocket Dark Grey",
6506-2,partial,Missing Sapo source record,orphan_platform_sku_not_in_sapo,,0,,,"Bộ đồ tập gym yoga Fitme áo bra Racer Back Light Grey, Quần legging dài Pocket Dark Grey",
6507-2,partial,Missing Sapo source record,orphan_platform_sku_not_in_sapo,,0,,,"Bộ đồ tập gym yoga Fitme áo bra Racer Back Light Grey, Quần legging dài Pocket Dark Grey",
6508-2,partial,Missing Sapo source record,orphan_platform_sku_not_in_sapo,,0,,,"Bộ đồ tập gym yoga Fitme áo bra Racer Back Light Grey, Quần legging dài Pocket Dark Grey",
6509-2,partial,Missing Sapo source record,orphan_platform_sku_not_in_sapo,,0,,,"Bộ đồ tập gym yoga Fitme áo bra Racer Back Light Grey, Quần legging dài Pocket Dark Grey",
6510-2,partial,Missing Sapo source record,orphan_platform_sku_not_in_sapo,,0,,,"Bộ đồ tập gym yoga Fitme áo bra Racer Back Light Grey, Quần legging dài Pocket Dark Grey",
6511-2,partial,Missing Sapo source record,orphan_platform_sku_not_in_sapo,,0,,,"Bộ đồ tập gym yoga Fitme áo bra Racer Back Light Grey, Quần legging dài Pocket Dark Grey",
6624-2,partial,Missing Sapo source record,orphan_platform_sku_not_in_sapo,,0,,,Bộ đồ tập yoga gym pilates Fitme áo bra thể thao nữ Racer Back Quần ống loe Flare Midnight Blue,
6625-2,partial,Missing Sapo source record,orphan_platform_sku_not_in_sapo,,0,,,Bộ đồ tập yoga gym pilates Fitme áo bra thể thao nữ Racer Back Quần ống loe Flare Midnight Blue,
6626-2,partial,Missing Sapo source record,orphan_platform_sku_not_in_sapo,,0,,,Bộ đồ tập yoga gym pilates Fitme áo bra thể thao nữ Racer Back Quần ống loe Flare Midnight Blue,
6627-2,partial,Missing Sapo source record,orphan_platform_sku_not_in_sapo,,0,,,Bộ đồ tập yoga gym pilates Fitme áo bra thể thao nữ Racer Back Quần ống loe Flare Midnight Blue,
6628-2,partial,Missing Sapo source record,orphan_platform_sku_not_in_sapo,,0,,,Bộ đồ tập yoga gym pilates Fitme áo bra thể thao nữ Racer Back Quần ống loe Flare Midnight Blue,
6629-2,partial,Missing Sapo source record,orphan_platform_sku_not_in_sapo,,0,,,Bộ đồ tập yoga gym pilates Fitme áo bra thể thao nữ Racer Back Quần ống loe Flare Midnight Blue,
6630-2,partial,Missing Sapo source record,orphan_platform_sku_not_in_sapo,,0,,,Bộ đồ tập yoga gym pilates Fitme áo bra thể thao nữ Racer Back Quần ống loe Flare Midnight Blue,
6631-2,partial,Missing Sapo source record,orphan_platform_sku_not_in_sapo,,0,,,Bộ đồ tập yoga gym pilates Fitme áo bra thể thao nữ Racer Back Quần ống loe Flare Midnight Blue,
6632-2,partial,Missing Sapo source record,orphan_platform_sku_not_in_sapo,,0,,,Bộ đồ tập yoga gym pilates Fitme áo bra thể thao nữ Racer Back Quần ống loe Flare Midnight Blue,
6633-2,partial,Missing Sapo source record,orphan_platform_sku_not_in_sapo,,0,,,Bộ đồ tập yoga gym pilates Fitme áo bra thể thao nữ Racer Back Quần ống loe Flare Midnight Blue,
6634-2,partial,Missing Sapo source record,orphan_platform_sku_not_in_sapo,,0,,,Bộ đồ tập yoga gym pilates Fitme áo bra thể thao nữ Racer Back Quần ống loe Flare Midnight Blue,
6635-2,partial,Missing Sapo source record,orphan_platform_sku_not_in_sapo,,0,,,Bộ đồ tập yoga gym pilates Fitme áo bra thể thao nữ Racer Back Quần ống loe Flare Midnight Blue,
6636-2,partial,Missing Sapo source record,orphan_platform_sku_not_in_sapo,,0,,,Bộ đồ tập yoga gym pilates Fitme áo bra thể thao nữ Racer Back Quần ống loe Flare Midnight Blue,
6637-2,partial,Missing Sapo source record,orphan_platform_sku_not_in_sapo,,0,,,Bộ đồ tập yoga gym pilates Fitme áo bra thể thao nữ Racer Back Quần ống loe Flare Midnight Blue,
6638-2,partial,Missing Sapo source record,orphan_platform_sku_not_in_sapo,,0,,,Bộ đồ tập yoga gym pilates Fitme áo bra thể thao nữ Racer Back Quần ống loe Flare Midnight Blue,
6639-2,partial,Missing Sapo source record,orphan_platform_sku_not_in_sapo,,0,,,Bộ đồ tập yoga gym pilates Fitme áo bra thể thao nữ Racer Back Quần ống loe Flare Midnight Blue,
6640-2,partial,Missing Sapo source record,orphan_platform_sku_not_in_sapo,,0,,,Bộ đồ tập yoga gym pilates Fitme áo bra thể thao nữ Racer Back Quần ống loe Flare Light Grey,
6641-2,partial,Missing Sapo source record,orphan_platform_sku_not_in_sapo,,0,,,Bộ đồ tập yoga gym pilates Fitme áo bra thể thao nữ Racer Back Quần ống loe Flare Light Grey,
6642-2,partial,Missing Sapo source record,orphan_platform_sku_not_in_sapo,,0,,,Bộ đồ tập yoga gym pilates Fitme áo bra thể thao nữ Racer Back Quần ống loe Flare Light Grey,
6643-2,partial,Missing Sapo source record,orphan_platform_sku_not_in_sapo,,0,,,Bộ đồ tập yoga gym pilates Fitme áo bra thể thao nữ Racer Back Quần ống loe Flare Light Grey,
6644-2,partial,Missing Sapo source record,orphan_platform_sku_not_in_sapo,,0,,,Bộ đồ tập yoga gym pilates Fitme áo bra thể thao nữ Racer Back Quần ống loe Flare Light Grey,
6645-2,partial,Missing Sapo source record,orphan_platform_sku_not_in_sapo,,0,,,Bộ đồ tập yoga gym pilates Fitme áo bra thể thao nữ Racer Back Quần ống loe Flare Light Grey,
6646-2,partial,Missing Sapo source record,orphan_platform_sku_not_in_sapo,,0,,,Bộ đồ tập yoga gym pilates Fitme áo bra thể thao nữ Racer Back Quần ống loe Flare Light Grey,
6647-2,partial,Missing Sapo source record,orphan_platform_sku_not_in_sapo,,0,,,Bộ đồ tập yoga gym pilates Fitme áo bra thể thao nữ Racer Back Quần ống loe Flare Light Grey,
6648-2,partial,Missing Sapo source record,orphan_platform_sku_not_in_sapo,,0,,,Bộ đồ tập yoga gym pilates Fitme áo bra thể thao nữ Racer Back Quần ống loe Flare Light Grey,
6649-2,partial,Missing Sapo source record,orphan_platform_sku_not_in_sapo,,0,,,Bộ đồ tập yoga gym pilates Fitme áo bra thể thao nữ Racer Back Quần ống loe Flare Light Grey,
6650-2,partial,Missing Sapo source record,orphan_platform_sku_not_in_sapo,,0,,,Bộ đồ tập yoga gym pilates Fitme áo bra thể thao nữ Racer Back Quần ống loe Flare Light Grey,
6651-2,partial,Missing Sapo source record,orphan_platform_sku_not_in_sapo,,0,,,Bộ đồ tập yoga gym pilates Fitme áo bra thể thao nữ Racer Back Quần ống loe Flare Light Grey,
6652-2,partial,Missing Sapo source record,orphan_platform_sku_not_in_sapo,,0,,,Bộ đồ tập yoga gym pilates Fitme áo bra thể thao nữ Racer Back Quần ống loe Flare Light Grey,
6653-2,partial,Missing Sapo source record,orphan_platform_sku_not_in_sapo,,0,,,Bộ đồ tập yoga gym pilates Fitme áo bra thể thao nữ Racer Back Quần ống loe Flare Light Grey,
6654-2,partial,Missing Sapo source record,orphan_platform_sku_not_in_sapo,,0,,,Bộ đồ tập yoga gym pilates Fitme áo bra thể thao nữ Racer Back Quần ống loe Flare Light Grey,
6655-2,partial,Missing Sapo source record,orphan_platform_sku_not_in_sapo,,0,,,Bộ đồ tập yoga gym pilates Fitme áo bra thể thao nữ Racer Back Quần ống loe Flare Light Grey,
6656-2,partial,Missing Sapo source record,orphan_platform_sku_not_in_sapo,,0,,,Bộ đồ tập yoga gym pilates Fitme áo bra thể thao nữ Racer Back Quần ống loe Flare Đen,
6657-2,partial,Missing Sapo source record,orphan_platform_sku_not_in_sapo,,0,,,Bộ đồ tập yoga gym pilates Fitme áo bra thể thao nữ Racer Back Quần ống loe Flare Đen,
6658-2,partial,Missing Sapo source record,orphan_platform_sku_not_in_sapo,,0,,,Bộ đồ tập yoga gym pilates Fitme áo bra thể thao nữ Racer Back Quần ống loe Flare Đen,
6659-2,partial,Missing Sapo source record,orphan_platform_sku_not_in_sapo,,0,,,Bộ đồ tập yoga gym pilates Fitme áo bra thể thao nữ Racer Back Quần ống loe Flare Đen,
6660-2,partial,Missing Sapo source record,orphan_platform_sku_not_in_sapo,,0,,,Bộ đồ tập yoga gym pilates Fitme áo bra thể thao nữ Racer Back Quần ống loe Flare Đen,
6661-2,partial,Missing Sapo source record,orphan_platform_sku_not_in_sapo,,0,,,Bộ đồ tập yoga gym pilates Fitme áo bra thể thao nữ Racer Back Quần ống loe Flare Đen,
6662-2,partial,Missing Sapo source record,orphan_platform_sku_not_in_sapo,,0,,,Bộ đồ tập yoga gym pilates Fitme áo bra thể thao nữ Racer Back Quần ống loe Flare Đen,
6663-2,partial,Missing Sapo source record,orphan_platform_sku_not_in_sapo,,0,,,Bộ đồ tập yoga gym pilates Fitme áo bra thể thao nữ Racer Back Quần ống loe Flare Đen,
6664-2,partial,Missing Sapo source record,orphan_platform_sku_not_in_sapo,,0,,,Bộ đồ tập yoga gym pilates Fitme áo bra thể thao nữ Racer Back Quần ống loe Flare Đen,
6665-2,partial,Missing Sapo source record,orphan_platform_sku_not_in_sapo,,0,,,Bộ đồ tập yoga gym pilates Fitme áo bra thể thao nữ Racer Back Quần ống loe Flare Đen,
6666-2,partial,Missing Sapo source record,orphan_platform_sku_not_in_sapo,,0,,,Bộ đồ tập yoga gym pilates Fitme áo bra thể thao nữ Racer Back Quần ống loe Flare Đen,
6667-2,partial,Missing Sapo source record,orphan_platform_sku_not_in_sapo,,0,,,Bộ đồ tập yoga gym pilates Fitme áo bra thể thao nữ Racer Back Quần ống loe Flare Đen,
6668-2,partial,Missing Sapo source record,orphan_platform_sku_not_in_sapo,,0,,,Bộ đồ tập yoga gym pilates Fitme áo bra thể thao nữ Racer Back Quần ống loe Flare Đen,
6669-2,partial,Missing Sapo source record,orphan_platform_sku_not_in_sapo,,0,,,Bộ đồ tập yoga gym pilates Fitme áo bra thể thao nữ Racer Back Quần ống loe Flare Đen,
6670-2,partial,Missing Sapo source record,orphan_platform_sku_not_in_sapo,,0,,,Bộ đồ tập yoga gym pilates Fitme áo bra thể thao nữ Racer Back Quần ống loe Flare Đen,
6671-2,partial,Missing Sapo source record,orphan_platform_sku_not_in_sapo,,0,,,Bộ đồ tập yoga gym pilates Fitme áo bra thể thao nữ Racer Back Quần ống loe Flare Đen,
6672-2,partial,Missing Sapo source record,orphan_platform_sku_not_in_sapo,,0,,,Bộ đồ tập yoga gym pilates Fitme áo bra thể thao nữ Racer Back Quần ống loe Flare Dark Grey,
6673-2,partial,Missing Sapo source record,orphan_platform_sku_not_in_sapo,,0,,,Bộ đồ tập yoga gym pilates Fitme áo bra thể thao nữ Racer Back Quần ống loe Flare Dark Grey,
6674-2,partial,Missing Sapo source record,orphan_platform_sku_not_in_sapo,,0,,,Bộ đồ tập yoga gym pilates Fitme áo bra thể thao nữ Racer Back Quần ống loe Flare Dark Grey,
6675-2,partial,Missing Sapo source record,orphan_platform_sku_not_in_sapo,,0,,,Bộ đồ tập yoga gym pilates Fitme áo bra thể thao nữ Racer Back Quần ống loe Flare Dark Grey,
6676-2,partial,Missing Sapo source record,orphan_platform_sku_not_in_sapo,,0,,,Bộ đồ tập yoga gym pilates Fitme áo bra thể thao nữ Racer Back Quần ống loe Flare Dark Grey,
6677-2,partial,Missing Sapo source record,orphan_platform_sku_not_in_sapo,,0,,,Bộ đồ tập yoga gym pilates Fitme áo bra thể thao nữ Racer Back Quần ống loe Flare Dark Grey,
6678-2,partial,Missing Sapo source record,orphan_platform_sku_not_in_sapo,,0,,,Bộ đồ tập yoga gym pilates Fitme áo bra thể thao nữ Racer Back Quần ống loe Flare Dark Grey,
6679-2,partial,Missing Sapo source record,orphan_platform_sku_not_in_sapo,,0,,,Bộ đồ tập yoga gym pilates Fitme áo bra thể thao nữ Racer Back Quần ống loe Flare Dark Grey,
6680-2,partial,Missing Sapo source record,orphan_platform_sku_not_in_sapo,,0,,,Bộ đồ tập yoga gym pilates Fitme áo bra thể thao nữ Racer Back Quần ống loe Flare Dark Grey,
6681-2,partial,Missing Sapo source record,orphan_platform_sku_not_in_sapo,,0,,,Bộ đồ tập yoga gym pilates Fitme áo bra thể thao nữ Racer Back Quần ống loe Flare Dark Grey,
6682-2,partial,Missing Sapo source record,orphan_platform_sku_not_in_sapo,,0,,,Bộ đồ tập yoga gym pilates Fitme áo bra thể thao nữ Racer Back Quần ống loe Flare Dark Grey,
6683-2,partial,Missing Sapo source record,orphan_platform_sku_not_in_sapo,,0,,,Bộ đồ tập yoga gym pilates Fitme áo bra thể thao nữ Racer Back Quần ống loe Flare Dark Grey,
6684-2,partial,Missing Sapo source record,orphan_platform_sku_not_in_sapo,,0,,,Bộ đồ tập yoga gym pilates Fitme áo bra thể thao nữ Racer Back Quần ống loe Flare Dark Grey,
6685-2,partial,Missing Sapo source record,orphan_platform_sku_not_in_sapo,,0,,,Bộ đồ tập yoga gym pilates Fitme áo bra thể thao nữ Racer Back Quần ống loe Flare Dark Grey,
6686-2,partial,Missing Sapo source record,orphan_platform_sku_not_in_sapo,,0,,,Bộ đồ tập yoga gym pilates Fitme áo bra thể thao nữ Racer Back Quần ống loe Flare Dark Grey,
6687-2,partial,Missing Sapo source record,orphan_platform_sku_not_in_sapo,,0,,,Bộ đồ tập yoga gym pilates Fitme áo bra thể thao nữ Racer Back Quần ống loe Flare Dark Grey,
6729-2,partial,Missing Sapo source record,orphan_platform_sku_not_in_sapo,,0,,,[Quà tặng không bán] 21 ngày YOGA cơ bản cho người mới bắt đầu - Fitme Series,
7046-2,partial,Missing Sapo source record,orphan_platform_sku_not_in_sapo,,0,,,"Bộ thể thao nữ tập gym yoga Fitme áo vạt bầu Space Grey, quần 2 lớp Xám Đen",
7053-2,partial,Missing Sapo source record,orphan_platform_sku_not_in_sapo,,0,,,"Bộ thể thao nữ tập gym yoga Fitme áo vạt bầu Space Grey, quần 2 lớp Xám Đen",
7054-2,partial,Missing Sapo source record,orphan_platform_sku_not_in_sapo,,0,,,"Bộ thể thao nữ tập gym yoga Fitme áo vạt bầu Space Grey, quần 2 lớp Xám Đen",
7055-2,partial,Missing Sapo source record,orphan_platform_sku_not_in_sapo,,0,,,"Bộ thể thao nữ tập gym yoga Fitme áo vạt bầu Space Grey, quần 2 lớp Xám Đen#FM-AVBNU-SG-M-FM-Q2LNU01-XD-S",
7058-2,partial,Missing Sapo source record,orphan_platform_sku_not_in_sapo,,0,,,"Bộ thể thao nữ tập gym yoga Fitme áo vạt bầu Space Grey, quần 2 lớp Xám Đen#FM-AVBNU-SG-S-FM-Q2LNU01-XD-S",
740-3,partial,Missing Sapo source record,orphan_platform_sku_not_in_sapo,,0,,,"Áo ba lỗ tập gym nam Fitme Perfomance 2.0 chạy bộ, boxing sát nách chất liệu mỏng nhẹ co giãn thoáng khí ATSN01",
741-3,partial,Missing Sapo source record,orphan_platform_sku_not_in_sapo,,0,,,"Áo tập gym nam tay dài Fitme Performance 2.0 form oversize thể thao co giãn 4 chiều, hỗ trợ boxing chạy bộ AOTD01",
742-3,partial,Missing Sapo source record,orphan_platform_sku_not_in_sapo,,0,,,"Áo tập gym nam tay dài Fitme Performance 2.0 form oversize thể thao co giãn 4 chiều, hỗ trợ boxing chạy bộ AOTD01",
743-3,partial,Missing Sapo source record,orphan_platform_sku_not_in_sapo,,0,,,"Áo tập gym nam tay dài Fitme Performance 2.0 form oversize thể thao co giãn 4 chiều, hỗ trợ boxing chạy bộ AOTD01",
744-3,partial,Missing Sapo source record,orphan_platform_sku_not_in_sapo,,0,,,"Áo tập gym nam tay dài Fitme Performance 2.0 form oversize thể thao co giãn 4 chiều, hỗ trợ boxing chạy bộ AOTD01",
745-3,partial,Missing Sapo source record,orphan_platform_sku_not_in_sapo,,0,,,"Áo tập gym nam tay dài Fitme Performance 2.0 form slim body cổ ôm co giãn 4 chiều cao cấp, hỗ trợ boxing chạy bộ ABTD02",
746-3,partial,Missing Sapo source record,orphan_platform_sku_not_in_sapo,,0,,,"Áo tập gym nam tay dài Fitme Performance 2.0 form slim body cổ ôm co giãn 4 chiều cao cấp, hỗ trợ boxing chạy bộ ABTD02",
747-3,partial,Missing Sapo source record,orphan_platform_sku_not_in_sapo,,0,,,"Áo tập gym nam tay dài Fitme Performance 2.0 form slim body cổ ôm co giãn 4 chiều cao cấp, hỗ trợ boxing chạy bộ ABTD02",
748-3,partial,Missing Sapo source record,orphan_platform_sku_not_in_sapo,,0,,,"Áo tập gym nam tay dài Fitme Performance 2.0 form slim body cổ ôm co giãn 4 chiều cao cấp, hỗ trợ boxing chạy bộ ABTD02",
749-3,partial,Missing Sapo source record,orphan_platform_sku_not_in_sapo,,0,,,"Áo ba lỗ tập gym nam Fitme Perfomance 2.0 chạy bộ, boxing sát nách chất liệu mỏng nhẹ co giãn thoáng khí ATSN01",
750-3,partial,Missing Sapo source record,orphan_platform_sku_not_in_sapo,,0,,,"Áo ba lỗ tập gym nam Fitme Perfomance 2.0 chạy bộ, boxing sát nách chất liệu mỏng nhẹ co giãn thoáng khí ATSN01",
751-3,partial,Missing Sapo source record,orphan_platform_sku_not_in_sapo,,0,,,"Áo ba lỗ tập gym nam Fitme Perfomance 2.0 chạy bộ, boxing sát nách chất liệu mỏng nhẹ co giãn thoáng khí ATSN01",
752-3,partial,Missing Sapo source record,orphan_platform_sku_not_in_sapo,,0,,,"Áo thể thao nam Fitme Perfomance 2.0 thun cao cấp co giãn 4 chiều thoáng khí hỗ trợ tập gym, boxing, chạy bộ ABTN02",
753-3,partial,Missing Sapo source record,orphan_platform_sku_not_in_sapo,,0,,,"Áo thể thao nam Fitme Perfomance 2.0 thun cao cấp co giãn 4 chiều thoáng khí hỗ trợ tập gym, boxing, chạy bộ ABTN02",
754-3,partial,Missing Sapo source record,orphan_platform_sku_not_in_sapo,,0,,,"Áo thể thao nam Fitme Perfomance 2.0 thun cao cấp co giãn 4 chiều thoáng khí hỗ trợ tập gym, boxing, chạy bộ ABTN02",
7767-2,partial,Missing Sapo source record,orphan_platform_sku_not_in_sapo,,0,,,Bộ đồ thể thao nam Fitme Space Grey thoáng khí hỗ trợ tập gym chạy bộ#FM-AVB01-SG-2XL-FM-JGNAM01-SG-2XL,
7768-2,partial,Missing Sapo source record,orphan_platform_sku_not_in_sapo,,0,,,Bộ đồ thể thao nam Fitme Space Grey thoáng khí hỗ trợ tập gym chạy bộ#FM-AVB01-SG-2XL-FM-JGNAM01-SG-XL,
7769-2,partial,Missing Sapo source record,orphan_platform_sku_not_in_sapo,,0,,,Bộ đồ thể thao nam Fitme Space Grey thoáng khí hỗ trợ tập gym chạy bộ#FM-AVB01-SG-2XL-FM-JGNAM01-SG-L,
7770-2,partial,Missing Sapo source record,orphan_platform_sku_not_in_sapo,,0,,,Bộ đồ thể thao nam Fitme Space Grey thoáng khí hỗ trợ tập gym chạy bộ#FM-AVB01-SG-2XL-FM-JGNAM01-SG-M,
7771-2,partial,Missing Sapo source record,orphan_platform_sku_not_in_sapo,,0,,,Bộ đồ thể thao nam Fitme Space Grey thoáng khí hỗ trợ tập gym chạy bộ#FM-AVB01-SG-XL-FM-JGNAM01-SG-2XL,
7772-2,partial,Missing Sapo source record,orphan_platform_sku_not_in_sapo,,0,,,Bộ đồ thể thao nam Fitme Space Grey thoáng khí hỗ trợ tập gym chạy bộ#FM-AVB01-SG-XL-FM-JGNAM01-SG-XL,
7773-2,partial,Missing Sapo source record,orphan_platform_sku_not_in_sapo,,0,,,Bộ đồ thể thao nam Fitme Space Grey thoáng khí hỗ trợ tập gym chạy bộ#FM-AVB01-SG-XL-FM-JGNAM01-SG-L,
7774-2,partial,Missing Sapo source record,orphan_platform_sku_not_in_sapo,,0,,,Bộ đồ thể thao nam Fitme Space Grey thoáng khí hỗ trợ tập gym chạy bộ#FM-AVB01-SG-XL-FM-JGNAM01-SG-M,
7775-2,partial,Missing Sapo source record,orphan_platform_sku_not_in_sapo,,0,,,Bộ đồ thể thao nam Fitme Space Grey thoáng khí hỗ trợ tập gym chạy bộ#FM-AVB01-SG-L-FM-JGNAM01-SG-2XL,
7776-2,partial,Missing Sapo source record,orphan_platform_sku_not_in_sapo,,0,,,Bộ đồ thể thao nam Fitme Space Grey thoáng khí hỗ trợ tập gym chạy bộ#FM-AVB01-SG-L-FM-JGNAM01-SG-XL,
7777-2,partial,Missing Sapo source record,orphan_platform_sku_not_in_sapo,,0,,,Bộ đồ thể thao nam Fitme Space Grey thoáng khí hỗ trợ tập gym chạy bộ#FM-AVB01-SG-L-FM-JGNAM01-SG-L,
7778-2,partial,Missing Sapo source record,orphan_platform_sku_not_in_sapo,,0,,,Bộ đồ thể thao nam Fitme Space Grey thoáng khí hỗ trợ tập gym chạy bộ#FM-AVB01-SG-L-FM-JGNAM01-SG-M,
7779-2,partial,Missing Sapo source record,orphan_platform_sku_not_in_sapo,,0,,,Bộ đồ thể thao nam Fitme Space Grey thoáng khí hỗ trợ tập gym chạy bộ#FM-AVB01-SG-M-FM-JGNAM01-SG-2XL,
7780-2,partial,Missing Sapo source record,orphan_platform_sku_not_in_sapo,,0,,,Bộ đồ thể thao nam Fitme Space Grey thoáng khí hỗ trợ tập gym chạy bộ#FM-AVB01-SG-M-FM-JGNAM01-SG-XL,
7781-2,partial,Missing Sapo source record,orphan_platform_sku_not_in_sapo,,0,,,Bộ đồ thể thao nam Fitme Space Grey thoáng khí hỗ trợ tập gym chạy bộ#FM-AVB01-SG-M-FM-JGNAM01-SG-L,
7782-2,partial,Missing Sapo source record,orphan_platform_sku_not_in_sapo,,0,,,Bộ đồ thể thao nam Fitme Space Grey thoáng khí hỗ trợ tập gym chạy bộ#FM-AVB01-SG-M-FM-JGNAM01-SG-M,
7824-2,partial,Missing Sapo source record,orphan_platform_sku_not_in_sapo,,0,,,Bộ đồ chạy bộ tập gym nam Fitme chất thun thể thao co giãn 4 chiều cao cấp Space Grey#FM-AVB01-SG-2XL-FM-QN2L03-SG-2XL,
7825-2,partial,Missing Sapo source record,orphan_platform_sku_not_in_sapo,,0,,,Bộ đồ chạy bộ tập gym nam Fitme chất thun thể thao co giãn 4 chiều cao cấp Space Grey#FM-AVB01-SG-2XL-FM-QN2L03-SG-XL,
7826-2,partial,Missing Sapo source record,orphan_platform_sku_not_in_sapo,,0,,,Bộ đồ chạy bộ tập gym nam Fitme chất thun thể thao co giãn 4 chiều cao cấp Space Grey#FM-AVB01-SG-2XL-FM-QN2L03-SG-L,
7827-2,partial,Missing Sapo source record,orphan_platform_sku_not_in_sapo,,0,,,Bộ đồ chạy bộ tập gym nam Fitme chất thun thể thao co giãn 4 chiều cao cấp Space Grey#FM-AVB01-SG-2XL-FM-QN2L03-SG-M,
7828-2,partial,Missing Sapo source record,orphan_platform_sku_not_in_sapo,,0,,,Bộ đồ chạy bộ tập gym nam Fitme chất thun thể thao co giãn 4 chiều cao cấp Space Grey#FM-AVB01-SG-XL-FM-QN2L03-SG-2XL,
7829-2,partial,Missing Sapo source record,orphan_platform_sku_not_in_sapo,,0,,,Bộ đồ chạy bộ tập gym nam Fitme chất thun thể thao co giãn 4 chiều cao cấp Space Grey#FM-AVB01-SG-XL-FM-QN2L03-SG-XL,
7830-2,partial,Missing Sapo source record,orphan_platform_sku_not_in_sapo,,0,,,Bộ đồ chạy bộ tập gym nam Fitme chất thun thể thao co giãn 4 chiều cao cấp Space Grey#FM-AVB01-SG-XL-FM-QN2L03-SG-L,
7831-2,partial,Missing Sapo source record,orphan_platform_sku_not_in_sapo,,0,,,Bộ đồ chạy bộ tập gym nam Fitme chất thun thể thao co giãn 4 chiều cao cấp Space Grey#FM-AVB01-SG-XL-FM-QN2L03-SG-M,
7832-2,partial,Missing Sapo source record,orphan_platform_sku_not_in_sapo,,0,,,Bộ đồ chạy bộ tập gym nam Fitme chất thun thể thao co giãn 4 chiều cao cấp Space Grey#FM-AVB01-SG-L-FM-QN2L03-SG-2XL,
7833-2,partial,Missing Sapo source record,orphan_platform_sku_not_in_sapo,,0,,,Bộ đồ chạy bộ tập gym nam Fitme chất thun thể thao co giãn 4 chiều cao cấp Space Grey#FM-AVB01-SG-L-FM-QN2L03-SG-XL,
7834-2,partial,Missing Sapo source record,orphan_platform_sku_not_in_sapo,,0,,,Bộ đồ chạy bộ tập gym nam Fitme chất thun thể thao co giãn 4 chiều cao cấp Space Grey#FM-AVB01-SG-L-FM-QN2L03-SG-L,
7835-2,partial,Missing Sapo source record,orphan_platform_sku_not_in_sapo,,0,,,Bộ đồ chạy bộ tập gym nam Fitme chất thun thể thao co giãn 4 chiều cao cấp Space Grey#FM-AVB01-SG-L-FM-QN2L03-SG-M,
7836-2,partial,Missing Sapo source record,orphan_platform_sku_not_in_sapo,,0,,,Bộ đồ chạy bộ tập gym nam Fitme chất thun thể thao co giãn 4 chiều cao cấp Space Grey#FM-AVB01-SG-M-FM-QN2L03-SG-2XL,
7837-2,partial,Missing Sapo source record,orphan_platform_sku_not_in_sapo,,0,,,Bộ đồ chạy bộ tập gym nam Fitme chất thun thể thao co giãn 4 chiều cao cấp Space Grey#FM-AVB01-SG-M-FM-QN2L03-SG-XL,
7838-2,partial,Missing Sapo source record,orphan_platform_sku_not_in_sapo,,0,,,Bộ đồ chạy bộ tập gym nam Fitme chất thun thể thao co giãn 4 chiều cao cấp Space Grey#FM-AVB01-SG-M-FM-QN2L03-SG-L,
7839-2,partial,Missing Sapo source record,orphan_platform_sku_not_in_sapo,,0,,,Bộ đồ chạy bộ tập gym nam Fitme chất thun thể thao co giãn 4 chiều cao cấp Space Grey#FM-AVB01-SG-M-FM-QN2L03-SG-M,
7970-2,partial,Missing Sapo source record,orphan_platform_sku_not_in_sapo,,0,,,"Bộ thể thao nữ tập gym yoga Fitme áo vạt bầu Space Grey, quần 2 lớp Xám Đen#FM-AVBNU-SG-2XL-FM-Q2LNU01-XD-XL",
7971-2,partial,Missing Sapo source record,orphan_platform_sku_not_in_sapo,,0,,,"Bộ thể thao nữ tập gym yoga Fitme áo vạt bầu Space Grey, quần 2 lớp Xám Đen#FM-AVBNU-SG-2XL-FM-Q2LNU01-XD-L",
7972-2,partial,Missing Sapo source record,orphan_platform_sku_not_in_sapo,,0,,,"Bộ thể thao nữ tập gym yoga Fitme áo vạt bầu Space Grey, quần 2 lớp Xám Đen#FM-AVBNU-SG-2XL-FM-Q2LNU01-XD-M",
8039-2,partial,Missing Sapo source record,orphan_platform_sku_not_in_sapo,,0,,,"Bộ thể thao nữ tập gym yoga Fitme áo vạt bầu Space Grey, quần 2 lớp Xám Đen#FM-AVBNU-SG-XL-FM-Q2LNU01-XD-XL",
8040-2,partial,Missing Sapo source record,orphan_platform_sku_not_in_sapo,,0,,,"Bộ thể thao nữ tập gym yoga Fitme áo vạt bầu Space Grey, quần 2 lớp Xám Đen#FM-AVBNU-SG-XL-FM-Q2LNU01-XD-L",
8041-2,partial,Missing Sapo source record,orphan_platform_sku_not_in_sapo,,0,,,"Bộ thể thao nữ tập gym yoga Fitme áo vạt bầu Space Grey, quần 2 lớp Xám Đen#FM-AVBNU-SG-XL-FM-Q2LNU01-XD-M",
8042-2,partial,Missing Sapo source record,orphan_platform_sku_not_in_sapo,,0,,,"Bộ thể thao nữ tập gym yoga Fitme áo vạt bầu Space Grey, quần 2 lớp Xám Đen#FM-AVBNU-SG-L-FM-Q2LNU01-XD-XL",
8043-2,partial,Missing Sapo source record,orphan_platform_sku_not_in_sapo,,0,,,"Bộ thể thao nữ tập gym yoga Fitme áo vạt bầu Space Grey, quần 2 lớp Xám Đen#FM-AVBNU-SG-L-FM-Q2LNU01-XD-L",
8044-2,partial,Missing Sapo source record,orphan_platform_sku_not_in_sapo,,0,,,"Bộ thể thao nữ tập gym yoga Fitme áo vạt bầu Space Grey, quần 2 lớp Xám Đen#FM-AVBNU-SG-L-FM-Q2LNU01-XD-M",
8045-2,partial,Missing Sapo source record,orphan_platform_sku_not_in_sapo,,0,,,"Bộ thể thao nữ tập gym yoga Fitme áo vạt bầu Space Grey, quần 2 lớp Xám Đen#FM-AVBNU-SG-M-FM-Q2LNU01-XD-XL",
8046-2,partial,Missing Sapo source record,orphan_platform_sku_not_in_sapo,,0,,,"Bộ thể thao nữ tập gym yoga Fitme áo vạt bầu Space Grey, quần 2 lớp Xám Đen#FM-AVBNU-SG-M-FM-Q2LNU01-XD-L",
8047-2,partial,Missing Sapo source record,orphan_platform_sku_not_in_sapo,,0,,,"Bộ thể thao nữ tập gym yoga Fitme áo vạt bầu Space Grey, quần 2 lớp Xám Đen#FM-AVBNU-SG-M-FM-Q2LNU01-XD-M",
8048-2,partial,Missing Sapo source record,orphan_platform_sku_not_in_sapo,,0,,,"Bộ thể thao nữ tập gym yoga Fitme áo vạt bầu Space Grey, quần 2 lớp Xám Đen#FM-AVBNU-SG-S-FM-Q2LNU01-XD-XL",
8049-2,partial,Missing Sapo source record,orphan_platform_sku_not_in_sapo,,0,,,"Bộ thể thao nữ tập gym yoga Fitme áo vạt bầu Space Grey, quần 2 lớp Xám Đen#FM-AVBNU-SG-S-FM-Q2LNU01-XD-L",
8050-2,partial,Missing Sapo source record,orphan_platform_sku_not_in_sapo,,0,,,"Bộ thể thao nữ tập gym yoga Fitme áo vạt bầu Space Grey, quần 2 lớp Xám Đen#FM-AVBNU-SG-S-FM-Q2LNU01-XD-M",
812-3,partial,Missing Sapo source record,orphan_platform_sku_not_in_sapo,,0,,,"Áo tập gym nam Fitme Performance 2.0 form oversize co giãn cao cấp, hỗ trợ boxing chạy bộ AOTN01",
813-3,partial,Missing Sapo source record,orphan_platform_sku_not_in_sapo,,0,,,"Áo tập gym nam Fitme Performance 2.0 form oversize co giãn cao cấp, hỗ trợ boxing chạy bộ AOTN01",
814-3,partial,Missing Sapo source record,orphan_platform_sku_not_in_sapo,,0,,,"Áo tập gym nam Fitme Performance 2.0 form oversize co giãn cao cấp, hỗ trợ boxing chạy bộ AOTN01",
815-3,partial,Missing Sapo source record,orphan_platform_sku_not_in_sapo,,0,,,"Áo tập gym nam Fitme Performance 2.0 form oversize co giãn cao cấp, hỗ trợ boxing chạy bộ AOTN01",
816-3,partial,Missing Sapo source record,orphan_platform_sku_not_in_sapo,,0,,,"Áo tập gym nam Fitme Performance 2.0 form oversize co giãn cao cấp, hỗ trợ boxing chạy bộ AOTN01",
849-10,partial,Missing Sapo source record,orphan_platform_sku_not_in_sapo,,0,,,Áo bra tập gym yoga nữ Fitme Flow thể thao dây chéo có mút chống sốc nâng ngực Racer Back - BRRB,
849-11,partial,Missing Sapo source record,orphan_platform_sku_not_in_sapo,,0,,,Áo bra tập gym yoga nữ Fitme Flow thể thao dây chéo có mút chống sốc nâng ngực Racer Back - BRRB,
849-12,partial,Missing Sapo source record,orphan_platform_sku_not_in_sapo,,0,,,Áo bra tập gym yoga nữ Fitme Flow thể thao dây chéo có mút chống sốc nâng ngực Racer Back - BRRB,
849-9,partial,Missing Sapo source record,orphan_platform_sku_not_in_sapo,,0,,,Áo bra tập gym yoga nữ Fitme Flow thể thao dây chéo có mút chống sốc nâng ngực Racer Back - BRRB,
8535-2,partial,Missing Sapo source record,orphan_platform_sku_not_in_sapo,,0,,,[ QUÀ TẶNG KHÔNG ĐỔI] Ống giấy Fitme Break - Đựng quần áo mang đi tập,
874-3,partial,Missing Sapo source record,orphan_platform_sku_not_in_sapo,,0,,,"Áo thể thao nam Fitme Perfomance 2.0 thun cao cấp co giãn 4 chiều thoáng khí hỗ trợ tập gym, boxing, chạy bộ ABTN02",
875-3,partial,Missing Sapo source record,orphan_platform_sku_not_in_sapo,,0,,,"Áo thể thao nam Fitme Perfomance 2.0 thun cao cấp co giãn 4 chiều thoáng khí hỗ trợ tập gym, boxing, chạy bộ ABTN02",
876-3,partial,Missing Sapo source record,orphan_platform_sku_not_in_sapo,,0,,,"Áo thể thao nam Fitme Perfomance 2.0 thun cao cấp co giãn 4 chiều thoáng khí hỗ trợ tập gym, boxing, chạy bộ ABTN02",
877-3,partial,Missing Sapo source record,orphan_platform_sku_not_in_sapo,,0,,,"Áo thể thao nam Fitme Perfomance 2.0 thun cao cấp co giãn 4 chiều thoáng khí hỗ trợ tập gym, boxing, chạy bộ ABTN02",
878-3,partial,Missing Sapo source record,orphan_platform_sku_not_in_sapo,,0,,,"Áo thể thao nam Fitme Perfomance 2.0 thun cao cấp co giãn 4 chiều thoáng khí hỗ trợ tập gym, boxing, chạy bộ ABTN02",
879-3,partial,Missing Sapo source record,orphan_platform_sku_not_in_sapo,,0,,,"Áo thể thao nam Fitme Perfomance 2.0 thun cao cấp co giãn 4 chiều thoáng khí hỗ trợ tập gym, boxing, chạy bộ ABTN02",
880-3,partial,Missing Sapo source record,orphan_platform_sku_not_in_sapo,,0,,,"Áo thể thao nam Fitme Perfomance 2.0 thun cao cấp co giãn 4 chiều thoáng khí hỗ trợ tập gym, boxing, chạy bộ ABTN02",
881-3,partial,Missing Sapo source record,orphan_platform_sku_not_in_sapo,,0,,,"Áo thể thao nam Fitme Perfomance 2.0 thun cao cấp co giãn 4 chiều thoáng khí hỗ trợ tập gym, boxing, chạy bộ ABTN02",
882-3,partial,Missing Sapo source record,orphan_platform_sku_not_in_sapo,,0,,,"Áo thể thao nam Fitme Peformance 2.0 thun cao cấp co giãn 4 chiều thoáng khí hỗ trợ tập gym, boxing, chạy bộ ABTN02#FM-ABTN02-SG-XL",
883-3,partial,Missing Sapo source record,orphan_platform_sku_not_in_sapo,,0,,,"Áo thể thao nam Fitme Peformance 2.0 thun cao cấp co giãn 4 chiều thoáng khí hỗ trợ tập gym, boxing, chạy bộ ABTN02#FM-ABTN02-SG-M",
884-3,partial,Missing Sapo source record,orphan_platform_sku_not_in_sapo,,0,,,"Áo thể thao nam Fitme Peformance 2.0 thun cao cấp co giãn 4 chiều thoáng khí hỗ trợ tập gym, boxing, chạy bộ ABTN02#FM-ABTN02-SG-L",
885-3,partial,Missing Sapo source record,orphan_platform_sku_not_in_sapo,,0,,,"Áo thể thao nam Fitme Peformance 2.0 thun cao cấp co giãn 4 chiều thoáng khí hỗ trợ tập gym, boxing, chạy bộ ABTN02#FM-ABTN02-SG-2XL",
886-3,partial,Missing Sapo source record,orphan_platform_sku_not_in_sapo,,0,,,"Áo thể thao nam Fitme Peformance 2.0 thun cao cấp co giãn 4 chiều thoáng khí hỗ trợ tập gym, boxing, chạy bộ ABTN02#FM-ABTN02-DE-XL",
887-3,partial,Missing Sapo source record,orphan_platform_sku_not_in_sapo,,0,,,"Áo thể thao nam Fitme Peformance 2.0 thun cao cấp co giãn 4 chiều thoáng khí hỗ trợ tập gym, boxing, chạy bộ ABTN02#FM-ABTN02-DE-M",
888-3,partial,Missing Sapo source record,orphan_platform_sku_not_in_sapo,,0,,,"Áo thể thao nam Fitme Peformance 2.0 thun cao cấp co giãn 4 chiều thoáng khí hỗ trợ tập gym, boxing, chạy bộ ABTN02#FM-ABTN02-DE-L",
889-3,partial,Missing Sapo source record,orphan_platform_sku_not_in_sapo,,0,,,"Áo thể thao nam Fitme Peformance 2.0 thun cao cấp co giãn 4 chiều thoáng khí hỗ trợ tập gym, boxing, chạy bộ ABTN02#FM-ABTN02-DE-2XL",
891-10,partial,Missing Sapo source record,orphan_platform_sku_not_in_sapo,,0,,,Áo bra tập gym yoga nữ Fitme Flow thể thao dây chéo có mút chống sốc nâng ngực Racer Back - BRRB,
891-11,partial,Missing Sapo source record,orphan_platform_sku_not_in_sapo,,0,,,Áo bra tập gym yoga nữ Fitme Flow thể thao dây chéo có mút chống sốc nâng ngực Racer Back - BRRB,
891-12,partial,Missing Sapo source record,orphan_platform_sku_not_in_sapo,,0,,,Áo bra tập gym yoga nữ Fitme Flow thể thao dây chéo có mút chống sốc nâng ngực Racer Back - BRRB,
891-9,partial,Missing Sapo source record,orphan_platform_sku_not_in_sapo,,0,,,Áo bra tập gym yoga nữ Fitme Flow thể thao dây chéo có mút chống sốc nâng ngực Racer Back - BRRB,
893-3,partial,Missing Sapo source record,orphan_platform_sku_not_in_sapo,,0,,,"Áo tập gym nam tay dài Fitme Performance 2.0 form slim body cổ ôm co giãn 4 chiều cao cấp, hỗ trợ boxing chạy bộ ABTD02#FM-ABTD02-SG-2XL",
894-3,partial,Missing Sapo source record,orphan_platform_sku_not_in_sapo,,0,,,"Áo tập gym nam tay dài Fitme Performance 2.0 form slim body cổ ôm co giãn 4 chiều cao cấp, hỗ trợ boxing chạy bộ ABTD02#FM-ABTD02-SG-XL",
895-3,partial,Missing Sapo source record,orphan_platform_sku_not_in_sapo,,0,,,"Áo tập gym nam tay dài Fitme Performance 2.0 form slim body cổ ôm co giãn 4 chiều cao cấp, hỗ trợ boxing chạy bộ ABTD02#FM-ABTD02-SG-L",
896-3,partial,Missing Sapo source record,orphan_platform_sku_not_in_sapo,,0,,,"Áo tập gym nam tay dài Fitme Performance 2.0 form slim body cổ ôm co giãn 4 chiều cao cấp, hỗ trợ boxing chạy bộ ABTD02#FM-ABTD02-SG-M",
897-3,partial,Missing Sapo source record,orphan_platform_sku_not_in_sapo,,0,,,"Áo tập gym nam tay dài Fitme Performance 2.0 form slim body cổ ôm co giãn 4 chiều cao cấp, hỗ trợ boxing chạy bộ ABTD02",
898-3,partial,Missing Sapo source record,orphan_platform_sku_not_in_sapo,,0,,,"Áo tập gym nam tay dài Fitme Performance 2.0 form slim body cổ ôm co giãn 4 chiều cao cấp, hỗ trợ boxing chạy bộ ABTD02",
899-3,partial,Missing Sapo source record,orphan_platform_sku_not_in_sapo,,0,,,"Áo tập gym nam tay dài Fitme Performance 2.0 form slim body cổ ôm co giãn 4 chiều cao cấp, hỗ trợ boxing chạy bộ ABTD02",
900-3,partial,Missing Sapo source record,orphan_platform_sku_not_in_sapo,,0,,,"Áo tập gym nam tay dài Fitme Performance 2.0 form slim body cổ ôm co giãn 4 chiều cao cấp, hỗ trợ boxing chạy bộ ABTD02",
901-3,partial,Missing Sapo source record,orphan_platform_sku_not_in_sapo,,0,,,"Áo tập gym nam tay dài Fitme Performance 2.0 form slim body cổ ôm co giãn 4 chiều cao cấp, hỗ trợ boxing chạy bộ ABTD02",
902-3,partial,Missing Sapo source record,orphan_platform_sku_not_in_sapo,,0,,,"Áo tập gym nam tay dài Fitme Performance 2.0 form slim body cổ ôm co giãn 4 chiều cao cấp, hỗ trợ boxing chạy bộ ABTD02",
903-3,partial,Missing Sapo source record,orphan_platform_sku_not_in_sapo,,0,,,"Áo tập gym nam tay dài Fitme Performance 2.0 form slim body cổ ôm co giãn 4 chiều cao cấp, hỗ trợ boxing chạy bộ ABTD02",
904-3,partial,Missing Sapo source record,orphan_platform_sku_not_in_sapo,,0,,,"Áo tập gym nam tay dài Fitme Performance 2.0 form slim body cổ ôm co giãn 4 chiều cao cấp, hỗ trợ boxing chạy bộ ABTD02",
905-3,partial,Missing Sapo source record,orphan_platform_sku_not_in_sapo,,0,,,"Áo tập gym nam tay dài Fitme Performance 2.0 form slim body cổ ôm co giãn 4 chiều cao cấp, hỗ trợ boxing chạy bộ ABTD02#FM-ABTD02-DE-2XL",
906-3,partial,Missing Sapo source record,orphan_platform_sku_not_in_sapo,,0,,,"Áo tập gym nam tay dài Fitme Performance 2.0 form slim body cổ ôm co giãn 4 chiều cao cấp, hỗ trợ boxing chạy bộ ABTD02#FM-ABTD02-DE-XL",
907-3,partial,Missing Sapo source record,orphan_platform_sku_not_in_sapo,,0,,,"Áo tập gym nam tay dài Fitme Performance 2.0 form slim body cổ ôm co giãn 4 chiều cao cấp, hỗ trợ boxing chạy bộ ABTD02#FM-ABTD02-DE-L",
908-3,partial,Missing Sapo source record,orphan_platform_sku_not_in_sapo,,0,,,"Áo tập gym nam tay dài Fitme Performance 2.0 form slim body cổ ôm co giãn 4 chiều cao cấp, hỗ trợ boxing chạy bộ ABTD02#FM-ABTD02-DE-M",
909-3,partial,Missing Sapo source record,orphan_platform_sku_not_in_sapo,,0,,,"Áo tập gym nam tay dài Fitme Performance 2.0 form oversize thể thao co giãn 4 chiều, hỗ trợ boxing chạy bộ AOTD01",
910-3,partial,Missing Sapo source record,orphan_platform_sku_not_in_sapo,,0,,,"Áo tập gym nam tay dài Fitme Performance 2.0 form oversize thể thao co giãn 4 chiều, hỗ trợ boxing chạy bộ AOTD01",
911-3,partial,Missing Sapo source record,orphan_platform_sku_not_in_sapo,,0,,,"Áo tập gym nam tay dài Fitme Performance 2.0 form oversize thể thao co giãn 4 chiều, hỗ trợ boxing chạy bộ AOTD01",
912-3,partial,Missing Sapo source record,orphan_platform_sku_not_in_sapo,,0,,,"Áo tập gym nam tay dài Fitme Performance 2.0 form oversize thể thao co giãn 4 chiều, hỗ trợ boxing chạy bộ AOTD01",
913-3,partial,Missing Sapo source record,orphan_platform_sku_not_in_sapo,,0,,,"Áo tập gym nam tay dài Fitme Performance 2.0 form oversize thể thao co giãn 4 chiều, hỗ trợ boxing chạy bộ AOTD01",
914-3,partial,Missing Sapo source record,orphan_platform_sku_not_in_sapo,,0,,,"Áo tập gym nam tay dài Fitme Performance 2.0 form oversize thể thao co giãn 4 chiều, hỗ trợ boxing chạy bộ AOTD01",
915-3,partial,Missing Sapo source record,orphan_platform_sku_not_in_sapo,,0,,,"Áo tập gym nam tay dài Fitme Performance 2.0 form oversize thể thao co giãn 4 chiều, hỗ trợ boxing chạy bộ AOTD01",
916-3,partial,Missing Sapo source record,orphan_platform_sku_not_in_sapo,,0,,,"Áo tập gym nam tay dài Fitme Performance 2.0 form oversize thể thao co giãn 4 chiều, hỗ trợ boxing chạy bộ AOTD01",
917-3,partial,Missing Sapo source record,orphan_platform_sku_not_in_sapo,,0,,,"Áo tập gym nam tay dài Fitme Performance 2.0 form oversize thể thao co giãn 4 chiều, hỗ trợ boxing chạy bộ AOTD01",
918-3,partial,Missing Sapo source record,orphan_platform_sku_not_in_sapo,,0,,,"Áo tập gym nam tay dài Fitme Performance 2.0 form oversize thể thao co giãn 4 chiều, hỗ trợ boxing chạy bộ AOTD01",
919-3,partial,Missing Sapo source record,orphan_platform_sku_not_in_sapo,,0,,,"Áo tập gym nam tay dài Fitme Performance 2.0 form oversize thể thao co giãn 4 chiều, hỗ trợ boxing chạy bộ AOTD01",
920-3,partial,Missing Sapo source record,orphan_platform_sku_not_in_sapo,,0,,,"Áo tập gym nam tay dài Fitme Performance 2.0 form oversize thể thao co giãn 4 chiều, hỗ trợ boxing chạy bộ AOTD01",
921-3,partial,Missing Sapo source record,orphan_platform_sku_not_in_sapo,,0,,,"Áo tập gym nam tay dài Fitme Performance 2.0 form oversize thể thao co giãn 4 chiều, hỗ trợ boxing chạy bộ AOTD01",
922-3,partial,Missing Sapo source record,orphan_platform_sku_not_in_sapo,,0,,,"Áo tập gym nam tay dài Fitme Performance 2.0 form oversize thể thao co giãn 4 chiều, hỗ trợ boxing chạy bộ AOTD01",
923-3,partial,Missing Sapo source record,orphan_platform_sku_not_in_sapo,,0,,,"Áo tập gym nam tay dài Fitme Performance 2.0 form oversize thể thao co giãn 4 chiều, hỗ trợ boxing chạy bộ AOTD01",
924-3,partial,Missing Sapo source record,orphan_platform_sku_not_in_sapo,,0,,,"Áo tập gym nam tay dài Fitme Performance 2.0 form oversize thể thao co giãn 4 chiều, hỗ trợ boxing chạy bộ AOTD01",
925-3,partial,Missing Sapo source record,orphan_platform_sku_not_in_sapo,,0,,,"Áo tập gym nam Fitme Performance 2.0 form oversize co giãn cao cấp, hỗ trợ boxing chạy bộ AOTN01",
926-3,partial,Missing Sapo source record,orphan_platform_sku_not_in_sapo,,0,,,"Áo tập gym nam Fitme Performance 2.0 form oversize co giãn cao cấp, hỗ trợ boxing chạy bộ AOTN01",
927-3,partial,Missing Sapo source record,orphan_platform_sku_not_in_sapo,,0,,,"Áo tập gym nam Fitme Performance 2.0 form oversize co giãn cao cấp, hỗ trợ boxing chạy bộ AOTN01",
928-3,partial,Missing Sapo source record,orphan_platform_sku_not_in_sapo,,0,,,"Áo tập gym nam Fitme Performance 2.0 form oversize co giãn cao cấp, hỗ trợ boxing chạy bộ AOTN01",
929-3,partial,Missing Sapo source record,orphan_platform_sku_not_in_sapo,,0,,,"Áo tập gym nam Fitme Performance 2.0 form oversize co giãn cao cấp, hỗ trợ boxing chạy bộ AOTN01",
930-3,partial,Missing Sapo source record,orphan_platform_sku_not_in_sapo,,0,,,"Áo tập gym nam Fitme Performance 2.0 form oversize co giãn cao cấp, hỗ trợ boxing chạy bộ AOTN01",
931-3,partial,Missing Sapo source record,orphan_platform_sku_not_in_sapo,,0,,,"Áo tập gym nam Fitme Performance 2.0 form oversize co giãn cao cấp, hỗ trợ boxing chạy bộ AOTN01",
932-3,partial,Missing Sapo source record,orphan_platform_sku_not_in_sapo,,0,,,"Áo tập gym nam Fitme Performance 2.0 form oversize co giãn cao cấp, hỗ trợ boxing chạy bộ AOTN01",
933-3,partial,Missing Sapo source record,orphan_platform_sku_not_in_sapo,,0,,,"Áo tập gym nam Fitme Performance 2.0 form oversize co giãn cao cấp, hỗ trợ boxing chạy bộ AOTN01",
934-3,partial,Missing Sapo source record,orphan_platform_sku_not_in_sapo,,0,,,"Áo tập gym nam Fitme Performance 2.0 form oversize co giãn cao cấp, hỗ trợ boxing chạy bộ AOTN01",
935-3,partial,Missing Sapo source record,orphan_platform_sku_not_in_sapo,,0,,,"Áo tập gym nam Fitme Performance 2.0 form oversize co giãn cao cấp, hỗ trợ boxing chạy bộ AOTN01",
936-3,partial,Missing Sapo source record,orphan_platform_sku_not_in_sapo,,0,,,"Áo tập gym nam Fitme Performance 2.0 form oversize co giãn cao cấp, hỗ trợ boxing chạy bộ AOTN01",
937-3,partial,Missing Sapo source record,orphan_platform_sku_not_in_sapo,,0,,,"Áo tập gym nam Fitme Performance 2.0 form oversize co giãn cao cấp, hỗ trợ boxing chạy bộ AOTN01",
938-3,partial,Missing Sapo source record,orphan_platform_sku_not_in_sapo,,0,,,"Áo tập gym nam Fitme Performance 2.0 form oversize co giãn cao cấp, hỗ trợ boxing chạy bộ AOTN01",
939-3,partial,Missing Sapo source record,orphan_platform_sku_not_in_sapo,,0,,,"Áo tập gym nam Fitme Performance 2.0 form oversize co giãn cao cấp, hỗ trợ boxing chạy bộ AOTN01",
940-3,partial,Missing Sapo source record,orphan_platform_sku_not_in_sapo,,0,,,"Áo tập gym nam Fitme Performance 2.0 form oversize co giãn cao cấp, hỗ trợ boxing chạy bộ AOTN01",
941-3,partial,Missing Sapo source record,orphan_platform_sku_not_in_sapo,,0,,,"Áo tập gym nam Fitme Performance 2.0 form oversize co giãn cao cấp, hỗ trợ boxing chạy bộ AOTN01",
942-3,partial,Missing Sapo source record,orphan_platform_sku_not_in_sapo,,0,,,"Áo tập gym nam Fitme Performance 2.0 form oversize co giãn cao cấp, hỗ trợ boxing chạy bộ AOTN01",
943-3,partial,Missing Sapo source record,orphan_platform_sku_not_in_sapo,,0,,,"Áo tập gym nam Fitme Performance 2.0 form oversize co giãn cao cấp, hỗ trợ boxing chạy bộ AOTN01",
944-3,partial,Missing Sapo source record,orphan_platform_sku_not_in_sapo,,0,,,"Áo tập gym nam Fitme Performance 2.0 form oversize co giãn cao cấp, hỗ trợ boxing chạy bộ AOTN01",
961-3,partial,Missing Sapo source record,orphan_platform_sku_not_in_sapo,,0,,,"Áo ba lỗ tập gym nam Fitme Perfomance 2.0 chạy bộ, boxing sát nách chất liệu mỏng nhẹ co giãn thoáng khí ATSN01",
962-3,partial,Missing Sapo source record,orphan_platform_sku_not_in_sapo,,0,,,"Áo ba lỗ tập gym nam Fitme Perfomance 2.0 chạy bộ, boxing sát nách chất liệu mỏng nhẹ co giãn thoáng khí ATSN01",
963-3,partial,Missing Sapo source record,orphan_platform_sku_not_in_sapo,,0,,,"Áo ba lỗ tập gym nam Fitme Perfomance 2.0 chạy bộ, boxing sát nách chất liệu mỏng nhẹ co giãn thoáng khí ATSN01",
964-3,partial,Missing Sapo source record,orphan_platform_sku_not_in_sapo,,0,,,"Áo ba lỗ tập gym nam Fitme Perfomance 2.0 chạy bộ, boxing sát nách chất liệu mỏng nhẹ co giãn thoáng khí ATSN01",
965-3,partial,Missing Sapo source record,orphan_platform_sku_not_in_sapo,,0,,,"Áo ba lỗ tập gym nam Fitme Perfomance 2.0 chạy bộ, boxing sát nách chất liệu mỏng nhẹ co giãn thoáng khí ATSN01",
966-3,partial,Missing Sapo source record,orphan_platform_sku_not_in_sapo,,0,,,"Áo ba lỗ tập gym nam Fitme Perfomance 2.0 chạy bộ, boxing sát nách chất liệu mỏng nhẹ co giãn thoáng khí ATSN01",
967-3,partial,Missing Sapo source record,orphan_platform_sku_not_in_sapo,,0,,,"Áo ba lỗ tập gym nam Fitme Perfomance 2.0 chạy bộ, boxing sát nách chất liệu mỏng nhẹ co giãn thoáng khí ATSN01",
968-3,partial,Missing Sapo source record,orphan_platform_sku_not_in_sapo,,0,,,"Áo ba lỗ tập gym nam Fitme Perfomance 2.0 chạy bộ, boxing sát nách chất liệu mỏng nhẹ co giãn thoáng khí ATSN01",
969-3,partial,Missing Sapo source record,orphan_platform_sku_not_in_sapo,,0,,,"Áo ba lỗ tập gym nam Fitme Perfomance 2.0 chạy bộ, boxing sát nách chất liệu mỏng nhẹ co giãn thoáng khí ATSN01",
970-3,partial,Missing Sapo source record,orphan_platform_sku_not_in_sapo,,0,,,"Áo ba lỗ tập gym nam Fitme Perfomance 2.0 chạy bộ, boxing sát nách chất liệu mỏng nhẹ co giãn thoáng khí ATSN01",
971-3,partial,Missing Sapo source record,orphan_platform_sku_not_in_sapo,,0,,,"Áo ba lỗ tập gym nam Fitme Perfomance 2.0 chạy bộ, boxing sát nách chất liệu mỏng nhẹ co giãn thoáng khí ATSN01",
972-3,partial,Missing Sapo source record,orphan_platform_sku_not_in_sapo,,0,,,"Áo ba lỗ tập gym nam Fitme Perfomance 2.0 chạy bộ, boxing sát nách chất liệu mỏng nhẹ co giãn thoáng khí ATSN01",
985-10,partial,Missing Sapo source record,orphan_platform_sku_not_in_sapo,,0,,,Áo bra tập gym yoga nữ Fitme Flow thể thao dây chéo có mút chống sốc nâng ngực Racer Back - BRRB,
985-11,partial,Missing Sapo source record,orphan_platform_sku_not_in_sapo,,0,,,Áo bra tập gym yoga nữ Fitme Flow thể thao dây chéo có mút chống sốc nâng ngực Racer Back - BRRB,
985-12,partial,Missing Sapo source record,orphan_platform_sku_not_in_sapo,,0,,,Áo bra tập gym yoga nữ Fitme Flow thể thao dây chéo có mút chống sốc nâng ngực Racer Back - BRRB,
985-9,partial,Missing Sapo source record,orphan_platform_sku_not_in_sapo,,0,,,Áo bra tập gym yoga nữ Fitme Flow thể thao dây chéo có mút chống sốc nâng ngực Racer Back - BRRB,
986-10,partial,Missing Sapo source record,orphan_platform_sku_not_in_sapo,,0,,,Áo bra tập gym yoga nữ Fitme Flow thể thao dây chéo có mút chống sốc nâng ngực Racer Back - BRRB,
986-11,partial,Missing Sapo source record,orphan_platform_sku_not_in_sapo,,0,,,Áo bra tập gym yoga nữ Fitme Flow thể thao dây chéo có mút chống sốc nâng ngực Racer Back - BRRB,
986-12,partial,Missing Sapo source record,orphan_platform_sku_not_in_sapo,,0,,,Áo bra tập gym yoga nữ Fitme Flow thể thao dây chéo có mút chống sốc nâng ngực Racer Back - BRRB,
986-9,partial,Missing Sapo source record,orphan_platform_sku_not_in_sapo,,0,,,Áo bra tập gym yoga nữ Fitme Flow thể thao dây chéo có mút chống sốc nâng ngực Racer Back - BRRB,
987-10,partial,Missing Sapo source record,orphan_platform_sku_not_in_sapo,,0,,,Áo bra tập gym yoga nữ Fitme Flow thể thao dây chéo có mút chống sốc nâng ngực Racer Back - BRRB,
987-11,partial,Missing Sapo source record,orphan_platform_sku_not_in_sapo,,0,,,Áo bra tập gym yoga nữ Fitme Flow thể thao dây chéo có mút chống sốc nâng ngực Racer Back - BRRB,
987-12,partial,Missing Sapo source record,orphan_platform_sku_not_in_sapo,,0,,,Áo bra tập gym yoga nữ Fitme Flow thể thao dây chéo có mút chống sốc nâng ngực Racer Back - BRRB,
987-9,partial,Missing Sapo source record,orphan_platform_sku_not_in_sapo,,0,,,Áo bra tập gym yoga nữ Fitme Flow thể thao dây chéo có mút chống sốc nâng ngực Racer Back - BRRB,
988-10,partial,Missing Sapo source record,orphan_platform_sku_not_in_sapo,,0,,,Áo bra tập gym yoga nữ Fitme Flow thể thao dây chéo có mút chống sốc nâng ngực Racer Back - BRRB,
988-11,partial,Missing Sapo source record,orphan_platform_sku_not_in_sapo,,0,,,Áo bra tập gym yoga nữ Fitme Flow thể thao dây chéo có mút chống sốc nâng ngực Racer Back - BRRB,
988-12,partial,Missing Sapo source record,orphan_platform_sku_not_in_sapo,,0,,,Áo bra tập gym yoga nữ Fitme Flow thể thao dây chéo có mút chống sốc nâng ngực Racer Back - BRRB,
988-9,partial,Missing Sapo source record,orphan_platform_sku_not_in_sapo,,0,,,Áo bra tập gym yoga nữ Fitme Flow thể thao dây chéo có mút chống sốc nâng ngực Racer Back - BRRB,
FM-AHZD01-XN-L,partial,Missing Sapo source record,orphan_platform_sku_not_in_sapo,,,11,,,Áo halfzip tay dài ZEST AHZD01 Blazer Navy - L
FM-AHZD01-XN-M,partial,Missing Sapo source record,orphan_platform_sku_not_in_sapo,,,0,,,Áo halfzip tay dài ZEST AHZD01 Blazer Navy - M
FM-AHZD01-XN-S,partial,Missing Sapo source record,orphan_platform_sku_not_in_sapo,,,43,,,Áo halfzip tay dài ZEST AHZD01 Blazer Navy - S
FM-AHZD01-XN-XL,partial,Missing Sapo source record,orphan_platform_sku_not_in_sapo,,,37,,,Áo halfzip tay dài ZEST AHZD01 Blazer Navy - XL
FM-AKGL01-TR-L-FM-QDOL01-HP-L,partial,Missing Pancake and Shopify records,blocked_by_product_sync_blocklist,32,,,Bộ đồ tập yoga pilates nữ Fitme Glow áo khoác trắng phối quần ống loe hồng pastel thoáng khí tôn dáng,,
FM-AKGL01-TR-L-FM-QDOL01-HP-M,partial,Missing Pancake and Shopify records,blocked_by_product_sync_blocklist,1,,,Bộ đồ tập yoga pilates nữ Fitme Glow áo khoác trắng phối quần ống loe hồng pastel thoáng khí tôn dáng,,
FM-AKGL01-TR-L-FM-QDOL01-HP-S,partial,Missing Pancake and Shopify records,blocked_by_product_sync_blocklist,1,,,Bộ đồ tập yoga pilates nữ Fitme Glow áo khoác trắng phối quần ống loe hồng pastel thoáng khí tôn dáng,,
FM-AKGL01-TR-L-FM-QDOL01-HP-XL,partial,Missing Pancake and Shopify records,blocked_by_product_sync_blocklist,9,,,Bộ đồ tập yoga pilates nữ Fitme Glow áo khoác trắng phối quần ống loe hồng pastel thoáng khí tôn dáng,,
FM-AKGL01-TR-M-FM-QDOL01-HP-L,partial,Missing Pancake and Shopify records,blocked_by_product_sync_blocklist,32,,,Bộ đồ tập yoga pilates nữ Fitme Glow áo khoác trắng phối quần ống loe hồng pastel thoáng khí tôn dáng,,
FM-AKGL01-TR-M-FM-QDOL01-HP-M,partial,Missing Pancake and Shopify records,blocked_by_product_sync_blocklist,1,,,Bộ đồ tập yoga pilates nữ Fitme Glow áo khoác trắng phối quần ống loe hồng pastel thoáng khí tôn dáng,,
FM-AKGL01-TR-M-FM-QDOL01-HP-S,partial,Missing Pancake and Shopify records,blocked_by_product_sync_blocklist,1,,,Bộ đồ tập yoga pilates nữ Fitme Glow áo khoác trắng phối quần ống loe hồng pastel thoáng khí tôn dáng,,
FM-AKGL01-TR-M-FM-QDOL01-HP-XL,partial,Missing Pancake and Shopify records,blocked_by_product_sync_blocklist,9,,,Bộ đồ tập yoga pilates nữ Fitme Glow áo khoác trắng phối quần ống loe hồng pastel thoáng khí tôn dáng,,
FM-AKGL01-TR-S-FM-QDOL01-HP-L,partial,Missing Pancake and Shopify records,blocked_by_product_sync_blocklist,34,,,Bộ đồ tập yoga pilates nữ Fitme Glow áo khoác trắng phối quần ống loe hồng pastel thoáng khí tôn dáng,,
FM-AKGL01-TR-S-FM-QDOL01-HP-M,partial,Missing Pancake and Shopify records,blocked_by_product_sync_blocklist,3,,,Bộ đồ tập yoga pilates nữ Fitme Glow áo khoác trắng phối quần ống loe hồng pastel thoáng khí tôn dáng,,
FM-AKGL01-TR-S-FM-QDOL01-HP-S,partial,Missing Pancake and Shopify records,blocked_by_product_sync_blocklist,3,,,Bộ đồ tập yoga pilates nữ Fitme Glow áo khoác trắng phối quần ống loe hồng pastel thoáng khí tôn dáng,,
FM-AKGL01-TR-S-FM-QDOL01-HP-XL,partial,Missing Pancake and Shopify records,blocked_by_product_sync_blocklist,11,,,Bộ đồ tập yoga pilates nữ Fitme Glow áo khoác trắng phối quần ống loe hồng pastel thoáng khí tôn dáng,,
FM-AKGL01-TR-XL-FM-QDOL01-HP-L,partial,Missing Pancake and Shopify records,blocked_by_product_sync_blocklist,34,,,Bộ đồ tập yoga pilates nữ Fitme Glow áo khoác trắng phối quần ống loe hồng pastel thoáng khí tôn dáng,,
FM-AKGL01-TR-XL-FM-QDOL01-HP-M,partial,Missing Pancake and Shopify records,blocked_by_product_sync_blocklist,3,,,Bộ đồ tập yoga pilates nữ Fitme Glow áo khoác trắng phối quần ống loe hồng pastel thoáng khí tôn dáng,,
FM-AKGL01-TR-XL-FM-QDOL01-HP-S,partial,Missing Pancake and Shopify records,blocked_by_product_sync_blocklist,3,,,Bộ đồ tập yoga pilates nữ Fitme Glow áo khoác trắng phối quần ống loe hồng pastel thoáng khí tôn dáng,,
FM-AKGL01-TR-XL-FM-QDOL01-HP-XL,partial,Missing Pancake and Shopify records,blocked_by_product_sync_blocklist,11,,,Bộ đồ tập yoga pilates nữ Fitme Glow áo khoác trắng phối quần ống loe hồng pastel thoáng khí tôn dáng,,
FM-AKSL01-TR-L-FM-QDSL02-HP-L,partial,Missing Pancake and Shopify records,blocked_by_product_sync_blocklist,113,,,Bộ đồ tập yoga pilates nữ Fitme SL áo khoác Serene xanh pastel phối quần hồng pastel tôn dáng mềm mại,,
FM-AKSL01-TR-L-FM-QDSL02-HP-M,partial,Missing Pancake and Shopify records,blocked_by_product_sync_blocklist,116,,,Bộ đồ tập yoga pilates nữ Fitme SL áo khoác Serene xanh pastel phối quần hồng pastel tôn dáng mềm mại,,
FM-AKSL01-TR-L-FM-QDSL02-HP-S,partial,Missing Pancake and Shopify records,blocked_by_product_sync_blocklist,116,,,Bộ đồ tập yoga pilates nữ Fitme SL áo khoác Serene xanh pastel phối quần hồng pastel tôn dáng mềm mại,,
FM-AKSL01-TR-L-FM-QDSL02-HP-XL,partial,Missing Pancake and Shopify records,blocked_by_product_sync_blocklist,58,,,Bộ đồ tập yoga pilates nữ Fitme SL áo khoác Serene xanh pastel phối quần hồng pastel tôn dáng mềm mại,,
FM-AKSL01-TR-M-FM-QDSL02-HP-L,partial,Missing Pancake and Shopify records,blocked_by_product_sync_blocklist,113,,,Bộ đồ tập yoga pilates nữ Fitme SL áo khoác Serene xanh pastel phối quần hồng pastel tôn dáng mềm mại,,
FM-AKSL01-TR-M-FM-QDSL02-HP-M,partial,Missing Pancake and Shopify records,blocked_by_product_sync_blocklist,138,,,Bộ đồ tập yoga pilates nữ Fitme SL áo khoác Serene xanh pastel phối quần hồng pastel tôn dáng mềm mại,,
FM-AKSL01-TR-M-FM-QDSL02-HP-S,partial,Missing Pancake and Shopify records,blocked_by_product_sync_blocklist,138,,,Bộ đồ tập yoga pilates nữ Fitme SL áo khoác Serene xanh pastel phối quần hồng pastel tôn dáng mềm mại,,
FM-AKSL01-TR-M-FM-QDSL02-HP-XL,partial,Missing Pancake and Shopify records,blocked_by_product_sync_blocklist,57,,,Bộ đồ tập yoga pilates nữ Fitme SL áo khoác Serene xanh pastel phối quần hồng pastel tôn dáng mềm mại,,
FM-AKSL01-TR-S-FM-QDSL02-HP-L,partial,Missing Pancake and Shopify records,blocked_by_product_sync_blocklist,113,,,Bộ đồ tập yoga pilates nữ Fitme SL áo khoác Serene xanh pastel phối quần hồng pastel tôn dáng mềm mại,,
FM-AKSL01-TR-S-FM-QDSL02-HP-M,partial,Missing Pancake and Shopify records,blocked_by_product_sync_blocklist,133,,,Bộ đồ tập yoga pilates nữ Fitme SL áo khoác Serene xanh pastel phối quần hồng pastel tôn dáng mềm mại,,
FM-AKSL01-TR-S-FM-QDSL02-HP-S,partial,Missing Pancake and Shopify records,blocked_by_product_sync_blocklist,133,,,Bộ đồ tập yoga pilates nữ Fitme SL áo khoác Serene xanh pastel phối quần hồng pastel tôn dáng mềm mại,,
FM-AKSL01-TR-S-FM-QDSL02-HP-XL,partial,Missing Pancake and Shopify records,blocked_by_product_sync_blocklist,58,,,Bộ đồ tập yoga pilates nữ Fitme SL áo khoác Serene xanh pastel phối quần hồng pastel tôn dáng mềm mại,,
FM-AKSL01-TR-XL-FM-QDSL02-HP-L,partial,Missing Pancake and Shopify records,blocked_by_product_sync_blocklist,92,,,Bộ đồ tập yoga pilates nữ Fitme SL áo khoác Serene xanh pastel phối quần hồng pastel tôn dáng mềm mại,,
FM-AKSL01-TR-XL-FM-QDSL02-HP-M,partial,Missing Pancake and Shopify records,blocked_by_product_sync_blocklist,94,,,Bộ đồ tập yoga pilates nữ Fitme SL áo khoác Serene xanh pastel phối quần hồng pastel tôn dáng mềm mại,,
FM-AKSL01-TR-XL-FM-QDSL02-HP-S,partial,Missing Pancake and Shopify records,blocked_by_product_sync_blocklist,94,,,Bộ đồ tập yoga pilates nữ Fitme SL áo khoác Serene xanh pastel phối quần hồng pastel tôn dáng mềm mại,,
FM-AKSL01-TR-XL-FM-QDSL02-HP-XL,partial,Missing Pancake and Shopify records,blocked_by_product_sync_blocklist,58,,,Bộ đồ tập yoga pilates nữ Fitme SL áo khoác Serene xanh pastel phối quần hồng pastel tôn dáng mềm mại,,
FM-AKSL01-XP-L-FM-QDSL01-XP-L,partial,Missing Pancake and Shopify records,blocked_by_product_sync_blocklist,74,,,Bộ đồ tập yoga pilates nữ Fitme áo khoác Serene SL xanh pastel phối quần Aura SL mềm mại tôn dáng,,
FM-AKSL01-XP-L-FM-QDSL01-XP-M,partial,Missing Pancake and Shopify records,blocked_by_product_sync_blocklist,98,,,Bộ đồ tập yoga pilates nữ Fitme áo khoác Serene SL xanh pastel phối quần Aura SL mềm mại tôn dáng,,
FM-AKSL01-XP-L-FM-QDSL01-XP-S,partial,Missing Pancake and Shopify records,blocked_by_product_sync_blocklist,98,,,Bộ đồ tập yoga pilates nữ Fitme áo khoác Serene SL xanh pastel phối quần Aura SL mềm mại tôn dáng,,
FM-AKSL01-XP-L-FM-QDSL01-XP-XL,partial,Missing Pancake and Shopify records,blocked_by_product_sync_blocklist,48,,,Bộ đồ tập yoga pilates nữ Fitme áo khoác Serene SL xanh pastel phối quần Aura SL mềm mại tôn dáng,,
FM-AKSL01-XP-M-FM-QDSL01-XP-L,partial,Missing Pancake and Shopify records,blocked_by_product_sync_blocklist,73,,,Bộ đồ tập yoga pilates nữ Fitme áo khoác Serene SL xanh pastel phối quần Aura SL mềm mại tôn dáng,,
FM-AKSL01-XP-M-FM-QDSL01-XP-M,partial,Missing Pancake and Shopify records,blocked_by_product_sync_blocklist,125,,,Bộ đồ tập yoga pilates nữ Fitme áo khoác Serene SL xanh pastel phối quần Aura SL mềm mại tôn dáng,,
FM-AKSL01-XP-M-FM-QDSL01-XP-S,partial,Missing Pancake and Shopify records,blocked_by_product_sync_blocklist,125,,,Bộ đồ tập yoga pilates nữ Fitme áo khoác Serene SL xanh pastel phối quần Aura SL mềm mại tôn dáng,,
FM-AKSL01-XP-M-FM-QDSL01-XP-XL,partial,Missing Pancake and Shopify records,blocked_by_product_sync_blocklist,48,,,Bộ đồ tập yoga pilates nữ Fitme áo khoác Serene SL xanh pastel phối quần Aura SL mềm mại tôn dáng,,
FM-AKSL01-XP-S-FM-QDSL01-XP-L,partial,Missing Pancake and Shopify records,blocked_by_product_sync_blocklist,74,,,Bộ đồ tập yoga pilates nữ Fitme áo khoác Serene SL xanh pastel phối quần Aura SL mềm mại tôn dáng,,
FM-AKSL01-XP-S-FM-QDSL01-XP-M,partial,Missing Pancake and Shopify records,blocked_by_product_sync_blocklist,122,,,Bộ đồ tập yoga pilates nữ Fitme áo khoác Serene SL xanh pastel phối quần Aura SL mềm mại tôn dáng,,
FM-AKSL01-XP-S-FM-QDSL01-XP-S,partial,Missing Pancake and Shopify records,blocked_by_product_sync_blocklist,122,,,Bộ đồ tập yoga pilates nữ Fitme áo khoác Serene SL xanh pastel phối quần Aura SL mềm mại tôn dáng,,
FM-AKSL01-XP-S-FM-QDSL01-XP-XL,partial,Missing Pancake and Shopify records,blocked_by_product_sync_blocklist,48,,,Bộ đồ tập yoga pilates nữ Fitme áo khoác Serene SL xanh pastel phối quần Aura SL mềm mại tôn dáng,,
FM-AKSL01-XP-XL-FM-QDSL01-XP-L,partial,Missing Pancake and Shopify records,blocked_by_product_sync_blocklist,73,,,Bộ đồ tập yoga pilates nữ Fitme áo khoác Serene SL xanh pastel phối quần Aura SL mềm mại tôn dáng,,
FM-AKSL01-XP-XL-FM-QDSL01-XP-M,partial,Missing Pancake and Shopify records,blocked_by_product_sync_blocklist,77,,,Bộ đồ tập yoga pilates nữ Fitme áo khoác Serene SL xanh pastel phối quần Aura SL mềm mại tôn dáng,,
FM-AKSL01-XP-XL-FM-QDSL01-XP-S,partial,Missing Pancake and Shopify records,blocked_by_product_sync_blocklist,77,,,Bộ đồ tập yoga pilates nữ Fitme áo khoác Serene SL xanh pastel phối quần Aura SL mềm mại tôn dáng,,
FM-AKSL01-XP-XL-FM-QDSL01-XP-XL,partial,Missing Pancake and Shopify records,blocked_by_product_sync_blocklist,48,,,Bộ đồ tập yoga pilates nữ Fitme áo khoác Serene SL xanh pastel phối quần Aura SL mềm mại tôn dáng,,
FM-APGR01 -BN-L,partial,Missing Sapo source record,orphan_platform_sku_not_in_sapo,,,149,,,Áo polo tập pickleball tennis nữ APGR01 Blazer Navy - L
FM-APGR01 -BN-M,partial,Missing Sapo source record,orphan_platform_sku_not_in_sapo,,,150,,,Áo polo tập pickleball tennis nữ APGR01 Blazer Navy - M
FM-APGR01 -BN-S,partial,Missing Sapo source record,orphan_platform_sku_not_in_sapo,,,99,,,Áo polo tập pickleball tennis nữ APGR01 Blazer Navy - S
FM-APGR01 -BN-XL,partial,Missing Sapo source record,orphan_platform_sku_not_in_sapo,,,98,,,Áo polo tập pickleball tennis nữ APGR01 Blazer Navy - XL
FM-APGR01 -DO-L,partial,Missing Sapo source record,orphan_platform_sku_not_in_sapo,,,148,,,Áo polo tập pickleball tennis nữ APGR01 Đỏ - L
FM-APGR01 -DO-M,partial,Missing Sapo source record,orphan_platform_sku_not_in_sapo,,,146,,,Áo polo tập pickleball tennis nữ APGR01 Đỏ - M
FM-APGR01 -DO-S,partial,Missing Sapo source record,orphan_platform_sku_not_in_sapo,,,98,,,Áo polo tập pickleball tennis nữ APGR01 Đỏ - S
FM-APGR01 -DO-XL,partial,Missing Sapo source record,orphan_platform_sku_not_in_sapo,,,100,,,Áo polo tập pickleball tennis nữ APGR01 Đỏ - XL
FM-ATBL01-HP-L-FM-QNGL01-DG-L,partial,Missing Pancake and Shopify records,blocked_by_product_sync_blocklist,0,,,Bộ đồ tập gym yoga nữ Fitme Bloom hồng pastel kết hợp quần đùi Glow Dark Grey co giãn thoáng khí,,
FM-ATBL01-HP-L-FM-QNGL01-DG-M,partial,Missing Pancake and Shopify records,blocked_by_product_sync_blocklist,0,,,Bộ đồ tập gym yoga nữ Fitme Bloom hồng pastel kết hợp quần đùi Glow Dark Grey co giãn thoáng khí,,
FM-ATBL01-HP-L-FM-QNGL01-DG-S,partial,Missing Pancake and Shopify records,blocked_by_product_sync_blocklist,0,,,Bộ đồ tập gym yoga nữ Fitme Bloom hồng pastel kết hợp quần đùi Glow Dark Grey co giãn thoáng khí,,
FM-ATBL01-HP-L-FM-QNGL01-DG-XL,partial,Missing Pancake and Shopify records,blocked_by_product_sync_blocklist,0,,,Bộ đồ tập gym yoga nữ Fitme Bloom hồng pastel kết hợp quần đùi Glow Dark Grey co giãn thoáng khí,,
FM-ATBL01-HP-M-FM-QNGL01-DG-L,partial,Missing Pancake and Shopify records,blocked_by_product_sync_blocklist,0,,,Bộ đồ tập gym yoga nữ Fitme Bloom hồng pastel kết hợp quần đùi Glow Dark Grey co giãn thoáng khí,,
FM-ATBL01-HP-M-FM-QNGL01-DG-M,partial,Missing Pancake and Shopify records,blocked_by_product_sync_blocklist,0,,,Bộ đồ tập gym yoga nữ Fitme Bloom hồng pastel kết hợp quần đùi Glow Dark Grey co giãn thoáng khí,,
FM-ATBL01-HP-M-FM-QNGL01-DG-S,partial,Missing Pancake and Shopify records,blocked_by_product_sync_blocklist,0,,,Bộ đồ tập gym yoga nữ Fitme Bloom hồng pastel kết hợp quần đùi Glow Dark Grey co giãn thoáng khí,,
FM-ATBL01-HP-M-FM-QNGL01-DG-XL,partial,Missing Pancake and Shopify records,blocked_by_product_sync_blocklist,0,,,Bộ đồ tập gym yoga nữ Fitme Bloom hồng pastel kết hợp quần đùi Glow Dark Grey co giãn thoáng khí,,
FM-ATBL01-HP-S-FM-QNGL01-DG-L,partial,Missing Pancake and Shopify records,blocked_by_product_sync_blocklist,0,,,Bộ đồ tập gym yoga nữ Fitme Bloom hồng pastel kết hợp quần đùi Glow Dark Grey co giãn thoáng khí,,
FM-ATBL01-HP-S-FM-QNGL01-DG-M,partial,Missing Pancake and Shopify records,blocked_by_product_sync_blocklist,0,,,Bộ đồ tập gym yoga nữ Fitme Bloom hồng pastel kết hợp quần đùi Glow Dark Grey co giãn thoáng khí,,
FM-ATBL01-HP-S-FM-QNGL01-DG-S,partial,Missing Pancake and Shopify records,blocked_by_product_sync_blocklist,0,,,Bộ đồ tập gym yoga nữ Fitme Bloom hồng pastel kết hợp quần đùi Glow Dark Grey co giãn thoáng khí,,
FM-ATBL01-HP-S-FM-QNGL01-DG-XL,partial,Missing Pancake and Shopify records,blocked_by_product_sync_blocklist,0,,,Bộ đồ tập gym yoga nữ Fitme Bloom hồng pastel kết hợp quần đùi Glow Dark Grey co giãn thoáng khí,,
FM-ATBL01-HP-XL-FM-QNGL01-DG-L,partial,Missing Pancake and Shopify records,blocked_by_product_sync_blocklist,0,,,Bộ đồ tập gym yoga nữ Fitme Bloom hồng pastel kết hợp quần đùi Glow Dark Grey co giãn thoáng khí,,
FM-ATBL01-HP-XL-FM-QNGL01-DG-M,partial,Missing Pancake and Shopify records,blocked_by_product_sync_blocklist,0,,,Bộ đồ tập gym yoga nữ Fitme Bloom hồng pastel kết hợp quần đùi Glow Dark Grey co giãn thoáng khí,,
FM-ATBL01-HP-XL-FM-QNGL01-DG-S,partial,Missing Pancake and Shopify records,blocked_by_product_sync_blocklist,0,,,Bộ đồ tập gym yoga nữ Fitme Bloom hồng pastel kết hợp quần đùi Glow Dark Grey co giãn thoáng khí,,
FM-ATBL01-HP-XL-FM-QNGL01-DG-XL,partial,Missing Pancake and Shopify records,blocked_by_product_sync_blocklist,0,,,Bộ đồ tập gym yoga nữ Fitme Bloom hồng pastel kết hợp quần đùi Glow Dark Grey co giãn thoáng khí,,
FM-ATBL02-HP-L-FM-QDBL01-HP-L,partial,Missing Pancake and Shopify records,blocked_by_product_sync_blocklist,54,,,Bộ đồ tập gym yoga nữ Fitme Bloom áo tank hồng pastel phối quần ống loe hồng pastel tôn dáng mềm mại,,
FM-ATBL02-HP-L-FM-QDBL01-HP-M,partial,Missing Pancake and Shopify records,blocked_by_product_sync_blocklist,4,,,Bộ đồ tập gym yoga nữ Fitme Bloom áo tank hồng pastel phối quần ống loe hồng pastel tôn dáng mềm mại,,
FM-ATBL02-HP-L-FM-QDBL01-HP-S,partial,Missing Pancake and Shopify records,blocked_by_product_sync_blocklist,0,,,Bộ đồ tập gym yoga nữ Fitme Bloom áo tank hồng pastel phối quần ống loe hồng pastel tôn dáng mềm mại,,
FM-ATBL02-HP-L-FM-QDBL01-HP-XL,partial,Missing Pancake and Shopify records,blocked_by_product_sync_blocklist,55,,,Bộ đồ tập gym yoga nữ Fitme Bloom áo tank hồng pastel phối quần ống loe hồng pastel tôn dáng mềm mại,,
FM-ATBL02-HP-M-FM-QDBL01-HP-L,partial,Missing Pancake and Shopify records,blocked_by_product_sync_blocklist,42,,,Bộ đồ tập gym yoga nữ Fitme Bloom áo tank hồng pastel phối quần ống loe hồng pastel tôn dáng mềm mại,,
FM-ATBL02-HP-M-FM-QDBL01-HP-M,partial,Missing Pancake and Shopify records,blocked_by_product_sync_blocklist,3,,,Bộ đồ tập gym yoga nữ Fitme Bloom áo tank hồng pastel phối quần ống loe hồng pastel tôn dáng mềm mại,,
FM-ATBL02-HP-M-FM-QDBL01-HP-S,partial,Missing Pancake and Shopify records,blocked_by_product_sync_blocklist,0,,,Bộ đồ tập gym yoga nữ Fitme Bloom áo tank hồng pastel phối quần ống loe hồng pastel tôn dáng mềm mại,,
FM-ATBL02-HP-M-FM-QDBL01-HP-XL,partial,Missing Pancake and Shopify records,blocked_by_product_sync_blocklist,43,,,Bộ đồ tập gym yoga nữ Fitme Bloom áo tank hồng pastel phối quần ống loe hồng pastel tôn dáng mềm mại,,
FM-ATBL02-HP-S-FM-QDBL01-HP-L,partial,Missing Pancake and Shopify records,blocked_by_product_sync_blocklist,61,,,Bộ đồ tập gym yoga nữ Fitme Bloom áo tank hồng pastel phối quần ống loe hồng pastel tôn dáng mềm mại,,
FM-ATBL02-HP-S-FM-QDBL01-HP-M,partial,Missing Pancake and Shopify records,blocked_by_product_sync_blocklist,1,,,Bộ đồ tập gym yoga nữ Fitme Bloom áo tank hồng pastel phối quần ống loe hồng pastel tôn dáng mềm mại,,
FM-ATBL02-HP-S-FM-QDBL01-HP-S,partial,Missing Pancake and Shopify records,blocked_by_product_sync_blocklist,0,,,Bộ đồ tập gym yoga nữ Fitme Bloom áo tank hồng pastel phối quần ống loe hồng pastel tôn dáng mềm mại,,
FM-ATBL02-HP-S-FM-QDBL01-HP-XL,partial,Missing Pancake and Shopify records,blocked_by_product_sync_blocklist,61,,,Bộ đồ tập gym yoga nữ Fitme Bloom áo tank hồng pastel phối quần ống loe hồng pastel tôn dáng mềm mại,,
FM-ATBL02-HP-XL-FM-QDBL01-HP-L,partial,Missing Pancake and Shopify records,blocked_by_product_sync_blocklist,0,,,Bộ đồ tập gym yoga nữ Fitme Bloom áo tank hồng pastel phối quần ống loe hồng pastel tôn dáng mềm mại,,
FM-ATBL02-HP-XL-FM-QDBL01-HP-M,partial,Missing Pancake and Shopify records,blocked_by_product_sync_blocklist,0,,,Bộ đồ tập gym yoga nữ Fitme Bloom áo tank hồng pastel phối quần ống loe hồng pastel tôn dáng mềm mại,,
FM-ATBL02-HP-XL-FM-QDBL01-HP-S,partial,Missing Pancake and Shopify records,blocked_by_product_sync_blocklist,0,,,Bộ đồ tập gym yoga nữ Fitme Bloom áo tank hồng pastel phối quần ống loe hồng pastel tôn dáng mềm mại,,
FM-ATBL02-HP-XL-FM-QDBL01-HP-XL,partial,Missing Pancake and Shopify records,blocked_by_product_sync_blocklist,0,,,Bộ đồ tập gym yoga nữ Fitme Bloom áo tank hồng pastel phối quần ống loe hồng pastel tôn dáng mềm mại,,
FM-ATSL01-XP-L-FM-QNSL01-XP-L,partial,Missing Pancake and Shopify records,blocked_by_product_sync_blocklist,45,,,Bộ đồ tập gym pilates yoga nữ Fitme Belle SL phối quần đùi Sparkle SL co giãn nâng v3 tôn dáng,,
FM-ATSL01-XP-L-FM-QNSL01-XP-M,partial,Missing Pancake and Shopify records,blocked_by_product_sync_blocklist,42,,,Bộ đồ tập gym pilates yoga nữ Fitme Belle SL phối quần đùi Sparkle SL co giãn nâng v3 tôn dáng,,
FM-ATSL01-XP-L-FM-QNSL01-XP-S,partial,Missing Pancake and Shopify records,blocked_by_product_sync_blocklist,42,,,Bộ đồ tập gym pilates yoga nữ Fitme Belle SL phối quần đùi Sparkle SL co giãn nâng v3 tôn dáng,,
FM-ATSL01-XP-L-FM-QNSL01-XP-XL,partial,Missing Pancake and Shopify records,blocked_by_product_sync_blocklist,31,,,Bộ đồ tập gym pilates yoga nữ Fitme Belle SL phối quần đùi Sparkle SL co giãn nâng v3 tôn dáng,,
FM-ATSL01-XP-M-FM-QNSL01-XP-L,partial,Missing Pancake and Shopify records,blocked_by_product_sync_blocklist,91,,,Bộ đồ tập gym pilates yoga nữ Fitme Belle SL phối quần đùi Sparkle SL co giãn nâng v3 tôn dáng,,
FM-ATSL01-XP-M-FM-QNSL01-XP-M,partial,Missing Pancake and Shopify records,blocked_by_product_sync_blocklist,87,,,Bộ đồ tập gym pilates yoga nữ Fitme Belle SL phối quần đùi Sparkle SL co giãn nâng v3 tôn dáng,,
FM-ATSL01-XP-M-FM-QNSL01-XP-S,partial,Missing Pancake and Shopify records,blocked_by_product_sync_blocklist,87,,,Bộ đồ tập gym pilates yoga nữ Fitme Belle SL phối quần đùi Sparkle SL co giãn nâng v3 tôn dáng,,
FM-ATSL01-XP-M-FM-QNSL01-XP-XL,partial,Missing Pancake and Shopify records,blocked_by_product_sync_blocklist,31,,,Bộ đồ tập gym pilates yoga nữ Fitme Belle SL phối quần đùi Sparkle SL co giãn nâng v3 tôn dáng,,
FM-ATSL01-XP-S-FM-QNSL01-XP-L,partial,Missing Pancake and Shopify records,blocked_by_product_sync_blocklist,93,,,Bộ đồ tập gym pilates yoga nữ Fitme Belle SL phối quần đùi Sparkle SL co giãn nâng v3 tôn dáng,,
FM-ATSL01-XP-S-FM-QNSL01-XP-M,partial,Missing Pancake and Shopify records,blocked_by_product_sync_blocklist,89,,,Bộ đồ tập gym pilates yoga nữ Fitme Belle SL phối quần đùi Sparkle SL co giãn nâng v3 tôn dáng,,
FM-ATSL01-XP-S-FM-QNSL01-XP-S,partial,Missing Pancake and Shopify records,blocked_by_product_sync_blocklist,89,,,Bộ đồ tập gym pilates yoga nữ Fitme Belle SL phối quần đùi Sparkle SL co giãn nâng v3 tôn dáng,,
FM-ATSL01-XP-S-FM-QNSL01-XP-XL,partial,Missing Pancake and Shopify records,blocked_by_product_sync_blocklist,31,,,Bộ đồ tập gym pilates yoga nữ Fitme Belle SL phối quần đùi Sparkle SL co giãn nâng v3 tôn dáng,,
FM-ATSL01-XP-XL-FM-QNSL01-XP-L,partial,Missing Pancake and Shopify records,blocked_by_product_sync_blocklist,13,,,Bộ đồ tập gym pilates yoga nữ Fitme Belle SL phối quần đùi Sparkle SL co giãn nâng v3 tôn dáng,,
FM-ATSL01-XP-XL-FM-QNSL01-XP-M,partial,Missing Pancake and Shopify records,blocked_by_product_sync_blocklist,8,,,Bộ đồ tập gym pilates yoga nữ Fitme Belle SL phối quần đùi Sparkle SL co giãn nâng v3 tôn dáng,,
FM-ATSL01-XP-XL-FM-QNSL01-XP-S,partial,Missing Pancake and Shopify records,blocked_by_product_sync_blocklist,8,,,Bộ đồ tập gym pilates yoga nữ Fitme Belle SL phối quần đùi Sparkle SL co giãn nâng v3 tôn dáng,,
FM-ATSL01-XP-XL-FM-QNSL01-XP-XL,partial,Missing Pancake and Shopify records,blocked_by_product_sync_blocklist,8,,,Bộ đồ tập gym pilates yoga nữ Fitme Belle SL phối quần đùi Sparkle SL co giãn nâng v3 tôn dáng,,
FM-ATXL01-DE-2XL,partial,Missing Sapo source record,orphan_platform_sku_not_in_sapo,,,0,,,Áo thể thao Simple ATXL01 ĐEN - 2XL
FM-ATXL01-TR-2XL,partial,Missing Sapo source record,orphan_platform_sku_not_in_sapo,,,0,,,Áo thể thao Simple ATXL01 TRẮNG - 2XL
FM-ATXL01-XN-2XL,partial,Missing Sapo source record,orphan_platform_sku_not_in_sapo,,,0,,,Áo thể thao Simple ATXL01 XANH NAVY - 2XL
FM-ATXL01-XR-2XL,partial,Missing Sapo source record,orphan_platform_sku_not_in_sapo,,,0,,,Áo thể thao Simple ATXL01 XANH RÊU - 2XL
FM-AVBNU-DE-2XL-2-D,partial,Missing Sapo source record,orphan_platform_sku_not_in_sapo,,138,,,Áo thun thể thao nữ tập gym yoga Fitme vạt bầu thoáng khí thấm hút mồ hôi AVBNU#FM-AVBNU-DE-2XL,
FM-BCTR01-BN-B,partial,Missing Sapo source record,orphan_platform_sku_not_in_sapo,,199,206,,Băng tay thể thao nữ Fitme chặn mồ hôi Wristband mềm mại bảo vệ cổ tay BCTR01#FM-BCTR01-BN,Băng tay thể thao nữ Fitme BCTR01 - In / Navy
FM-BRGL04-TR-L-FM-QDZT01-HP-L,partial,Missing Pancake and Shopify records,blocked_by_product_sync_blocklist,3,,,Bộ đồ tập gym yoga nữ Fitme Glow áo bra trắng phối quần legging Zeta hồng pastel co giãn tôn dáng,,
FM-BRGL04-TR-L-FM-QDZT01-HP-M,partial,Missing Pancake and Shopify records,blocked_by_product_sync_blocklist,3,,,Bộ đồ tập gym yoga nữ Fitme Glow áo bra trắng phối quần legging Zeta hồng pastel co giãn tôn dáng,,
FM-BRGL04-TR-L-FM-QDZT01-HP-S,partial,Missing Pancake and Shopify records,blocked_by_product_sync_blocklist,1,,,Bộ đồ tập gym yoga nữ Fitme Glow áo bra trắng phối quần legging Zeta hồng pastel co giãn tôn dáng,,
FM-BRGL04-TR-L-FM-QDZT01-HP-XL,partial,Missing Pancake and Shopify records,blocked_by_product_sync_blocklist,3,,,Bộ đồ tập gym yoga nữ Fitme Glow áo bra trắng phối quần legging Zeta hồng pastel co giãn tôn dáng,,
FM-BRGL04-TR-M-FM-QDZT01-HP-L,partial,Missing Pancake and Shopify records,blocked_by_product_sync_blocklist,3,,,Bộ đồ tập gym yoga nữ Fitme Glow áo bra trắng phối quần legging Zeta hồng pastel co giãn tôn dáng,,
FM-BRGL04-TR-M-FM-QDZT01-HP-M,partial,Missing Pancake and Shopify records,blocked_by_product_sync_blocklist,3,,,Bộ đồ tập gym yoga nữ Fitme Glow áo bra trắng phối quần legging Zeta hồng pastel co giãn tôn dáng,,
FM-BRGL04-TR-M-FM-QDZT01-HP-S,partial,Missing Pancake and Shopify records,blocked_by_product_sync_blocklist,1,,,Bộ đồ tập gym yoga nữ Fitme Glow áo bra trắng phối quần legging Zeta hồng pastel co giãn tôn dáng,,
FM-BRGL04-TR-M-FM-QDZT01-HP-XL,partial,Missing Pancake and Shopify records,blocked_by_product_sync_blocklist,3,,,Bộ đồ tập gym yoga nữ Fitme Glow áo bra trắng phối quần legging Zeta hồng pastel co giãn tôn dáng,,
FM-BRGL04-TR-S-FM-QDZT01-HP-L,partial,Missing Pancake and Shopify records,blocked_by_product_sync_blocklist,3,,,Bộ đồ tập gym yoga nữ Fitme Glow áo bra trắng phối quần legging Zeta hồng pastel co giãn tôn dáng,,
FM-BRGL04-TR-S-FM-QDZT01-HP-M,partial,Missing Pancake and Shopify records,blocked_by_product_sync_blocklist,3,,,Bộ đồ tập gym yoga nữ Fitme Glow áo bra trắng phối quần legging Zeta hồng pastel co giãn tôn dáng,,
FM-BRGL04-TR-S-FM-QDZT01-HP-S,partial,Missing Pancake and Shopify records,blocked_by_product_sync_blocklist,1,,,Bộ đồ tập gym yoga nữ Fitme Glow áo bra trắng phối quần legging Zeta hồng pastel co giãn tôn dáng,,
FM-BRGL04-TR-S-FM-QDZT01-HP-XL,partial,Missing Pancake and Shopify records,blocked_by_product_sync_blocklist,3,,,Bộ đồ tập gym yoga nữ Fitme Glow áo bra trắng phối quần legging Zeta hồng pastel co giãn tôn dáng,,
FM-BRGL04-TR-XL-FM-QDZT01-HP-L,partial,Missing Pancake and Shopify records,blocked_by_product_sync_blocklist,1,,,Bộ đồ tập gym yoga nữ Fitme Glow áo bra trắng phối quần legging Zeta hồng pastel co giãn tôn dáng,,
FM-BRGL04-TR-XL-FM-QDZT01-HP-M,partial,Missing Pancake and Shopify records,blocked_by_product_sync_blocklist,1,,,Bộ đồ tập gym yoga nữ Fitme Glow áo bra trắng phối quần legging Zeta hồng pastel co giãn tôn dáng,,
FM-BRGL04-TR-XL-FM-QDZT01-HP-S,partial,Missing Pancake and Shopify records,blocked_by_product_sync_blocklist,0,,,Bộ đồ tập gym yoga nữ Fitme Glow áo bra trắng phối quần legging Zeta hồng pastel co giãn tôn dáng,,
FM-BRGL04-TR-XL-FM-QDZT01-HP-XL,partial,Missing Pancake and Shopify records,blocked_by_product_sync_blocklist,1,,,Bộ đồ tập gym yoga nữ Fitme Glow áo bra trắng phối quần legging Zeta hồng pastel co giãn tôn dáng,,
FM-BRRB01-XN-L,partial,Missing Sapo source record,orphan_platform_sku_not_in_sapo,,0,,,Áo bra tập gym yoga nữ Fitme Flow thể thao dây chéo có mút chống sốc nâng ngực Racer Back - BRRB,
FM-BRRB01-XN-M,partial,Missing Sapo source record,orphan_platform_sku_not_in_sapo,,0,,,Áo bra tập gym yoga nữ Fitme Flow thể thao dây chéo có mút chống sốc nâng ngực Racer Back - BRRB,
FM-BRRB01-XN-S,partial,Missing Sapo source record,orphan_platform_sku_not_in_sapo,,0,,,Áo bra tập gym yoga nữ Fitme Flow thể thao dây chéo có mút chống sốc nâng ngực Racer Back - BRRB,
FM-BRRB01-XN-XL,partial,Missing Sapo source record,orphan_platform_sku_not_in_sapo,,0,,,Áo bra tập gym yoga nữ Fitme Flow thể thao dây chéo có mút chống sốc nâng ngực Racer Back - BRRB,
FM-BRSB01-XN-L,partial,Missing Sapo source record,orphan_platform_sku_not_in_sapo,,0,,,Áo bra tập gym yoga nữ Fitme Flow thể thao dây chéo có mút chống sốc nâng ngực Strappy Back - BRSB,
FM-BRSB01-XN-M,partial,Missing Sapo source record,orphan_platform_sku_not_in_sapo,,0,,,Áo bra tập gym yoga nữ Fitme Flow thể thao dây chéo có mút chống sốc nâng ngực Strappy Back - BRSB,
FM-BRSB01-XN-S,partial,Missing Sapo source record,orphan_platform_sku_not_in_sapo,,0,,,Áo bra tập gym yoga nữ Fitme Flow thể thao dây chéo có mút chống sốc nâng ngực Strappy Back - BRSB,
FM-BRSB01-XN-XL,partial,Missing Sapo source record,orphan_platform_sku_not_in_sapo,,0,,,Áo bra tập gym yoga nữ Fitme Flow thể thao dây chéo có mút chống sốc nâng ngực Strappy Back - BRSB,
FM-BRSL01-XP-L-FM-QDSL01-XP-L,partial,Missing Pancake and Shopify records,blocked_by_product_sync_blocklist,74,,,Bộ đồ tập gym pilates yoga nữ Fitme Rosy SL áo bra phối quần legging Aura SL cạp cao tôn dáng co giãn,,
FM-BRSL01-XP-L-FM-QDSL01-XP-M,partial,Missing Pancake and Shopify records,blocked_by_product_sync_blocklist,137,,,Bộ đồ tập gym pilates yoga nữ Fitme Rosy SL áo bra phối quần legging Aura SL cạp cao tôn dáng co giãn,,
FM-BRSL01-XP-L-FM-QDSL01-XP-S,partial,Missing Pancake and Shopify records,blocked_by_product_sync_blocklist,139,,,Bộ đồ tập gym pilates yoga nữ Fitme Rosy SL áo bra phối quần legging Aura SL cạp cao tôn dáng co giãn,,
FM-BRSL01-XP-L-FM-QDSL01-XP-XL,partial,Missing Pancake and Shopify records,blocked_by_product_sync_blocklist,48,,,Bộ đồ tập gym pilates yoga nữ Fitme Rosy SL áo bra phối quần legging Aura SL cạp cao tôn dáng co giãn,,
FM-BRSL01-XP-M-FM-QDSL01-XP-L,partial,Missing Pancake and Shopify records,blocked_by_product_sync_blocklist,74,,,Bộ đồ tập gym pilates yoga nữ Fitme Rosy SL áo bra phối quần legging Aura SL cạp cao tôn dáng co giãn,,
FM-BRSL01-XP-M-FM-QDSL01-XP-M,partial,Missing Pancake and Shopify records,blocked_by_product_sync_blocklist,132,,,Bộ đồ tập gym pilates yoga nữ Fitme Rosy SL áo bra phối quần legging Aura SL cạp cao tôn dáng co giãn,,
FM-BRSL01-XP-M-FM-QDSL01-XP-S,partial,Missing Pancake and Shopify records,blocked_by_product_sync_blocklist,132,,,Bộ đồ tập gym pilates yoga nữ Fitme Rosy SL áo bra phối quần legging Aura SL cạp cao tôn dáng co giãn,,
FM-BRSL01-XP-M-FM-QDSL01-XP-XL,partial,Missing Pancake and Shopify records,blocked_by_product_sync_blocklist,48,,,Bộ đồ tập gym pilates yoga nữ Fitme Rosy SL áo bra phối quần legging Aura SL cạp cao tôn dáng co giãn,,
FM-BRSL01-XP-S-FM-QDSL01-XP-L,partial,Missing Pancake and Shopify records,blocked_by_product_sync_blocklist,74,,,Bộ đồ tập gym pilates yoga nữ Fitme Rosy SL áo bra phối quần legging Aura SL cạp cao tôn dáng co giãn,,
FM-BRSL01-XP-S-FM-QDSL01-XP-M,partial,Missing Pancake and Shopify records,blocked_by_product_sync_blocklist,137,,,Bộ đồ tập gym pilates yoga nữ Fitme Rosy SL áo bra phối quần legging Aura SL cạp cao tôn dáng co giãn,,
FM-BRSL01-XP-S-FM-QDSL01-XP-S,partial,Missing Pancake and Shopify records,blocked_by_product_sync_blocklist,139,,,Bộ đồ tập gym pilates yoga nữ Fitme Rosy SL áo bra phối quần legging Aura SL cạp cao tôn dáng co giãn,,
FM-BRSL01-XP-S-FM-QDSL01-XP-XL,partial,Missing Pancake and Shopify records,blocked_by_product_sync_blocklist,48,,,Bộ đồ tập gym pilates yoga nữ Fitme Rosy SL áo bra phối quần legging Aura SL cạp cao tôn dáng co giãn,,
FM-BRSL01-XP-XL-FM-QDSL01-XP-L,partial,Missing Pancake and Shopify records,blocked_by_product_sync_blocklist,74,,,Bộ đồ tập gym pilates yoga nữ Fitme Rosy SL áo bra phối quần legging Aura SL cạp cao tôn dáng co giãn,,
FM-BRSL01-XP-XL-FM-QDSL01-XP-M,partial,Missing Pancake and Shopify records,blocked_by_product_sync_blocklist,98,,,Bộ đồ tập gym pilates yoga nữ Fitme Rosy SL áo bra phối quần legging Aura SL cạp cao tôn dáng co giãn,,
FM-BRSL01-XP-XL-FM-QDSL01-XP-S,partial,Missing Pancake and Shopify records,blocked_by_product_sync_blocklist,98,,,Bộ đồ tập gym pilates yoga nữ Fitme Rosy SL áo bra phối quần legging Aura SL cạp cao tôn dáng co giãn,,
FM-BRSL01-XP-XL-FM-QDSL01-XP-XL,partial,Missing Pancake and Shopify records,blocked_by_product_sync_blocklist,48,,,Bộ đồ tập gym pilates yoga nữ Fitme Rosy SL áo bra phối quần legging Aura SL cạp cao tôn dáng co giãn,,
FM-BRSL02-VP-L-FM-QDSL02-VP-L,partial,Missing Pancake and Shopify records,blocked_by_product_sync_blocklist,43,,,Bộ đồ tập gym pilates yoga nữ Fitme SL áo bra Muse vàng pastel phối quần ống loe Divine tôn dáng thoải mái,,
FM-BRSL02-VP-L-FM-QDSL02-VP-M,partial,Missing Pancake and Shopify records,blocked_by_product_sync_blocklist,43,,,Bộ đồ tập gym pilates yoga nữ Fitme SL áo bra Muse vàng pastel phối quần ống loe Divine tôn dáng thoải mái,,
FM-BRSL02-VP-L-FM-QDSL02-VP-S,partial,Missing Pancake and Shopify records,blocked_by_product_sync_blocklist,44,,,Bộ đồ tập gym pilates yoga nữ Fitme SL áo bra Muse vàng pastel phối quần ống loe Divine tôn dáng thoải mái,,
FM-BRSL02-VP-L-FM-QDSL02-VP-XL,partial,Missing Pancake and Shopify records,blocked_by_product_sync_blocklist,43,,,Bộ đồ tập gym pilates yoga nữ Fitme SL áo bra Muse vàng pastel phối quần ống loe Divine tôn dáng thoải mái,,
FM-BRSL02-VP-M-FM-QDSL02-VP-L,partial,Missing Pancake and Shopify records,blocked_by_product_sync_blocklist,73,,,Bộ đồ tập gym pilates yoga nữ Fitme SL áo bra Muse vàng pastel phối quần ống loe Divine tôn dáng thoải mái,,
FM-BRSL02-VP-M-FM-QDSL02-VP-M,partial,Missing Pancake and Shopify records,blocked_by_product_sync_blocklist,78,,,Bộ đồ tập gym pilates yoga nữ Fitme SL áo bra Muse vàng pastel phối quần ống loe Divine tôn dáng thoải mái,,
FM-BRSL02-VP-M-FM-QDSL02-VP-S,partial,Missing Pancake and Shopify records,blocked_by_product_sync_blocklist,79,,,Bộ đồ tập gym pilates yoga nữ Fitme SL áo bra Muse vàng pastel phối quần ống loe Divine tôn dáng thoải mái,,
FM-BRSL02-VP-M-FM-QDSL02-VP-XL,partial,Missing Pancake and Shopify records,blocked_by_product_sync_blocklist,44,,,Bộ đồ tập gym pilates yoga nữ Fitme SL áo bra Muse vàng pastel phối quần ống loe Divine tôn dáng thoải mái,,
FM-BRSL02-VP-S-FM-QDSL02-VP-L,partial,Missing Pancake and Shopify records,blocked_by_product_sync_blocklist,73,,,Bộ đồ tập gym pilates yoga nữ Fitme SL áo bra Muse vàng pastel phối quần ống loe Divine tôn dáng thoải mái,,
FM-BRSL02-VP-S-FM-QDSL02-VP-M,partial,Missing Pancake and Shopify records,blocked_by_product_sync_blocklist,81,,,Bộ đồ tập gym pilates yoga nữ Fitme SL áo bra Muse vàng pastel phối quần ống loe Divine tôn dáng thoải mái,,
FM-BRSL02-VP-S-FM-QDSL02-VP-S,partial,Missing Pancake and Shopify records,blocked_by_product_sync_blocklist,82,,,Bộ đồ tập gym pilates yoga nữ Fitme SL áo bra Muse vàng pastel phối quần ống loe Divine tôn dáng thoải mái,,
FM-BRSL02-VP-S-FM-QDSL02-VP-XL,partial,Missing Pancake and Shopify records,blocked_by_product_sync_blocklist,44,,,Bộ đồ tập gym pilates yoga nữ Fitme SL áo bra Muse vàng pastel phối quần ống loe Divine tôn dáng thoải mái,,
FM-BRSL02-VP-XL-FM-QDSL02-VP-L,partial,Missing Pancake and Shopify records,blocked_by_product_sync_blocklist,0,,,Bộ đồ tập gym pilates yoga nữ Fitme SL áo bra Muse vàng pastel phối quần ống loe Divine tôn dáng thoải mái,,
FM-BRSL02-VP-XL-FM-QDSL02-VP-M,partial,Missing Pancake and Shopify records,blocked_by_product_sync_blocklist,0,,,Bộ đồ tập gym pilates yoga nữ Fitme SL áo bra Muse vàng pastel phối quần ống loe Divine tôn dáng thoải mái,,
FM-BRSL02-VP-XL-FM-QDSL02-VP-S,partial,Missing Pancake and Shopify records,blocked_by_product_sync_blocklist,0,,,Bộ đồ tập gym pilates yoga nữ Fitme SL áo bra Muse vàng pastel phối quần ống loe Divine tôn dáng thoải mái,,
FM-BRSL02-VP-XL-FM-QDSL02-VP-XL,partial,Missing Pancake and Shopify records,blocked_by_product_sync_blocklist,0,,,Bộ đồ tập gym pilates yoga nữ Fitme SL áo bra Muse vàng pastel phối quần ống loe Divine tôn dáng thoải mái,,
FM-BRZT01-XN-L,partial,Missing Sapo source record,orphan_platform_sku_not_in_sapo,,0,,,"Áo bra tập gym thể thao nữ Fitme Zeta có mút nâng ngực và định hình, vải 2 lớp dày dặn thấm hút tốt BRZT#FM-BRZT01-XN-L",
FM-BRZT01-XN-M,partial,Missing Sapo source record,orphan_platform_sku_not_in_sapo,,0,,,"Áo bra tập gym thể thao nữ Fitme Zeta có mút nâng ngực và định hình, vải 2 lớp dày dặn thấm hút tốt BRZT#FM-BRZT01-XN-M",
FM-BRZT01-XN-S,partial,Missing Sapo source record,orphan_platform_sku_not_in_sapo,,0,,,"Áo bra tập gym thể thao nữ Fitme Zeta có mút nâng ngực và định hình, vải 2 lớp dày dặn thấm hút tốt BRZT#FM-BRZT01-XN-S",
FM-BRZT01-XN-XL,partial,Missing Sapo source record,orphan_platform_sku_not_in_sapo,,0,,,"Áo bra tập gym thể thao nữ Fitme Zeta có mút nâng ngực và định hình, vải 2 lớp dày dặn thấm hút tốt BRZT#FM-BRZT01-XN-XL",
FM-JGNAM01-DE-2XL,partial,Missing Pancake and Shopify records,pancake_create_failed_422,1,,,Quần jogger thể thao nam Fitme phối túi hộp hỗ trợ tập gym chạy bộ cao cấp JGNAM01#FM-JGNAM01-DE-2XL,,
FM-JGNAM01-DE-2XL-2-D,partial,Missing Sapo source record,orphan_platform_sku_not_in_sapo,,1,,,Quần jogger thể thao nam Fitme phối túi hộp hỗ trợ tập gym chạy bộ cao cấp JGNAM01#FM-JGNAM01-DE-2XL,
FM-QDOL01-DE-2XL,partial,Missing Sapo source record,orphan_platform_sku_not_in_sapo,,,0,,,Quần legging ống loe Flare QDOL Đen - 2XL
FM-QDOL01-DG-2XL,partial,Missing Sapo source record,orphan_platform_sku_not_in_sapo,,,0,,,Quần legging ống loe Flare QDOL Dark Grey - 2XL
FM-QDOL01-LG-2XL,partial,Missing Sapo source record,orphan_platform_sku_not_in_sapo,,,0,,,Quần legging ống loe Flare QDOL Light Grey - 2XL
FM-QDOL01-XN-L,partial,Missing Sapo source record,orphan_platform_sku_not_in_sapo,,0,,,Quần tập gym yoga nữ ống loe Fitme Flow legging cạp cao nâng mông tôn dáng có túi sau Flare - QDOL,
FM-QDOL01-XN-M,partial,Missing Sapo source record,orphan_platform_sku_not_in_sapo,,0,,,Quần tập gym yoga nữ ống loe Fitme Flow legging cạp cao nâng mông tôn dáng có túi sau Flare - QDOL,
FM-QDOL01-XN-S,partial,Missing Sapo source record,orphan_platform_sku_not_in_sapo,,0,,,Quần tập gym yoga nữ ống loe Fitme Flow legging cạp cao nâng mông tôn dáng có túi sau Flare - QDOL,
FM-QDOL01-XN-XL,partial,Missing Sapo source record,orphan_platform_sku_not_in_sapo,,0,,,Quần tập gym yoga nữ ống loe Fitme Flow legging cạp cao nâng mông tôn dáng có túi sau Flare - QDOL,
FM-QDPK01-DE-2XL,partial,Missing Sapo source record,orphan_platform_sku_not_in_sapo,,,0,,,Quần legging có túi Pocket QDPK Đen - 2XL
FM-QDPK01-DG-2XL,partial,Missing Sapo source record,orphan_platform_sku_not_in_sapo,,,0,,,Quần legging có túi Pocket QDPK Dark Grey - 2XL
FM-QDPK01-LG-2XL,partial,Missing Sapo source record,orphan_platform_sku_not_in_sapo,,,0,,,Quần legging có túi Pocket QDPK Light Grey - 2XL
FM-QDPK01-XN-L,partial,Missing Sapo source record,orphan_platform_sku_not_in_sapo,,0,,,Quần tập gym yoga legging nữ Fitme Flow có túi cạp cao co giãn nâng mông Pocket - QDPK,
FM-QDPK01-XN-M,partial,Missing Sapo source record,orphan_platform_sku_not_in_sapo,,0,,,Quần tập gym yoga legging nữ Fitme Flow có túi cạp cao co giãn nâng mông Pocket - QDPK,
FM-QDPK01-XN-S,partial,Missing Sapo source record,orphan_platform_sku_not_in_sapo,,0,,,Quần tập gym yoga legging nữ Fitme Flow có túi cạp cao co giãn nâng mông Pocket - QDPK,
FM-QDPK01-XN-XL,partial,Missing Sapo source record,orphan_platform_sku_not_in_sapo,,0,,,Quần tập gym yoga legging nữ Fitme Flow có túi cạp cao co giãn nâng mông Pocket - QDPK,
FM-QDTT01-DE-2XL,partial,Missing Sapo source record,orphan_platform_sku_not_in_sapo,,,0,,,Quần legging túi ẩn Theta QDTT Đen - 2XL
FM-QDTT01-DG-2XL,partial,Missing Sapo source record,orphan_platform_sku_not_in_sapo,,,0,,,Quần legging túi ẩn Theta QDTT Dark Grey - 2XL
FM-QDTT01-XN-L,partial,Missing Sapo source record,orphan_platform_sku_not_in_sapo,,0,,,Quần legging tập gym yoga nữ Fitme Flow cạp cao nâng mông co giãn thoáng khí túi ẩn Theta - QDTT,
FM-QDTT01-XN-M,partial,Missing Sapo source record,orphan_platform_sku_not_in_sapo,,0,,,Quần legging tập gym yoga nữ Fitme Flow cạp cao nâng mông co giãn thoáng khí túi ẩn Theta - QDTT,
FM-QDTT01-XN-S,partial,Missing Sapo source record,orphan_platform_sku_not_in_sapo,,0,,,Quần legging tập gym yoga nữ Fitme Flow cạp cao nâng mông co giãn thoáng khí túi ẩn Theta - QDTT,
FM-QDTT01-XN-XL,partial,Missing Sapo source record,orphan_platform_sku_not_in_sapo,,0,,,Quần legging tập gym yoga nữ Fitme Flow cạp cao nâng mông co giãn thoáng khí túi ẩn Theta - QDTT,
FM-QDZT01-XN-2XL,partial,Missing Sapo source record,orphan_platform_sku_not_in_sapo,,0,,,Quần tập gym yoga legging nữ cạp cao Fitme Zeta vải 2 lớp nâng v3 tôn dáng cao cấp QDZT#FM-QDZT01-XN-2XL,
FM-QDZT01-XN-L,partial,Missing Sapo source record,orphan_platform_sku_not_in_sapo,,0,,,Quần tập gym yoga legging nữ cạp cao Fitme Zeta vải 2 lớp nâng v3 tôn dáng cao cấp QDZT#FM-QDZT01-XN-L,
FM-QDZT01-XN-M,partial,Missing Sapo source record,orphan_platform_sku_not_in_sapo,,0,,,Quần tập gym yoga legging nữ cạp cao Fitme Zeta vải 2 lớp nâng v3 tôn dáng cao cấp QDZT#FM-QDZT01-XN-M,
FM-QDZT01-XN-S,partial,Missing Sapo source record,orphan_platform_sku_not_in_sapo,,0,,,Quần tập gym yoga legging nữ cạp cao Fitme Zeta vải 2 lớp nâng v3 tôn dáng cao cấp QDZT#FM-QDZT01-XN-S,
FM-QDZT01-XN-XL,partial,Missing Sapo source record,orphan_platform_sku_not_in_sapo,,0,,,Quần tập gym yoga legging nữ cạp cao Fitme Zeta vải 2 lớp nâng v3 tôn dáng cao cấp QDZT#FM-QDZT01-XN-XL,
FM-QN2L03-XN-3XL,partial,Missing Pancake and Shopify records,pancake_create_failed_422,0,,,Quần đùi thể thao nam 2 lớp Fitme tập gym chạy bộ thun co giãn thoáng khí QN2L03#FM-QN2L03-DE-3XL,,
FM-QNSL01-VG-VL,partial,Missing Pancake and Shopify records,blocked_by_product_sync_blocklist,0,,,Quần đùi gym yoga legging nữ Fitme Sparkle SL nâng v3 tôn dáng QNSL01#FM-QNSL01-VG-VL,,
FM-QNSL01-VP-VL,partial,Missing Pancake and Shopify records,blocked_by_product_sync_blocklist,0,,,Quần đùi gym yoga legging nữ Fitme Sparkle SL nâng v3 tôn dáng QNSL01#FM-QNSL01-VP-VL,,
FM-VTNN02-NB-L,partial,Missing Sapo source record,orphan_platform_sku_not_in_sapo,,,75,,,Váy Fitme ZENITH CE VTNN02 Navy - L
FM-VTNN02-NB-M,partial,Missing Sapo source record,orphan_platform_sku_not_in_sapo,,,91,,,Váy Fitme ZENITH CE VTNN02 Navy - M
FM-VTNN02-NB-S,partial,Missing Sapo source record,orphan_platform_sku_not_in_sapo,,,73,,,Váy Fitme ZENITH CE VTNN02 Navy - S
FM-VTNN02-NB-XL,partial,Missing Sapo source record,orphan_platform_sku_not_in_sapo,,,82,,,Váy Fitme ZENITH CE VTNN02 Navy - XL
FM-VTNN02-RB-L,partial,Missing Sapo source record,orphan_platform_sku_not_in_sapo,,,76,,,Váy Fitme ZENITH CE VTNN02 Đỏ - L
FM-VTNN02-RB-M,partial,Missing Sapo source record,orphan_platform_sku_not_in_sapo,,,88,,,Váy Fitme ZENITH CE VTNN02 Đỏ - M
FM-VTNN02-RB-S,partial,Missing Sapo source record,orphan_platform_sku_not_in_sapo,,,28,,,Váy Fitme ZENITH CE VTNN02 Đỏ - S
FM-VTNN02-RB-XL,partial,Missing Sapo source record,orphan_platform_sku_not_in_sapo,,,32,,,Váy Fitme ZENITH CE VTNN02 Đỏ - XL
VOFM01-DE--,partial,Missing Sapo source record,orphan_platform_sku_not_in_sapo,,0,,,Combo 3 đôi vớ thể thao Fitme cổ cao dày dặn Nam Nữ thể thao,
VOFM01-HP--,partial,Missing Sapo source record,orphan_platform_sku_not_in_sapo,,1271,,,Combo 3 đôi vớ thể thao Fitme cổ cao dày dặn Nam Nữ thể thao,
VOFM01-TR--,partial,Missing Sapo source record,orphan_platform_sku_not_in_sapo,,722,,,Combo 3 đôi vớ thể thao Fitme cổ cao dày dặn Nam Nữ thể thao,
VV-ACSP01-TR-XL,partial,Missing Sapo source record,orphan_platform_sku_not_in_sapo,,0,,,Áo polo tennis pickleball nữ Fitme LUXE ES sát nách thoáng khí tập thể thao thoải mái ACSP01#VV-ACSP01-TR-XL,
FM-ACRT01-DE-L,conflict,"Duplicate SKU in shopify: product=8917969633589,variant=47393387217205,name=Áo croptop thể thao Meta - Đen - L; product=10034181112117,variant=50740966129973,name=Áo croptop thể thao Meta ACRT Đen - L",fix_duplicate_sku_on_platform,2,2,,"Áo croptop tập gym yoga nữ Fitme Meta form chất liệu thun cao cấp ôm body, thấm hút mồ hôi ACRT#FM-ACRT01-DE-L","Áo croptop tập gym yoga nữ Fitme Meta form chất liệu thun cao cấp ôm body, thấm hút mồ hôi ACRT#FM-ACRT01-DE-L",
FM-ACRT01-DE-M,conflict,"Duplicate SKU in shopify: product=8917969633589,variant=47393387184437,name=Áo croptop thể thao Meta - Đen - M; product=10034181112117,variant=50740966097205,name=Áo croptop thể thao Meta ACRT Đen - M",fix_duplicate_sku_on_platform,1,1,,"Áo croptop tập gym yoga nữ Fitme Meta form chất liệu thun cao cấp ôm body, thấm hút mồ hôi ACRT#FM-ACRT01-DE-M","Áo croptop tập gym yoga nữ Fitme Meta form chất liệu thun cao cấp ôm body, thấm hút mồ hôi ACRT#FM-ACRT01-DE-M",
FM-ACRT01-DE-S,conflict,"Duplicate SKU in shopify: product=8917969633589,variant=47393387151669,name=Áo croptop thể thao Meta - Đen - S; product=10034181112117,variant=50740966064437,name=Áo croptop thể thao Meta ACRT Đen - S",fix_duplicate_sku_on_platform,0,0,,"Áo croptop tập gym yoga nữ Fitme Meta form chất liệu thun cao cấp ôm body, thấm hút mồ hôi ACRT#FM-ACRT01-DE-S","Áo croptop tập gym yoga nữ Fitme Meta form chất liệu thun cao cấp ôm body, thấm hút mồ hôi ACRT#FM-ACRT01-DE-S",
FM-ACRT01-DE-XL,conflict,"Duplicate SKU in shopify: product=8917969633589,variant=47393387249973,name=Áo croptop thể thao Meta - Đen - XL; product=10034181112117,variant=50740966162741,name=Áo croptop thể thao Meta ACRT Đen - XL",fix_duplicate_sku_on_platform,0,0,,"Áo croptop tập gym yoga nữ Fitme Meta form chất liệu thun cao cấp ôm body, thấm hút mồ hôi ACRT#FM-ACRT01-DE-XL","Áo croptop tập gym yoga nữ Fitme Meta form chất liệu thun cao cấp ôm body, thấm hút mồ hôi ACRT#FM-ACRT01-DE-XL",
FM-QDSL02-VP-L,conflict,"Duplicate SKU in shopify: product=10537454993717,variant=52952793710901,name=Quần legging ống loe Divine Gingham Princess QDSL02 - Hồng pastel - L; product=10537454731573,variant=52952793186613,name=Quần legging ống loe Divine Gingham Princess QDSL02 - Vàng pastel - L",fix_duplicate_sku_on_platform,73,73,,Quần tập gym yoga legging nữ ống loe Fitme Divine SL vải 2 lớp nâng v3 tôn dáng QDSL02#FM-QDSL02-VP-L,Quần tập gym yoga legging nữ ống loe Fitme Divine SL vải 2 lớp nâng v3 tôn dáng QDSL02#FM-QDSL02-VP-L,
FM-QDSL02-VP-M,conflict,"Duplicate SKU in shopify: product=10537454993717,variant=52952793678133,name=Quần legging ống loe Divine Gingham Princess QDSL02 - Hồng pastel - M; product=10537454731573,variant=52952793153845,name=Quần legging ống loe Divine Gingham Princess QDSL02 - Vàng pastel - M",fix_duplicate_sku_on_platform,129,129,,Quần tập gym yoga legging nữ ống loe Fitme Divine SL vải 2 lớp nâng v3 tôn dáng QDSL02#FM-QDSL02-VP-M,Quần tập gym yoga legging nữ ống loe Fitme Divine SL vải 2 lớp nâng v3 tôn dáng QDSL02#FM-QDSL02-VP-M,
FM-QDSL02-VP-S,conflict,"Duplicate SKU in shopify: product=10537454993717,variant=52952793645365,name=Quần legging ống loe Divine Gingham Princess QDSL02 - Hồng pastel - S; product=10537454731573,variant=52952793121077,name=Quần legging ống loe Divine Gingham Princess QDSL02 - Vàng pastel - S",fix_duplicate_sku_on_platform,129,129,,Quần tập gym yoga legging nữ ống loe Fitme Divine SL vải 2 lớp nâng v3 tôn dáng QDSL02#FM-QDSL02-VP-S,Quần tập gym yoga legging nữ ống loe Fitme Divine SL vải 2 lớp nâng v3 tôn dáng QDSL02#FM-QDSL02-VP-S,
FM-QDSL02-VP-XL,conflict,"Duplicate SKU in shopify: product=10537454993717,variant=52952793743669,name=Quần legging ống loe Divine Gingham Princess QDSL02 - Hồng pastel - XL; product=10537454731573,variant=52952793219381,name=Quần legging ống loe Divine Gingham Princess QDSL02 - Vàng pastel - XL",fix_duplicate_sku_on_platform,44,44,,Quần tập gym yoga legging nữ ống loe Fitme Divine SL vải 2 lớp nâng v3 tôn dáng QDSL02#FM-QDSL02-VP-XL,Quần tập gym yoga legging nữ ống loe Fitme Divine SL vải 2 lớp nâng v3 tôn dáng QDSL02#FM-QDSL02-VP-XL,
FM-QN2L03-XN-2XL,conflict,"Duplicate SKU in pancake: product=c1ca8b3c-34c1-4727-9d77-47df189b4099,variant=a3903c7e-5ce8-4a88-acc8-ad17ffe5d39b,warehouse=fac0018d-348c-43a4-8d86-c2fb175b4fee,name=Quần đùi thể thao nam 2 lớp Fitme tập gym chạy bộ thun co giãn thoáng khí QN2L03#FM-QN2L03-DE-2XL; product=75ce6fee-376d-4206-9455-23f5767b0bf3,variant=6b99b25b-9d05-4ae9-8da5-107dfec593dd,warehouse=fac0018d-348c-43a4-8d86-c2fb175b4fee,name=Quần đùi thể thao nam 2 lớp Fitme tập gym chạy bộ thun co giãn thoáng khí QN2L03#FM-QN2L03-DE-3XL",fix_duplicate_sku_on_platform,0,,,Quần đùi thể thao nam 2 lớp Fitme tập gym chạy bộ thun co giãn thoáng khí QN2L03#FM-QN2L03-DE-2XL,,
FM-QSBL01-BN-L,conflict,"Duplicate SKU in shopify: product=10537255043381,variant=52952117018933,name=Quần short thể thao nữ Bloom QSBL01 - Navy - L; product=10537257238837,variant=52952129044789,name=Quần short thể thao nữ Bloom QSBL01 - Trắng - L; product=10537257435445,variant=52952129896757,name=Quần short thể thao nữ Bloom QSBL01 - Đen - L",fix_duplicate_sku_on_platform,196,196,,"Quần short thể thao nữ Fitme Bloom chất liệu cao cấp hỗ trợ tập gym, chạy bộ QSBL01#FM-QSBL01-BN-L","Quần short thể thao nữ Fitme Bloom chất liệu cao cấp hỗ trợ tập gym, chạy bộ QSBL01#FM-QSBL01-BN-L",
FM-QSBL01-BN-M,conflict,"Duplicate SKU in shopify: product=10537255043381,variant=52952116986165,name=Quần short thể thao nữ Bloom QSBL01 - Navy - M; product=10537257238837,variant=52952129012021,name=Quần short thể thao nữ Bloom QSBL01 - Trắng - M; product=10537257435445,variant=52952129863989,name=Quần short thể thao nữ Bloom QSBL01 - Đen - M",fix_duplicate_sku_on_platform,153,153,,"Quần short thể thao nữ Fitme Bloom chất liệu cao cấp hỗ trợ tập gym, chạy bộ QSBL01#FM-QSBL01-BN-M","Quần short thể thao nữ Fitme Bloom chất liệu cao cấp hỗ trợ tập gym, chạy bộ QSBL01#FM-QSBL01-BN-M",
FM-QSBL01-BN-S,conflict,"Duplicate SKU in shopify: product=10537255043381,variant=52952116953397,name=Quần short thể thao nữ Bloom QSBL01 - Navy - S; product=10537257238837,variant=52952128979253,name=Quần short thể thao nữ Bloom QSBL01 - Trắng - S; product=10537257435445,variant=52952129831221,name=Quần short thể thao nữ Bloom QSBL01 - Đen - S",fix_duplicate_sku_on_platform,138,138,,"Quần short thể thao nữ Fitme Bloom chất liệu cao cấp hỗ trợ tập gym, chạy bộ QSBL01#FM-QSBL01-BN-S","Quần short thể thao nữ Fitme Bloom chất liệu cao cấp hỗ trợ tập gym, chạy bộ QSBL01#FM-QSBL01-BN-S",
FM-QSBL01-BN-XL,conflict,"Duplicate SKU in shopify: product=10537255043381,variant=52952117051701,name=Quần short thể thao nữ Bloom QSBL01 - Navy - XL; product=10537257238837,variant=52952129077557,name=Quần short thể thao nữ Bloom QSBL01 - Trắng - XL; product=10537257435445,variant=52952129929525,name=Quần short thể thao nữ Bloom QSBL01 - Đen - XL",fix_duplicate_sku_on_platform,132,132,,"Quần short thể thao nữ Fitme Bloom chất liệu cao cấp hỗ trợ tập gym, chạy bộ QSBL01#FM-QSBL01-BN-XL","Quần short thể thao nữ Fitme Bloom chất liệu cao cấp hỗ trợ tập gym, chạy bộ QSBL01#FM-QSBL01-BN-XL",
FM-VXGR01-DO-L,conflict,"Duplicate SKU in shopify: product=10399930614069,variant=52305408721205,name=Chân váy tennis tập pickleball tennis nữ VXGR01 Đỏ - L; product=10443072504117,variant=52467827573045,name=Váy tennis Fitme FLOW GR VXGR01 - L",fix_duplicate_sku_on_platform,68,68,,Chân váy tennis pickleball nữ Fitme FLOW GR xếp ly kèm quần bảo hộ thoáng khí VXGR01#FM-VXGR01-DO-L,Chân váy tennis pickleball nữ Fitme FLOW GR xếp ly kèm quần bảo hộ thoáng khí VXGR01#FM-VXGR01-DO-L,
FM-VXGR01-DO-M,conflict,"Duplicate SKU in shopify: product=10399930614069,variant=52305408688437,name=Chân váy tennis tập pickleball tennis nữ VXGR01 Đỏ - M; product=10443072504117,variant=52467827540277,name=Váy tennis Fitme FLOW GR VXGR01 - M",fix_duplicate_sku_on_platform,54,54,,Chân váy tennis pickleball nữ Fitme FLOW GR xếp ly kèm quần bảo hộ thoáng khí VXGR01#FM-VXGR01-DO-M,Chân váy tennis pickleball nữ Fitme FLOW GR xếp ly kèm quần bảo hộ thoáng khí VXGR01#FM-VXGR01-DO-M,
FM-VXGR01-DO-S,conflict,"Duplicate SKU in shopify: product=10399930614069,variant=52305408655669,name=Chân váy tennis tập pickleball tennis nữ VXGR01 Đỏ - S; product=10443072504117,variant=52467827507509,name=Váy tennis Fitme FLOW GR VXGR01 - S",fix_duplicate_sku_on_platform,55,55,,Chân váy tennis pickleball nữ Fitme FLOW GR xếp ly kèm quần bảo hộ thoáng khí VXGR01#FM-VXGR01-DO-S,Chân váy tennis pickleball nữ Fitme FLOW GR xếp ly kèm quần bảo hộ thoáng khí VXGR01#FM-VXGR01-DO-S,
FM-VXGR01-DO-XL,conflict,"Duplicate SKU in shopify: product=10399930614069,variant=52305408753973,name=Chân váy tennis tập pickleball tennis nữ VXGR01 Đỏ - XL; product=10443072504117,variant=52467827605813,name=Váy tennis Fitme FLOW GR VXGR01 - XL",fix_duplicate_sku_on_platform,60,60,,Chân váy tennis pickleball nữ Fitme FLOW GR xếp ly kèm quần bảo hộ thoáng khí VXGR01#FM-VXGR01-DO-XL,Chân váy tennis pickleball nữ Fitme FLOW GR xếp ly kèm quần bảo hộ thoáng khí VXGR01#FM-VXGR01-DO-XL,
