sku,type,sapo_available,sapo_remain
FM-QLLK01-P3D-XL,normal,100,0
FM-QLLK01-P3C-XL,normal,100,0
FM-QLLK01-P3B-XL,normal,100,0
FM-QLLK01-P3A-XL,normal,100,0
FM-QLLK01-P3D-L,normal,0,0
FM-QLLK01-P3C-L,normal,0,0
FM-QLLK01-P3B-L,normal,0,0
FM-QLLK01-P3A-L,normal,0,0
FM-QLLK01-P3D-M,normal,180,0
FM-QLLK01-P3C-M,normal,180,0
FM-QLLK01-P3B-M,normal,180,0
FM-QLLK01-P3A-M,normal,180,0
FM-QLLK01-P3D-S,normal,0,0
FM-QLLK01-P3C-S,normal,0,0
FM-QLLK01-P3B-S,normal,0,0
FM-QLLK01-P3A-S,normal,0,0
FM-AKSL01-VP-XL-FM-QDSL02-VP-XL,combo,45,0
FM-AKSL01-VP-XL-FM-QDSL02-VP-L,combo,74,0
FM-AKSL01-VP-XL-FM-QDSL02-VP-M,combo,79,0
FM-AKSL01-VP-XL-FM-QDSL02-VP-S,combo,80,0
FM-AKSL01-VP-L-FM-QDSL02-VP-XL,combo,45,0
FM-AKSL01-VP-L-FM-QDSL02-VP-L,combo,74,0
FM-AKSL01-VP-L-FM-QDSL02-VP-M,combo,96,0
FM-AKSL01-VP-L-FM-QDSL02-VP-S,combo,97,0
FM-AKSL01-VP-M-FM-QDSL02-VP-XL,combo,45,0
FM-AKSL01-VP-M-FM-QDSL02-VP-L,combo,74,0
FM-AKSL01-VP-M-FM-QDSL02-VP-M,combo,120,0
FM-AKSL01-VP-M-FM-QDSL02-VP-S,combo,121,0
FM-AKSL01-VP-S-FM-QDSL02-VP-XL,combo,45,0
FM-AKSL01-VP-S-FM-QDSL02-VP-L,combo,74,0
FM-AKSL01-VP-S-FM-QDSL02-VP-M,combo,113,0
FM-AKSL01-VP-S-FM-QDSL02-VP-S,combo,114,0
FM-ATSL01-XP-XL-FM-QDSL02-XP-XL,combo,15,0
FM-ATSL01-XP-XL-FM-QDSL02-XP-L,combo,13,0
FM-ATSL01-XP-XL-FM-QDSL02-XP-M,combo,15,0
FM-ATSL01-XP-XL-FM-QDSL02-XP-S,combo,13,0
FM-ATSL01-XP-L-FM-QDSL02-XP-XL,combo,45,0
FM-ATSL01-XP-L-FM-QDSL02-XP-L,combo,46,0
FM-ATSL01-XP-L-FM-QDSL02-XP-M,combo,46,0
FM-ATSL01-XP-L-FM-QDSL02-XP-S,combo,46,0
FM-ATSL01-XP-M-FM-QDSL02-XP-XL,combo,47,0
FM-ATSL01-XP-M-FM-QDSL02-XP-L,combo,75,0
FM-ATSL01-XP-M-FM-QDSL02-XP-M,combo,93,0
FM-ATSL01-XP-M-FM-QDSL02-XP-S,combo,91,0
FM-ATSL01-XP-S-FM-QDSL02-XP-XL,combo,46,0
FM-ATSL01-XP-S-FM-QDSL02-XP-L,combo,75,0
FM-ATSL01-XP-S-FM-QDSL02-XP-M,combo,99,0
FM-ATSL01-XP-S-FM-QDSL02-XP-S,combo,98,0
FM-ATBL01-TR-XL-FM-QSBL01-TR-XL,combo,5,0
FM-ATBL01-TR-XL-FM-QSBL01-TR-L,combo,5,0
FM-ATBL01-TR-XL-FM-QSBL01-TR-M,combo,5,0
FM-ATBL01-TR-XL-FM-QSBL01-TR-S,combo,5,0
FM-ATBL01-TR-L-FM-QSBL01-TR-XL,combo,4,0
FM-ATBL01-TR-L-FM-QSBL01-TR-L,combo,4,0
FM-ATBL01-TR-L-FM-QSBL01-TR-M,combo,4,0
FM-ATBL01-TR-L-FM-QSBL01-TR-S,combo,4,0
FM-ATBL01-TR-M-FM-QSBL01-TR-XL,combo,1,0
FM-ATBL01-TR-M-FM-QSBL01-TR-L,combo,1,0
FM-ATBL01-TR-M-FM-QSBL01-TR-M,combo,1,0
FM-ATBL01-TR-M-FM-QSBL01-TR-S,combo,1,0
FM-ATBL01-TR-S-FM-QSBL01-TR-XL,combo,1,0
FM-ATBL01-TR-S-FM-QSBL01-TR-L,combo,1,0
FM-ATBL01-TR-S-FM-QSBL01-TR-M,combo,1,0
FM-ATBL01-TR-S-FM-QSBL01-TR-S,combo,1,0
FM-ATXL01-HP-XL-FM-QDZT01-DE-XL,combo,334,0
FM-ATXL01-HP-XL-FM-QDZT01-DE-L,combo,385,0
FM-ATXL01-HP-XL-FM-QDZT01-DE-M,combo,385,0
FM-ATXL01-HP-XL-FM-QDZT01-DE-S,combo,385,0
FM-ATXL01-HP-L-FM-QDZT01-DE-XL,combo,244,0
FM-ATXL01-HP-L-FM-QDZT01-DE-L,combo,244,0
FM-ATXL01-HP-L-FM-QDZT01-DE-M,combo,244,0
FM-ATXL01-HP-L-FM-QDZT01-DE-S,combo,244,0
FM-ATXL01-HP-M-FM-QDZT01-DE-XL,combo,156,0
FM-ATXL01-HP-M-FM-QDZT01-DE-L,combo,156,0
FM-ATXL01-HP-M-FM-QDZT01-DE-M,combo,156,0
FM-ATXL01-HP-M-FM-QDZT01-DE-S,combo,156,0
FM-ATXL01-HP-S-FM-QDZT01-DE-XL,combo,209,0
FM-ATXL01-HP-S-FM-QDZT01-DE-L,combo,209,0
FM-ATXL01-HP-S-FM-QDZT01-DE-M,combo,209,0
FM-ATXL01-HP-S-FM-QDZT01-DE-S,combo,209,0
FM-BRGL03-ES-XL-FM-QLTG01-ES-XL,combo,0,0
FM-BRGL03-ES-XL-FM-QLTG01-ES-L,combo,4,0
FM-BRGL03-ES-XL-FM-QLTG01-ES-M,combo,4,0
FM-BRGL03-ES-XL-FM-QLTG01-ES-S,combo,4,0
FM-BRGL03-ES-L-FM-QLTG01-ES-XL,combo,0,0
FM-BRGL03-ES-L-FM-QLTG01-ES-L,combo,26,0
FM-BRGL03-ES-L-FM-QLTG01-ES-M,combo,15,0
FM-BRGL03-ES-L-FM-QLTG01-ES-S,combo,26,0
FM-BRGL03-ES-M-FM-QLTG01-ES-XL,combo,0,0
FM-BRGL03-ES-M-FM-QLTG01-ES-L,combo,18,0
FM-BRGL03-ES-M-FM-QLTG01-ES-M,combo,15,0
FM-BRGL03-ES-M-FM-QLTG01-ES-S,combo,18,0
FM-BRGL03-ES-S-FM-QLTG01-ES-XL,combo,0,0
FM-BRGL03-ES-S-FM-QLTG01-ES-L,combo,18,0
FM-BRGL03-ES-S-FM-QLTG01-ES-M,combo,15,0
FM-BRGL03-ES-S-FM-QLTG01-ES-S,combo,18,0
FM-BRGL01-BN-XL-FM-QNGL01-BN-XL,combo,0,0
FM-BRGL01-BN-XL-FM-QNGL01-BN-L,combo,0,0
FM-BRGL01-BN-XL-FM-QNGL01-BN-M,combo,0,0
FM-BRGL01-BN-XL-FM-QNGL01-BN-S,combo,0,0
FM-BRGL01-BN-L-FM-QNGL01-BN-XL,combo,0,0
FM-BRGL01-BN-L-FM-QNGL01-BN-L,combo,0,0
FM-BRGL01-BN-L-FM-QNGL01-BN-M,combo,0,0
FM-BRGL01-BN-L-FM-QNGL01-BN-S,combo,0,0
FM-BRGL01-BN-M-FM-QNGL01-BN-XL,combo,0,0
FM-BRGL01-BN-M-FM-QNGL01-BN-L,combo,0,0
FM-BRGL01-BN-M-FM-QNGL01-BN-M,combo,0,0
FM-BRGL01-BN-M-FM-QNGL01-BN-S,combo,0,0
FM-BRGL01-BN-S-FM-QNGL01-BN-XL,combo,1,0
FM-BRGL01-BN-S-FM-QNGL01-BN-L,combo,0,0
FM-BRGL01-BN-S-FM-QNGL01-BN-M,combo,0,0
FM-BRGL01-BN-S-FM-QNGL01-BN-S,combo,0,0
FM-BRPS01-HP-XL-FM-QLSL01-HP-XL,combo,0,0
FM-BRPS01-HP-XL-FM-QLSL01-HP-L,combo,0,0
FM-BRPS01-HP-XL-FM-QLSL01-HP-M,combo,0,0
FM-BRPS01-HP-XL-FM-QLSL01-HP-S,combo,0,0
FM-BRPS01-HP-L-FM-QLSL01-HP-XL,combo,0,0
FM-BRPS01-HP-L-FM-QLSL01-HP-L,combo,0,0
FM-BRPS01-HP-L-FM-QLSL01-HP-M,combo,0,0
FM-BRPS01-HP-L-FM-QLSL01-HP-S,combo,0,0
FM-BRPS01-HP-M-FM-QLSL01-HP-XL,combo,0,0
FM-BRPS01-HP-M-FM-QLSL01-HP-L,combo,0,0
FM-BRPS01-HP-M-FM-QLSL01-HP-M,combo,0,0
FM-BRPS01-HP-M-FM-QLSL01-HP-S,combo,0,0
FM-BRPS01-HP-S-FM-QLSL01-HP-XL,combo,0,0
FM-BRPS01-HP-S-FM-QLSL01-HP-L,combo,0,0
FM-BRPS01-HP-S-FM-QLSL01-HP-M,combo,0,0
FM-BRPS01-HP-S-FM-QLSL01-HP-S,combo,0,0
FM-QLSL01-HP-L,normal,0,0
FM-QLSL01-HP-M,normal,0,0
FM-QLSL01-HP-S,normal,0,0
FM-QLSL01-HP-XL,normal,0,0
FM-BRPS01-HP-L,normal,0,0
FM-BRPS01-HP-M,normal,0,0
FM-BRPS01-HP-S,normal,0,0
FM-BRPS01-HP-XL,normal,0,0
FM-DSSP02-TR2-2XL,normal,2,0
FM-ATSO01-DB-XL-FM-VXLN01-TR-XL,combo,56,0
FM-ATSO01-DB-XL-FM-VXLN01-TR-L,combo,56,0
FM-ATSO01-DB-XL-FM-VXLN01-TR-M,combo,56,0
FM-ATSO01-DB-XL-FM-VXLN01-TR-S,combo,56,0
FM-ATSO01-DB-L-FM-VXLN01-TR-XL,combo,104,0
FM-ATSO01-DB-L-FM-VXLN01-TR-L,combo,104,0
FM-ATSO01-DB-L-FM-VXLN01-TR-M,combo,104,0
FM-ATSO01-DB-L-FM-VXLN01-TR-S,combo,104,0
FM-ATSO01-DB-M-FM-VXLN01-TR-XL,combo,100,0
FM-ATSO01-DB-M-FM-VXLN01-TR-L,combo,100,0
FM-ATSO01-DB-M-FM-VXLN01-TR-M,combo,100,0
FM-ATSO01-DB-M-FM-VXLN01-TR-S,combo,100,0
FM-ATSO01-DB-S-FM-VXLN01-TR-XL,combo,90,0
FM-ATSO01-DB-S-FM-VXLN01-TR-L,combo,90,0
FM-ATSO01-DB-S-FM-VXLN01-TR-M,combo,90,0
FM-ATSO01-DB-S-FM-VXLN01-TR-S,combo,90,0
FM-ATSO01-DB-XL-FM-VSFM01-TR-XL,combo,56,0
FM-ATSO01-DB-XL-FM-VSFM01-TR-L,combo,56,0
FM-ATSO01-DB-XL-FM-VSFM01-TR-M,combo,56,0
FM-ATSO01-DB-XL-FM-VSFM01-TR-S,combo,56,0
FM-ATSO01-DB-L-FM-VSFM01-TR-XL,combo,104,0
FM-ATSO01-DB-L-FM-VSFM01-TR-L,combo,104,0
FM-ATSO01-DB-L-FM-VSFM01-TR-M,combo,104,0
FM-ATSO01-DB-L-FM-VSFM01-TR-S,combo,104,0
FM-ATSO01-DB-M-FM-VSFM01-TR-XL,combo,100,0
FM-ATSO01-DB-M-FM-VSFM01-TR-L,combo,100,0
FM-ATSO01-DB-M-FM-VSFM01-TR-M,combo,100,0
FM-ATSO01-DB-M-FM-VSFM01-TR-S,combo,100,0
FM-ATSO01-DB-S-FM-VSFM01-TR-XL,combo,90,0
FM-ATSO01-DB-S-FM-VSFM01-TR-L,combo,90,0
FM-ATSO01-DB-S-FM-VSFM01-TR-M,combo,90,0
FM-ATSO01-DB-S-FM-VSFM01-TR-S,combo,90,0
FM-ATSO01-DO-XL-FM-VSFM01-TR-XL,combo,68,0
FM-ATSO01-DO-XL-FM-VSFM01-TR-L,combo,68,0
FM-ATSO01-DO-XL-FM-VSFM01-TR-M,combo,68,0
FM-ATSO01-DO-XL-FM-VSFM01-TR-S,combo,68,0
FM-ATSO01-DO-L-FM-VSFM01-TR-XL,combo,108,0
FM-ATSO01-DO-L-FM-VSFM01-TR-L,combo,108,0
FM-ATSO01-DO-L-FM-VSFM01-TR-M,combo,108,0
FM-ATSO01-DO-L-FM-VSFM01-TR-S,combo,108,0
FM-ATSO01-DO-M-FM-VSFM01-TR-XL,combo,109,0
FM-ATSO01-DO-M-FM-VSFM01-TR-L,combo,109,0
FM-ATSO01-DO-M-FM-VSFM01-TR-M,combo,109,0
FM-ATSO01-DO-M-FM-VSFM01-TR-S,combo,109,0
FM-ATSO01-DO-S-FM-VSFM01-TR-XL,combo,88,0
FM-ATSO01-DO-S-FM-VSFM01-TR-L,combo,88,0
FM-ATSO01-DO-S-FM-VSFM01-TR-M,combo,88,0
FM-ATSO01-DO-S-FM-VSFM01-TR-S,combo,88,0
FM-ATSO01-HP-XL-FM-QDZT01-DE-XL,combo,218,0
FM-ATSO01-HP-XL-FM-QDZT01-DE-L,combo,218,0
FM-ATSO01-HP-XL-FM-QDZT01-DE-M,combo,218,0
FM-ATSO01-HP-XL-FM-QDZT01-DE-S,combo,218,0
FM-ATSO01-HP-L-FM-QDZT01-DE-XL,combo,334,0
FM-ATSO01-HP-L-FM-QDZT01-DE-L,combo,381,0
FM-ATSO01-HP-L-FM-QDZT01-DE-M,combo,381,0
FM-ATSO01-HP-L-FM-QDZT01-DE-S,combo,381,0
FM-ATSO01-HP-M-FM-QDZT01-DE-XL,combo,334,0
FM-ATSO01-HP-M-FM-QDZT01-DE-L,combo,605,0
FM-ATSO01-HP-M-FM-QDZT01-DE-M,combo,605,0
FM-ATSO01-HP-M-FM-QDZT01-DE-S,combo,515,0
FM-ATSO01-HP-S-FM-QDZT01-DE-XL,combo,334,0
FM-ATSO01-HP-S-FM-QDZT01-DE-L,combo,441,0
FM-ATSO01-HP-S-FM-QDZT01-DE-M,combo,441,0
FM-ATSO01-HP-S-FM-QDZT01-DE-S,combo,441,0
FM-ATBL01-DE-XL-FM-QLTG01-DE-XL,combo,0,0
FM-ATBL01-DE-XL-FM-QLTG01-DE-L,combo,0,0
FM-ATBL01-DE-XL-FM-QLTG01-DE-M,combo,0,0
FM-ATBL01-DE-XL-FM-QLTG01-DE-S,combo,0,0
FM-ATBL01-DE-L-FM-QLTG01-DE-XL,combo,42,0
FM-ATBL01-DE-L-FM-QLTG01-DE-L,combo,44,0
FM-ATBL01-DE-L-FM-QLTG01-DE-M,combo,46,0
FM-ATBL01-DE-L-FM-QLTG01-DE-S,combo,46,0
FM-ATBL01-DE-M-FM-QLTG01-DE-XL,combo,2,0
FM-ATBL01-DE-M-FM-QLTG01-DE-L,combo,4,0
FM-ATBL01-DE-M-FM-QLTG01-DE-M,combo,6,0
FM-ATBL01-DE-M-FM-QLTG01-DE-S,combo,6,0
FM-ATBL01-DE-S-FM-QLTG01-DE-XL,combo,0,0
FM-ATBL01-DE-S-FM-QLTG01-DE-L,combo,2,0
FM-ATBL01-DE-S-FM-QLTG01-DE-M,combo,4,0
FM-ATBL01-DE-S-FM-QLTG01-DE-S,combo,4,0
FM-QSBL01-XA-XL,normal,70,0
FM-QSBL01-XA-L,normal,98,0
FM-QSBL01-XA-M,normal,96,0
FM-QSBL01-XA-S,normal,78,0
FM-HQFM02,normal,60,0
FM-ATSO01-DB-XL,normal,56,0
FM-ATSO01-DB-L,normal,104,0
FM-ATSO01-DB-M,normal,100,0
FM-ATSO01-DB-S,normal,90,0
FM-ATSO01-DO-XL,normal,68,0
FM-ATSO01-DO-L,normal,108,0
FM-ATSO01-DO-M,normal,109,0
FM-ATSO01-DO-S,normal,88,0
FM-BRSL01-XP-XL-FM-QNSL01-XG-XL,combo,44,0
FM-BRSL01-XP-XL-FM-QNSL01-XG-L,combo,58,0
FM-BRSL01-XP-XL-FM-QNSL01-XG-M,combo,92,0
FM-BRSL01-XP-XL-FM-QNSL01-XG-S,combo,91,0
FM-BRSL01-XP-L-FM-QNSL01-XG-XL,combo,44,0
FM-BRSL01-XP-L-FM-QNSL01-XG-L,combo,58,0
FM-BRSL01-XP-L-FM-QNSL01-XG-M,combo,92,0
FM-BRSL01-XP-L-FM-QNSL01-XG-S,combo,91,0
FM-BRSL01-XP-M-FM-QNSL01-XG-XL,combo,44,0
FM-BRSL01-XP-M-FM-QNSL01-XG-L,combo,58,0
FM-BRSL01-XP-M-FM-QNSL01-XG-M,combo,92,0
FM-BRSL01-XP-M-FM-QNSL01-XG-S,combo,91,0
FM-BRSL01-XP-S-FM-QNSL01-XG-XL,combo,44,0
FM-BRSL01-XP-S-FM-QNSL01-XG-L,combo,58,0
FM-BRSL01-XP-S-FM-QNSL01-XG-M,combo,92,0
FM-BRSL01-XP-S-FM-QNSL01-XG-S,combo,91,0
FM-ACSL01-XP-XL-FM-QDSL02-XP-XL,combo,0,0
FM-ACSL01-XP-XL-FM-QDSL02-XP-L,combo,0,0
FM-ACSL01-XP-XL-FM-QDSL02-XP-M,combo,0,0
FM-ACSL01-XP-XL-FM-QDSL02-XP-S,combo,0,0
FM-ACSL01-XP-L-FM-QDSL02-XP-XL,combo,47,0
FM-ACSL01-XP-L-FM-QDSL02-XP-L,combo,51,0
FM-ACSL01-XP-L-FM-QDSL02-XP-M,combo,53,0
FM-ACSL01-XP-L-FM-QDSL02-XP-S,combo,51,0
FM-ACSL01-XP-M-FM-QDSL02-XP-XL,combo,47,0
FM-ACSL01-XP-M-FM-QDSL02-XP-L,combo,75,0
FM-ACSL01-XP-M-FM-QDSL02-XP-M,combo,78,0
FM-ACSL01-XP-M-FM-QDSL02-XP-S,combo,76,0
FM-ACSL01-XP-S-FM-QDSL02-XP-XL,combo,46,0
FM-ACSL01-XP-S-FM-QDSL02-XP-L,combo,75,0
FM-ACSL01-XP-S-FM-QDSL02-XP-M,combo,86,0
FM-ACSL01-XP-S-FM-QDSL02-XP-S,combo,85,0
FM-BRSL01-VP-XL-FM-QDSL01-VP-XL,combo,48,0
FM-BRSL01-VP-XL-FM-QDSL01-VP-L,combo,77,0
FM-BRSL01-VP-XL-FM-QDSL01-VP-M,combo,91,0
FM-BRSL01-VP-XL-FM-QDSL01-VP-S,combo,91,0
FM-BRSL01-VP-L-FM-QDSL01-VP-XL,combo,48,0
FM-BRSL01-VP-L-FM-QDSL01-VP-L,combo,77,0
FM-BRSL01-VP-L-FM-QDSL01-VP-M,combo,144,0
FM-BRSL01-VP-L-FM-QDSL01-VP-S,combo,144,0
FM-BRSL01-VP-M-FM-QDSL01-VP-XL,combo,48,0
FM-BRSL01-VP-M-FM-QDSL01-VP-L,combo,77,0
FM-BRSL01-VP-M-FM-QDSL01-VP-M,combo,134,0
FM-BRSL01-VP-M-FM-QDSL01-VP-S,combo,134,0
FM-BRSL01-VP-S-FM-QDSL01-VP-XL,combo,48,0
FM-BRSL01-VP-S-FM-QDSL01-VP-L,combo,77,0
FM-BRSL01-VP-S-FM-QDSL01-VP-M,combo,135,0
FM-BRSL01-VP-S-FM-QDSL01-VP-S,combo,135,0
FM-ATSL01-VP-XL-FM-QNSL01-VG-XL,combo,22,0
FM-ATSL01-VP-XL-FM-QNSL01-VG-L,combo,22,0
FM-ATSL01-VP-XL-FM-QNSL01-VG-M,combo,22,0
FM-ATSL01-VP-XL-FM-QNSL01-VG-S,combo,22,0
FM-ATSL01-VP-L-FM-QNSL01-VG-XL,combo,35,0
FM-ATSL01-VP-L-FM-QNSL01-VG-L,combo,53,0
FM-ATSL01-VP-L-FM-QNSL01-VG-M,combo,53,0
FM-ATSL01-VP-L-FM-QNSL01-VG-S,combo,53,0
FM-ATSL01-VP-M-FM-QNSL01-VG-XL,combo,35,0
FM-ATSL01-VP-M-FM-QNSL01-VG-L,combo,62,0
FM-ATSL01-VP-M-FM-QNSL01-VG-M,combo,87,0
FM-ATSL01-VP-M-FM-QNSL01-VG-S,combo,87,0
FM-ATSL01-VP-S-FM-QNSL01-VG-XL,combo,37,0
FM-ATSL01-VP-S-FM-QNSL01-VG-L,combo,64,0
FM-ATSL01-VP-S-FM-QNSL01-VG-M,combo,89,0
FM-ATSL01-VP-S-FM-QNSL01-VG-S,combo,92,0
FM-BRSL02-HP-XL-FM-QDSL01-HP-XL,combo,0,0
FM-BRSL02-HP-XL-FM-QDSL01-HP-L,combo,0,0
FM-BRSL02-HP-XL-FM-QDSL01-HP-M,combo,0,0
FM-BRSL02-HP-XL-FM-QDSL01-HP-S,combo,0,0
FM-BRSL02-HP-L-FM-QDSL01-HP-XL,combo,58,0
FM-BRSL02-HP-L-FM-QDSL01-HP-L,combo,68,0
FM-BRSL02-HP-L-FM-QDSL01-HP-M,combo,68,0
FM-BRSL02-HP-L-FM-QDSL01-HP-S,combo,68,0
FM-BRSL02-HP-M-FM-QDSL01-HP-XL,combo,59,0
FM-BRSL02-HP-M-FM-QDSL01-HP-L,combo,95,0
FM-BRSL02-HP-M-FM-QDSL01-HP-M,combo,94,0
FM-BRSL02-HP-M-FM-QDSL01-HP-S,combo,94,0
FM-BRSL02-HP-S-FM-QDSL01-HP-XL,combo,58,0
FM-BRSL02-HP-S-FM-QDSL01-HP-L,combo,94,0
FM-BRSL02-HP-S-FM-QDSL01-HP-M,combo,94,0
FM-BRSL02-HP-S-FM-QDSL01-HP-S,combo,94,0
FM-ACSL01-HP-XL-FM-QDSL02-HP-XL,combo,0,0
FM-ACSL01-HP-XL-FM-QDSL02-HP-L,combo,0,0
FM-ACSL01-HP-XL-FM-QDSL02-HP-M,combo,0,0
FM-ACSL01-HP-XL-FM-QDSL02-HP-S,combo,0,0
FM-ACSL01-HP-L-FM-QDSL02-HP-XL,combo,58,0
FM-ACSL01-HP-L-FM-QDSL02-HP-L,combo,76,0
FM-ACSL01-HP-L-FM-QDSL02-HP-M,combo,78,0
FM-ACSL01-HP-L-FM-QDSL02-HP-S,combo,78,0
FM-ACSL01-HP-M-FM-QDSL02-HP-XL,combo,58,0
FM-ACSL01-HP-M-FM-QDSL02-HP-L,combo,93,0
FM-ACSL01-HP-M-FM-QDSL02-HP-M,combo,95,0
FM-ACSL01-HP-M-FM-QDSL02-HP-S,combo,95,0
FM-ACSL01-HP-S-FM-QDSL02-HP-XL,combo,58,0
FM-ACSL01-HP-S-FM-QDSL02-HP-L,combo,110,0
FM-ACSL01-HP-S-FM-QDSL02-HP-M,combo,112,0
FM-ACSL01-HP-S-FM-QDSL02-HP-S,combo,112,0
FM-ACSL01-VP-XL-FM-QDSL01-VP-XL,combo,0,0
FM-ACSL01-VP-XL-FM-QDSL01-VP-L,combo,0,0
FM-ACSL01-VP-XL-FM-QDSL01-VP-M,combo,0,0
FM-ACSL01-VP-XL-FM-QDSL01-VP-S,combo,0,0
FM-ACSL01-VP-L-FM-QDSL01-VP-XL,combo,48,0
FM-ACSL01-VP-L-FM-QDSL01-VP-L,combo,48,0
FM-ACSL01-VP-L-FM-QDSL01-VP-M,combo,48,0
FM-ACSL01-VP-L-FM-QDSL01-VP-S,combo,48,0
FM-ACSL01-VP-M-FM-QDSL01-VP-XL,combo,48,0
FM-ACSL01-VP-M-FM-QDSL01-VP-L,combo,63,0
FM-ACSL01-VP-M-FM-QDSL01-VP-M,combo,63,0
FM-ACSL01-VP-M-FM-QDSL01-VP-S,combo,63,0
FM-ACSL01-VP-S-FM-QDSL01-VP-XL,combo,48,0
FM-ACSL01-VP-S-FM-QDSL01-VP-L,combo,77,0
FM-ACSL01-VP-S-FM-QDSL01-VP-M,combo,83,0
FM-ACSL01-VP-S-FM-QDSL01-VP-S,combo,83,0
FM-ATSL01-XP-XL-FM-QDSL01-XP-XL,combo,15,0
FM-ATSL01-XP-XL-FM-QDSL01-XP-L,combo,15,0
FM-ATSL01-XP-XL-FM-QDSL01-XP-M,combo,15,0
FM-ATSL01-XP-XL-FM-QDSL01-XP-S,combo,15,0
FM-ATSL01-XP-L-FM-QDSL01-XP-XL,combo,46,0
FM-ATSL01-XP-L-FM-QDSL01-XP-L,combo,46,0
FM-ATSL01-XP-L-FM-QDSL01-XP-M,combo,46,0
FM-ATSL01-XP-L-FM-QDSL01-XP-S,combo,46,0
FM-ATSL01-XP-M-FM-QDSL01-XP-XL,combo,49,0
FM-ATSL01-XP-M-FM-QDSL01-XP-L,combo,75,0
FM-ATSL01-XP-M-FM-QDSL01-XP-M,combo,93,0
FM-ATSL01-XP-M-FM-QDSL01-XP-S,combo,93,0
FM-ATSL01-XP-S-FM-QDSL01-XP-XL,combo,48,0
FM-ATSL01-XP-S-FM-QDSL01-XP-L,combo,74,0
FM-ATSL01-XP-S-FM-QDSL01-XP-M,combo,99,0
FM-ATSL01-XP-S-FM-QDSL01-XP-S,combo,99,0
FM-BRSL01-HP-XL-FM-QDSL01-HP-XL,combo,59,0
FM-BRSL01-HP-XL-FM-QDSL01-HP-L,combo,113,0
FM-BRSL01-HP-XL-FM-QDSL01-HP-M,combo,112,0
FM-BRSL01-HP-XL-FM-QDSL01-HP-S,combo,112,0
FM-BRSL01-HP-L-FM-QDSL01-HP-XL,combo,59,0
FM-BRSL01-HP-L-FM-QDSL01-HP-L,combo,117,0
FM-BRSL01-HP-L-FM-QDSL01-HP-M,combo,165,0
FM-BRSL01-HP-L-FM-QDSL01-HP-S,combo,168,0
FM-BRSL01-HP-M-FM-QDSL01-HP-XL,combo,59,0
FM-BRSL01-HP-M-FM-QDSL01-HP-L,combo,117,0
FM-BRSL01-HP-M-FM-QDSL01-HP-M,combo,165,0
FM-BRSL01-HP-M-FM-QDSL01-HP-S,combo,168,0
FM-BRSL01-HP-S-FM-QDSL01-HP-XL,combo,59,0
FM-BRSL01-HP-S-FM-QDSL01-HP-L,combo,117,0
FM-BRSL01-HP-S-FM-QDSL01-HP-M,combo,165,0
FM-BRSL01-HP-S-FM-QDSL01-HP-S,combo,167,0
FM-BRSL01-HP-XL-FM-QDSL02-HP-XL,combo,58,0
FM-BRSL01-HP-XL-FM-QDSL02-HP-L,combo,111,0
FM-BRSL01-HP-XL-FM-QDSL02-HP-M,combo,113,0
FM-BRSL01-HP-XL-FM-QDSL02-HP-S,combo,113,0
FM-BRSL01-HP-L-FM-QDSL02-HP-XL,combo,58,0
FM-BRSL01-HP-L-FM-QDSL02-HP-L,combo,112,0
FM-BRSL01-HP-L-FM-QDSL02-HP-M,combo,165,0
FM-BRSL01-HP-L-FM-QDSL02-HP-S,combo,158,0
FM-BRSL01-HP-M-FM-QDSL02-HP-XL,combo,58,0
FM-BRSL01-HP-M-FM-QDSL02-HP-L,combo,112,0
FM-BRSL01-HP-M-FM-QDSL02-HP-M,combo,165,0
FM-BRSL01-HP-M-FM-QDSL02-HP-S,combo,158,0
FM-BRSL01-HP-S-FM-QDSL02-HP-XL,combo,58,0
FM-BRSL01-HP-S-FM-QDSL02-HP-L,combo,112,0
FM-BRSL01-HP-S-FM-QDSL02-HP-M,combo,165,0
FM-BRSL01-HP-S-FM-QDSL02-HP-S,combo,158,0
FM-ACSL01-HP-XL-FM-QDSL01-HP-XL,combo,0,0
FM-ACSL01-HP-XL-FM-QDSL01-HP-L,combo,0,0
FM-ACSL01-HP-XL-FM-QDSL01-HP-M,combo,0,0
FM-ACSL01-HP-XL-FM-QDSL01-HP-S,combo,0,0
FM-ACSL01-HP-L-FM-QDSL01-HP-XL,combo,59,0
FM-ACSL01-HP-L-FM-QDSL01-HP-L,combo,78,0
FM-ACSL01-HP-L-FM-QDSL01-HP-M,combo,77,0
FM-ACSL01-HP-L-FM-QDSL01-HP-S,combo,77,0
FM-ACSL01-HP-M-FM-QDSL01-HP-XL,combo,59,0
FM-ACSL01-HP-M-FM-QDSL01-HP-L,combo,95,0
FM-ACSL01-HP-M-FM-QDSL01-HP-M,combo,94,0
FM-ACSL01-HP-M-FM-QDSL01-HP-S,combo,94,0
FM-ACSL01-HP-S-FM-QDSL01-HP-XL,combo,59,0
FM-ACSL01-HP-S-FM-QDSL01-HP-L,combo,112,0
FM-ACSL01-HP-S-FM-QDSL01-HP-M,combo,111,0
FM-ACSL01-HP-S-FM-QDSL01-HP-S,combo,111,0
FM-ATSL01-VP-XL-FM-QNSL01-VP-XL,combo,22,0
FM-ATSL01-VP-XL-FM-QNSL01-VP-L,combo,21,0
FM-ATSL01-VP-XL-FM-QNSL01-VP-M,combo,22,0
FM-ATSL01-VP-XL-FM-QNSL01-VP-S,combo,21,0
FM-ATSL01-VP-L-FM-QNSL01-VP-XL,combo,34,0
FM-ATSL01-VP-L-FM-QNSL01-VP-L,combo,53,0
FM-ATSL01-VP-L-FM-QNSL01-VP-M,combo,53,0
FM-ATSL01-VP-L-FM-QNSL01-VP-S,combo,53,0
FM-ATSL01-VP-M-FM-QNSL01-VP-XL,combo,34,0
FM-ATSL01-VP-M-FM-QNSL01-VP-L,combo,64,0
FM-ATSL01-VP-M-FM-QNSL01-VP-M,combo,85,0
FM-ATSL01-VP-M-FM-QNSL01-VP-S,combo,86,0
FM-ATSL01-VP-S-FM-QNSL01-VP-XL,combo,36,0
FM-ATSL01-VP-S-FM-QNSL01-VP-L,combo,65,0
FM-ATSL01-VP-S-FM-QNSL01-VP-M,combo,87,0
FM-ATSL01-VP-S-FM-QNSL01-VP-S,combo,87,0
FM-BRSL01-VP-XL-FM-QDSL02-VP-XL,combo,45,0
FM-BRSL01-VP-XL-FM-QDSL02-VP-L,combo,74,0
FM-BRSL01-VP-XL-FM-QDSL02-VP-M,combo,95,0
FM-BRSL01-VP-XL-FM-QDSL02-VP-S,combo,96,0
FM-BRSL01-VP-L-FM-QDSL02-VP-XL,combo,45,0
FM-BRSL01-VP-L-FM-QDSL02-VP-L,combo,74,0
FM-BRSL01-VP-L-FM-QDSL02-VP-M,combo,132,0
FM-BRSL01-VP-L-FM-QDSL02-VP-S,combo,129,0
FM-BRSL01-VP-M-FM-QDSL02-VP-XL,combo,45,0
FM-BRSL01-VP-M-FM-QDSL02-VP-L,combo,74,0
FM-BRSL01-VP-M-FM-QDSL02-VP-M,combo,132,0
FM-BRSL01-VP-M-FM-QDSL02-VP-S,combo,129,0
FM-BRSL01-VP-S-FM-QDSL02-VP-XL,combo,45,0
FM-BRSL01-VP-S-FM-QDSL02-VP-L,combo,74,0
FM-BRSL01-VP-S-FM-QDSL02-VP-M,combo,132,0
FM-BRSL01-VP-S-FM-QDSL02-VP-S,combo,129,0
FM-BRSL02-XP-XL-FM-QNSL01-XG-XL,combo,0,0
FM-BRSL02-XP-XL-FM-QNSL01-XG-L,combo,0,0
FM-BRSL02-XP-XL-FM-QNSL01-XG-M,combo,0,0
FM-BRSL02-XP-XL-FM-QNSL01-XG-S,combo,0,0
FM-BRSL02-XP-L-FM-QNSL01-XG-XL,combo,42,0
FM-BRSL02-XP-L-FM-QNSL01-XG-L,combo,46,0
FM-BRSL02-XP-L-FM-QNSL01-XG-M,combo,46,0
FM-BRSL02-XP-L-FM-QNSL01-XG-S,combo,46,0
FM-BRSL02-XP-M-FM-QNSL01-XG-XL,combo,44,0
FM-BRSL02-XP-M-FM-QNSL01-XG-L,combo,58,0
FM-BRSL02-XP-M-FM-QNSL01-XG-M,combo,72,0
FM-BRSL02-XP-M-FM-QNSL01-XG-S,combo,72,0
FM-BRSL02-XP-S-FM-QNSL01-XG-XL,combo,44,0
FM-BRSL02-XP-S-FM-QNSL01-XG-L,combo,58,0
FM-BRSL02-XP-S-FM-QNSL01-XG-M,combo,74,0
FM-BRSL02-XP-S-FM-QNSL01-XG-S,combo,74,0
FM-AKSL01-TR-XL-FM-QDSL01-HP-XL,combo,59,0
FM-AKSL01-TR-XL-FM-QDSL01-HP-L,combo,94,0
FM-AKSL01-TR-XL-FM-QDSL01-HP-M,combo,93,0
FM-AKSL01-TR-XL-FM-QDSL01-HP-S,combo,93,0
FM-AKSL01-TR-L-FM-QDSL01-HP-XL,combo,59,0
FM-AKSL01-TR-L-FM-QDSL01-HP-L,combo,117,0
FM-AKSL01-TR-L-FM-QDSL01-HP-M,combo,116,0
FM-AKSL01-TR-L-FM-QDSL01-HP-S,combo,116,0
FM-AKSL01-TR-M-FM-QDSL01-HP-XL,combo,58,0
FM-AKSL01-TR-M-FM-QDSL01-HP-L,combo,116,0
FM-AKSL01-TR-M-FM-QDSL01-HP-M,combo,137,0
FM-AKSL01-TR-M-FM-QDSL01-HP-S,combo,137,0
FM-AKSL01-TR-S-FM-QDSL01-HP-XL,combo,59,0
FM-AKSL01-TR-S-FM-QDSL01-HP-L,combo,117,0
FM-AKSL01-TR-S-FM-QDSL01-HP-M,combo,135,0
FM-AKSL01-TR-S-FM-QDSL01-HP-S,combo,135,0
FM-BRSL01-HP-XL-FM-QNSL01-HP-XL,combo,40,0
FM-BRSL01-HP-XL-FM-QNSL01-HP-L,combo,72,0
FM-BRSL01-HP-XL-FM-QNSL01-HP-M,combo,113,0
FM-BRSL01-HP-XL-FM-QNSL01-HP-S,combo,103,0
FM-BRSL01-HP-L-FM-QNSL01-HP-XL,combo,40,0
FM-BRSL01-HP-L-FM-QNSL01-HP-L,combo,72,0
FM-BRSL01-HP-L-FM-QNSL01-HP-M,combo,113,0
FM-BRSL01-HP-L-FM-QNSL01-HP-S,combo,103,0
FM-BRSL01-HP-M-FM-QNSL01-HP-XL,combo,40,0
FM-BRSL01-HP-M-FM-QNSL01-HP-L,combo,72,0
FM-BRSL01-HP-M-FM-QNSL01-HP-M,combo,113,0
FM-BRSL01-HP-M-FM-QNSL01-HP-S,combo,103,0
FM-BRSL01-HP-S-FM-QNSL01-HP-XL,combo,40,0
FM-BRSL01-HP-S-FM-QNSL01-HP-L,combo,72,0
FM-BRSL01-HP-S-FM-QNSL01-HP-M,combo,113,0
FM-BRSL01-HP-S-FM-QNSL01-HP-S,combo,103,0
FM-BRSL01-VP-XL-FM-QNSL01-VG-XL,combo,37,0
FM-BRSL01-VP-XL-FM-QNSL01-VG-L,combo,64,0
FM-BRSL01-VP-XL-FM-QNSL01-VG-M,combo,89,0
FM-BRSL01-VP-XL-FM-QNSL01-VG-S,combo,92,0
FM-BRSL01-VP-L-FM-QNSL01-VG-XL,combo,37,0
FM-BRSL01-VP-L-FM-QNSL01-VG-L,combo,64,0
FM-BRSL01-VP-L-FM-QNSL01-VG-M,combo,89,0
FM-BRSL01-VP-L-FM-QNSL01-VG-S,combo,92,0
FM-BRSL01-VP-M-FM-QNSL01-VG-XL,combo,37,0
FM-BRSL01-VP-M-FM-QNSL01-VG-L,combo,64,0
FM-BRSL01-VP-M-FM-QNSL01-VG-M,combo,89,0
FM-BRSL01-VP-M-FM-QNSL01-VG-S,combo,92,0
FM-BRSL01-VP-S-FM-QNSL01-VG-XL,combo,37,0
FM-BRSL01-VP-S-FM-QNSL01-VG-L,combo,64,0
FM-BRSL01-VP-S-FM-QNSL01-VG-M,combo,89,0
FM-BRSL01-VP-S-FM-QNSL01-VG-S,combo,92,0
FM-ATSL01-HP-XL-FM-QNSL01-HG-XL,combo,29,0
FM-ATSL01-HP-XL-FM-QNSL01-HG-L,combo,29,0
FM-ATSL01-HP-XL-FM-QNSL01-HG-M,combo,29,0
FM-ATSL01-HP-XL-FM-QNSL01-HG-S,combo,29,0
FM-ATSL01-HP-L-FM-QNSL01-HG-XL,combo,33,0
FM-ATSL01-HP-L-FM-QNSL01-HG-L,combo,71,0
FM-ATSL01-HP-L-FM-QNSL01-HG-M,combo,72,0
FM-ATSL01-HP-L-FM-QNSL01-HG-S,combo,72,0
FM-ATSL01-HP-M-FM-QNSL01-HG-XL,combo,36,0
FM-ATSL01-HP-M-FM-QNSL01-HG-L,combo,74,0
FM-ATSL01-HP-M-FM-QNSL01-HG-M,combo,95,0
FM-ATSL01-HP-M-FM-QNSL01-HG-S,combo,97,0
FM-ATSL01-HP-S-FM-QNSL01-HG-XL,combo,36,0
FM-ATSL01-HP-S-FM-QNSL01-HG-L,combo,74,0
FM-ATSL01-HP-S-FM-QNSL01-HG-M,combo,95,0
FM-ATSL01-HP-S-FM-QNSL01-HG-S,combo,97,0
FM-AKSL01-VP-XL-FM-QNSL01-VG-XL,combo,37,0
FM-AKSL01-VP-XL-FM-QNSL01-VG-L,combo,64,0
FM-AKSL01-VP-XL-FM-QNSL01-VG-M,combo,80,0
FM-AKSL01-VP-XL-FM-QNSL01-VG-S,combo,80,0
FM-AKSL01-VP-L-FM-QNSL01-VG-XL,combo,37,0
FM-AKSL01-VP-L-FM-QNSL01-VG-L,combo,64,0
FM-AKSL01-VP-L-FM-QNSL01-VG-M,combo,89,0
FM-AKSL01-VP-L-FM-QNSL01-VG-S,combo,92,0
FM-AKSL01-VP-M-FM-QNSL01-VG-XL,combo,37,0
FM-AKSL01-VP-M-FM-QNSL01-VG-L,combo,64,0
FM-AKSL01-VP-M-FM-QNSL01-VG-M,combo,89,0
FM-AKSL01-VP-M-FM-QNSL01-VG-S,combo,92,0
FM-AKSL01-VP-S-FM-QNSL01-VG-XL,combo,37,0
FM-AKSL01-VP-S-FM-QNSL01-VG-L,combo,64,0
FM-AKSL01-VP-S-FM-QNSL01-VG-M,combo,89,0
FM-AKSL01-VP-S-FM-QNSL01-VG-S,combo,92,0
FM-AKSL01-HP-XL-FM-QNSL01-HP-XL,combo,39,0
FM-AKSL01-HP-XL-FM-QNSL01-HP-L,combo,72,0
FM-AKSL01-HP-XL-FM-QNSL01-HP-M,combo,98,0
FM-AKSL01-HP-XL-FM-QNSL01-HP-S,combo,98,0
FM-AKSL01-HP-L-FM-QNSL01-HP-XL,combo,40,0
FM-AKSL01-HP-L-FM-QNSL01-HP-L,combo,72,0
FM-AKSL01-HP-L-FM-QNSL01-HP-M,combo,113,0
FM-AKSL01-HP-L-FM-QNSL01-HP-S,combo,103,0
FM-AKSL01-HP-M-FM-QNSL01-HP-XL,combo,40,0
FM-AKSL01-HP-M-FM-QNSL01-HP-L,combo,72,0
FM-AKSL01-HP-M-FM-QNSL01-HP-M,combo,113,0
FM-AKSL01-HP-M-FM-QNSL01-HP-S,combo,103,0
FM-AKSL01-HP-S-FM-QNSL01-HP-XL,combo,40,0
FM-AKSL01-HP-S-FM-QNSL01-HP-L,combo,72,0
FM-AKSL01-HP-S-FM-QNSL01-HP-M,combo,113,0
FM-AKSL01-HP-S-FM-QNSL01-HP-S,combo,103,0
FM-ACSL01-VP-XL-FM-QDSL02-VP-XL,combo,0,0
FM-ACSL01-VP-XL-FM-QDSL02-VP-L,combo,0,0
FM-ACSL01-VP-XL-FM-QDSL02-VP-M,combo,0,0
FM-ACSL01-VP-XL-FM-QDSL02-VP-S,combo,0,0
FM-ACSL01-VP-L-FM-QDSL02-VP-XL,combo,45,0
FM-ACSL01-VP-L-FM-QDSL02-VP-L,combo,52,0
FM-ACSL01-VP-L-FM-QDSL02-VP-M,combo,52,0
FM-ACSL01-VP-L-FM-QDSL02-VP-S,combo,53,0
FM-ACSL01-VP-M-FM-QDSL02-VP-XL,combo,45,0
FM-ACSL01-VP-M-FM-QDSL02-VP-L,combo,67,0
FM-ACSL01-VP-M-FM-QDSL02-VP-M,combo,67,0
FM-ACSL01-VP-M-FM-QDSL02-VP-S,combo,68,0
FM-ACSL01-VP-S-FM-QDSL02-VP-XL,combo,45,0
FM-ACSL01-VP-S-FM-QDSL02-VP-L,combo,74,0
FM-ACSL01-VP-S-FM-QDSL02-VP-M,combo,87,0
FM-ACSL01-VP-S-FM-QDSL02-VP-S,combo,88,0
FM-AKGL01-XP-XL-FM-QDZT01-MG-XL,combo,2,0
FM-AKGL01-XP-XL-FM-QDZT01-MG-L,combo,8,0
FM-AKGL01-XP-XL-FM-QDZT01-MG-M,combo,0,0
FM-AKGL01-XP-XL-FM-QDZT01-MG-S,combo,21,0
FM-AKGL01-XP-L-FM-QDZT01-MG-XL,combo,2,0
FM-AKGL01-XP-L-FM-QDZT01-MG-L,combo,8,0
FM-AKGL01-XP-L-FM-QDZT01-MG-M,combo,0,0
FM-AKGL01-XP-L-FM-QDZT01-MG-S,combo,21,0
FM-AKGL01-XP-M-FM-QDZT01-MG-XL,combo,2,0
FM-AKGL01-XP-M-FM-QDZT01-MG-L,combo,7,0
FM-AKGL01-XP-M-FM-QDZT01-MG-M,combo,0,0
FM-AKGL01-XP-M-FM-QDZT01-MG-S,combo,7,0
FM-AKGL01-XP-S-FM-QDZT01-MG-XL,combo,2,0
FM-AKGL01-XP-S-FM-QDZT01-MG-L,combo,8,0
FM-AKGL01-XP-S-FM-QDZT01-MG-M,combo,0,0
FM-AKGL01-XP-S-FM-QDZT01-MG-S,combo,21,0
FM-BRBL01-XP-XL-FM-QDSL01-XP-XL,combo,0,0
FM-BRBL01-XP-XL-FM-QDSL01-XP-L,combo,0,0
FM-BRBL01-XP-XL-FM-QDSL01-XP-M,combo,0,0
FM-BRBL01-XP-XL-FM-QDSL01-XP-S,combo,0,0
FM-BRBL01-XP-L-FM-QDSL01-XP-XL,combo,0,0
FM-BRBL01-XP-L-FM-QDSL01-XP-L,combo,0,0
FM-BRBL01-XP-L-FM-QDSL01-XP-M,combo,0,0
FM-BRBL01-XP-L-FM-QDSL01-XP-S,combo,0,0
FM-BRBL01-XP-M-FM-QDSL01-XP-XL,combo,0,0
FM-BRBL01-XP-M-FM-QDSL01-XP-L,combo,0,0
FM-BRBL01-XP-M-FM-QDSL01-XP-M,combo,0,0
FM-BRBL01-XP-M-FM-QDSL01-XP-S,combo,0,0
FM-BRBL01-XP-S-FM-QDSL01-XP-XL,combo,0,0
FM-BRBL01-XP-S-FM-QDSL01-XP-L,combo,0,0
FM-BRBL01-XP-S-FM-QDSL01-XP-M,combo,0,0
FM-BRBL01-XP-S-FM-QDSL01-XP-S,combo,0,0
FM-AKGL01-VP-XL-FM-QDOL01-LG-XL,combo,50,0
FM-AKGL01-VP-XL-FM-QDOL01-LG-L,combo,1,0
FM-AKGL01-VP-XL-FM-QDOL01-LG-M,combo,0,0
FM-AKGL01-VP-XL-FM-QDOL01-LG-S,combo,1,0
FM-AKGL01-VP-L-FM-QDOL01-LG-XL,combo,26,0
FM-AKGL01-VP-L-FM-QDOL01-LG-L,combo,1,0
FM-AKGL01-VP-L-FM-QDOL01-LG-M,combo,0,0
FM-AKGL01-VP-L-FM-QDOL01-LG-S,combo,1,0
FM-AKGL01-VP-M-FM-QDOL01-LG-XL,combo,9,0
FM-AKGL01-VP-M-FM-QDOL01-LG-L,combo,1,0
FM-AKGL01-VP-M-FM-QDOL01-LG-M,combo,0,0
FM-AKGL01-VP-M-FM-QDOL01-LG-S,combo,1,0
FM-AKGL01-VP-S-FM-QDOL01-LG-XL,combo,47,0
FM-AKGL01-VP-S-FM-QDOL01-LG-L,combo,1,0
FM-AKGL01-VP-S-FM-QDOL01-LG-M,combo,0,0
FM-AKGL01-VP-S-FM-QDOL01-LG-S,combo,1,0
FM-BRBL01-VP-XL-FM-QDOL01-VP-XL,combo,0,0
FM-BRBL01-VP-XL-FM-QDOL01-VP-L,combo,0,0
FM-BRBL01-VP-XL-FM-QDOL01-VP-M,combo,-2,0
FM-BRBL01-VP-XL-FM-QDOL01-VP-S,combo,-4,0
FM-BRBL01-VP-L-FM-QDOL01-VP-XL,combo,0,0
FM-BRBL01-VP-L-FM-QDOL01-VP-L,combo,0,0
FM-BRBL01-VP-L-FM-QDOL01-VP-M,combo,-2,0
FM-BRBL01-VP-L-FM-QDOL01-VP-S,combo,-4,0
FM-BRBL01-VP-M-FM-QDOL01-VP-XL,combo,0,0
FM-BRBL01-VP-M-FM-QDOL01-VP-L,combo,0,0
FM-BRBL01-VP-M-FM-QDOL01-VP-M,combo,-2,0
FM-BRBL01-VP-M-FM-QDOL01-VP-S,combo,-4,0
FM-BRBL01-VP-S-FM-QDOL01-VP-XL,combo,0,0
FM-BRBL01-VP-S-FM-QDOL01-VP-L,combo,0,0
FM-BRBL01-VP-S-FM-QDOL01-VP-M,combo,-2,0
FM-BRBL01-VP-S-FM-QDOL01-VP-S,combo,-4,0
FM-BRBL01-HP-XL-FM-QDZT01-HP-XL,combo,0,0
FM-BRBL01-HP-XL-FM-QDZT01-HP-L,combo,0,0
FM-BRBL01-HP-XL-FM-QDZT01-HP-M,combo,0,0
FM-BRBL01-HP-XL-FM-QDZT01-HP-S,combo,-1,0
FM-BRBL01-HP-L-FM-QDZT01-HP-XL,combo,0,0
FM-BRBL01-HP-L-FM-QDZT01-HP-L,combo,0,0
FM-BRBL01-HP-L-FM-QDZT01-HP-M,combo,0,0
FM-BRBL01-HP-L-FM-QDZT01-HP-S,combo,-1,0
FM-BRBL01-HP-M-FM-QDZT01-HP-XL,combo,0,0
FM-BRBL01-HP-M-FM-QDZT01-HP-L,combo,0,0
FM-BRBL01-HP-M-FM-QDZT01-HP-M,combo,0,0
FM-BRBL01-HP-M-FM-QDZT01-HP-S,combo,-1,0
FM-BRBL01-HP-S-FM-QDZT01-HP-XL,combo,0,0
FM-BRBL01-HP-S-FM-QDZT01-HP-L,combo,0,0
FM-BRBL01-HP-S-FM-QDZT01-HP-M,combo,0,0
FM-BRBL01-HP-S-FM-QDZT01-HP-S,combo,-1,0
FM-AKGL01-HP-XL-FM-QDZT01-DE-XL,combo,191,0
FM-AKGL01-HP-XL-FM-QDZT01-DE-L,combo,193,0
FM-AKGL01-HP-XL-FM-QDZT01-DE-M,combo,192,0
FM-AKGL01-HP-XL-FM-QDZT01-DE-S,combo,196,0
FM-AKGL01-HP-L-FM-QDZT01-DE-XL,combo,0,0
FM-AKGL01-HP-L-FM-QDZT01-DE-L,combo,2,0
FM-AKGL01-HP-L-FM-QDZT01-DE-M,combo,1,0
FM-AKGL01-HP-L-FM-QDZT01-DE-S,combo,4,0
FM-AKGL01-HP-M-FM-QDZT01-DE-XL,combo,79,0
FM-AKGL01-HP-M-FM-QDZT01-DE-L,combo,81,0
FM-AKGL01-HP-M-FM-QDZT01-DE-M,combo,80,0
FM-AKGL01-HP-M-FM-QDZT01-DE-S,combo,81,0
FM-AKGL01-HP-S-FM-QDZT01-DE-XL,combo,192,0
FM-AKGL01-HP-S-FM-QDZT01-DE-L,combo,194,0
FM-AKGL01-HP-S-FM-QDZT01-DE-M,combo,193,0
FM-AKGL01-HP-S-FM-QDZT01-DE-S,combo,197,0
FM-DSSP02-TR2-L,normal,20,0
FM-DSSP02-TR2-M,normal,3,0
FM-DSSP02-TR2-S,normal,0,0
FM-DSSP02-TR2-XL,normal,20,0
FM-DSSP01-TR-2XL,normal,10,0
FM-DXSP01-TR2-2XL,normal,4,0
FM-DXSP01-TR2-L,normal,8,0
FM-DXSP01-TR2-M,normal,5,0
FM-DXSP01-TR2-S,normal,0,0
FM-DXSP01-TR2-XL,normal,9,0
FM-APGR01-DO-XL-FM-VXGR02-DO-XL,combo,83,0
FM-APGR01-DO-XL-FM-VXGR02-DO-L,combo,106,0
FM-APGR01-DO-XL-FM-VXGR02-DO-M,combo,106,0
FM-APGR01-DO-XL-FM-VXGR02-DO-S,combo,90,0
FM-APGR01-DO-L-FM-VXGR02-DO-XL,combo,85,0
FM-APGR01-DO-L-FM-VXGR02-DO-L,combo,123,0
FM-APGR01-DO-L-FM-VXGR02-DO-M,combo,126,0
FM-APGR01-DO-L-FM-VXGR02-DO-S,combo,94,0
FM-APGR01-DO-M-FM-VXGR02-DO-XL,combo,85,0
FM-APGR01-DO-M-FM-VXGR02-DO-L,combo,121,0
FM-APGR01-DO-M-FM-VXGR02-DO-M,combo,125,0
FM-APGR01-DO-M-FM-VXGR02-DO-S,combo,92,0
FM-APGR01-DO-S-FM-VXGR02-DO-XL,combo,85,0
FM-APGR01-DO-S-FM-VXGR02-DO-L,combo,112,0
FM-APGR01-DO-S-FM-VXGR02-DO-M,combo,111,0
FM-APGR01-DO-S-FM-VXGR02-DO-S,combo,94,0
FM-DNSP01-TR-2XL,normal,5,0
FM-DPSP01-TR-2XL,normal,4,0
FM-ATBL01-XP-XL-FM-QSBL01-BN-XL,combo,2,0
FM-ATBL01-XP-XL-FM-QSBL01-BN-L,combo,2,0
FM-ATBL01-XP-XL-FM-QSBL01-BN-M,combo,2,0
FM-ATBL01-XP-XL-FM-QSBL01-BN-S,combo,2,0
FM-ATBL01-XP-L-FM-QSBL01-BN-XL,combo,62,0
FM-ATBL01-XP-L-FM-QSBL01-BN-L,combo,61,0
FM-ATBL01-XP-L-FM-QSBL01-BN-M,combo,62,0
FM-ATBL01-XP-L-FM-QSBL01-BN-S,combo,62,0
FM-ATBL01-XP-M-FM-QSBL01-BN-XL,combo,13,0
FM-ATBL01-XP-M-FM-QSBL01-BN-L,combo,11,0
FM-ATBL01-XP-M-FM-QSBL01-BN-M,combo,12,0
FM-ATBL01-XP-M-FM-QSBL01-BN-S,combo,13,0
FM-ATBL01-XP-S-FM-QSBL01-BN-XL,combo,5,0
FM-ATBL01-XP-S-FM-QSBL01-BN-L,combo,2,0
FM-ATBL01-XP-S-FM-QSBL01-BN-M,combo,3,0
FM-ATBL01-XP-S-FM-QSBL01-BN-S,combo,5,0
FM-BRGL03-ES-XL,normal,4,0
FM-BRGL03-ES-L,normal,26,0
FM-BRGL03-ES-M,normal,18,0
FM-BRGL03-ES-S,normal,18,0
FM-ATGR01-BN-XL-FM-VXGR02-BN-XL,combo,0,0
FM-ATGR01-BN-XL-FM-VXGR02-BN-L,combo,0,0
FM-ATGR01-BN-XL-FM-VXGR02-BN-M,combo,0,0
FM-ATGR01-BN-XL-FM-VXGR02-BN-S,combo,0,0
FM-ATGR01-BN-L-FM-VXGR02-BN-XL,combo,7,0
FM-ATGR01-BN-L-FM-VXGR02-BN-L,combo,7,0
FM-ATGR01-BN-L-FM-VXGR02-BN-M,combo,6,0
FM-ATGR01-BN-L-FM-VXGR02-BN-S,combo,5,0
FM-ATGR01-BN-M-FM-VXGR02-BN-XL,combo,2,0
FM-ATGR01-BN-M-FM-VXGR02-BN-L,combo,2,0
FM-ATGR01-BN-M-FM-VXGR02-BN-M,combo,1,0
FM-ATGR01-BN-M-FM-VXGR02-BN-S,combo,0,0
FM-ATGR01-BN-S-FM-VXGR02-BN-XL,combo,48,0
FM-ATGR01-BN-S-FM-VXGR02-BN-L,combo,50,0
FM-ATGR01-BN-S-FM-VXGR02-BN-M,combo,50,0
FM-ATGR01-BN-S-FM-VXGR02-BN-S,combo,50,0
FM-QDSL02-HP-XL,normal,58,0
FM-QDSL02-HP-L,normal,112,0
FM-QDSL02-HP-M,normal,165,0
FM-QDSL02-HP-S,normal,158,0
FM-BRZT01-RG-XL-FM-QLTG01-RG-XL,combo,38,0
FM-BRZT01-RG-XL-FM-QLTG01-RG-L,combo,32,0
FM-BRZT01-RG-XL-FM-QLTG01-RG-M,combo,0,0
FM-BRZT01-RG-XL-FM-QLTG01-RG-S,combo,38,0
FM-BRZT01-RG-L-FM-QLTG01-RG-XL,combo,44,0
FM-BRZT01-RG-L-FM-QLTG01-RG-L,combo,32,0
FM-BRZT01-RG-L-FM-QLTG01-RG-M,combo,0,0
FM-BRZT01-RG-L-FM-QLTG01-RG-S,combo,44,0
FM-BRZT01-RG-M-FM-QLTG01-RG-XL,combo,31,0
FM-BRZT01-RG-M-FM-QLTG01-RG-L,combo,31,0
FM-BRZT01-RG-M-FM-QLTG01-RG-M,combo,0,0
FM-BRZT01-RG-M-FM-QLTG01-RG-S,combo,31,0
FM-BRZT01-RG-S-FM-QLTG01-RG-XL,combo,36,0
FM-BRZT01-RG-S-FM-QLTG01-RG-L,combo,32,0
FM-BRZT01-RG-S-FM-QLTG01-RG-M,combo,0,0
FM-BRZT01-RG-S-FM-QLTG01-RG-S,combo,36,0
FM-ATBL02-DE-XL-FM-QDBL01-DE-XL,combo,0,0
FM-ATBL02-DE-XL-FM-QDBL01-DE-L,combo,0,0
FM-ATBL02-DE-XL-FM-QDBL01-DE-M,combo,0,0
FM-ATBL02-DE-XL-FM-QDBL01-DE-S,combo,0,0
FM-ATBL02-DE-L-FM-QDBL01-DE-XL,combo,12,0
FM-ATBL02-DE-L-FM-QDBL01-DE-L,combo,1,0
FM-ATBL02-DE-L-FM-QDBL01-DE-M,combo,0,0
FM-ATBL02-DE-L-FM-QDBL01-DE-S,combo,0,0
FM-ATBL02-DE-M-FM-QDBL01-DE-XL,combo,10,0
FM-ATBL02-DE-M-FM-QDBL01-DE-L,combo,5,0
FM-ATBL02-DE-M-FM-QDBL01-DE-M,combo,0,0
FM-ATBL02-DE-M-FM-QDBL01-DE-S,combo,0,0
FM-ATBL02-DE-S-FM-QDBL01-DE-XL,combo,42,0
FM-ATBL02-DE-S-FM-QDBL01-DE-L,combo,3,0
FM-ATBL02-DE-S-FM-QDBL01-DE-M,combo,0,0
FM-ATBL02-DE-S-FM-QDBL01-DE-S,combo,0,0
FM-ANCD01-VP-XL-FM-QDOL01-VP-XL,combo,9,0
FM-ANCD01-VP-XL-FM-QDOL01-VP-L,combo,0,0
FM-ANCD01-VP-XL-FM-QDOL01-VP-M,combo,-2,0
FM-ANCD01-VP-XL-FM-QDOL01-VP-S,combo,-4,0
FM-ANCD01-VP-L-FM-QDOL01-VP-XL,combo,9,0
FM-ANCD01-VP-L-FM-QDOL01-VP-L,combo,0,0
FM-ANCD01-VP-L-FM-QDOL01-VP-M,combo,-2,0
FM-ANCD01-VP-L-FM-QDOL01-VP-S,combo,-4,0
FM-ANCD01-VP-M-FM-QDOL01-VP-XL,combo,9,0
FM-ANCD01-VP-M-FM-QDOL01-VP-L,combo,0,0
FM-ANCD01-VP-M-FM-QDOL01-VP-M,combo,-2,0
FM-ANCD01-VP-M-FM-QDOL01-VP-S,combo,-4,0
FM-ANCD01-VP-S-FM-QDOL01-VP-XL,combo,9,0
FM-ANCD01-VP-S-FM-QDOL01-VP-L,combo,0,0
FM-ANCD01-VP-S-FM-QDOL01-VP-M,combo,-2,0
FM-ANCD01-VP-S-FM-QDOL01-VP-S,combo,-4,0
FM-ANCD01-HP-XL-FM-QDOL01-HP-XL,combo,15,0
FM-ANCD01-HP-XL-FM-QDOL01-HP-L,combo,48,0
FM-ANCD01-HP-XL-FM-QDOL01-HP-M,combo,5,0
FM-ANCD01-HP-XL-FM-QDOL01-HP-S,combo,5,0
FM-ANCD01-HP-L-FM-QDOL01-HP-XL,combo,15,0
FM-ANCD01-HP-L-FM-QDOL01-HP-L,combo,48,0
FM-ANCD01-HP-L-FM-QDOL01-HP-M,combo,5,0
FM-ANCD01-HP-L-FM-QDOL01-HP-S,combo,5,0
FM-ANCD01-HP-M-FM-QDOL01-HP-XL,combo,13,0
FM-ANCD01-HP-M-FM-QDOL01-HP-L,combo,45,0
FM-ANCD01-HP-M-FM-QDOL01-HP-M,combo,2,0
FM-ANCD01-HP-M-FM-QDOL01-HP-S,combo,2,0
FM-ANCD01-HP-S-FM-QDOL01-HP-XL,combo,14,0
FM-ANCD01-HP-S-FM-QDOL01-HP-L,combo,46,0
FM-ANCD01-HP-S-FM-QDOL01-HP-M,combo,3,0
FM-ANCD01-HP-S-FM-QDOL01-HP-S,combo,3,0
FM-ATBL01-TR-XL-FM-QDOL01-ES-XL,combo,5,0
FM-ATBL01-TR-XL-FM-QDOL01-ES-L,combo,3,0
FM-ATBL01-TR-XL-FM-QDOL01-ES-M,combo,4,0
FM-ATBL01-TR-XL-FM-QDOL01-ES-S,combo,5,0
FM-ATBL01-TR-L-FM-QDOL01-ES-XL,combo,4,0
FM-ATBL01-TR-L-FM-QDOL01-ES-L,combo,2,0
FM-ATBL01-TR-L-FM-QDOL01-ES-M,combo,3,0
FM-ATBL01-TR-L-FM-QDOL01-ES-S,combo,4,0
FM-ATBL01-TR-M-FM-QDOL01-ES-XL,combo,1,0
FM-ATBL01-TR-M-FM-QDOL01-ES-L,combo,1,0
FM-ATBL01-TR-M-FM-QDOL01-ES-M,combo,1,0
FM-ATBL01-TR-M-FM-QDOL01-ES-S,combo,1,0
FM-ATBL01-TR-S-FM-QDOL01-ES-XL,combo,1,0
FM-ATBL01-TR-S-FM-QDOL01-ES-L,combo,1,0
FM-ATBL01-TR-S-FM-QDOL01-ES-M,combo,1,0
FM-ATBL01-TR-S-FM-QDOL01-ES-S,combo,1,0
FM-APGR01-BN-XL-FM-VXGR01-BN-XL,combo,50,0
FM-APGR01-BN-XL-FM-VXGR01-BN-L,combo,50,0
FM-APGR01-BN-XL-FM-VXGR01-BN-M,combo,50,0
FM-APGR01-BN-XL-FM-VXGR01-BN-S,combo,50,0
FM-APGR01-BN-L-FM-VXGR01-BN-XL,combo,64,0
FM-APGR01-BN-L-FM-VXGR01-BN-L,combo,63,0
FM-APGR01-BN-L-FM-VXGR01-BN-M,combo,75,0
FM-APGR01-BN-L-FM-VXGR01-BN-S,combo,56,0
FM-APGR01-BN-M-FM-VXGR01-BN-XL,combo,58,0
FM-APGR01-BN-M-FM-VXGR01-BN-L,combo,58,0
FM-APGR01-BN-M-FM-VXGR01-BN-M,combo,58,0
FM-APGR01-BN-M-FM-VXGR01-BN-S,combo,56,0
FM-APGR01-BN-S-FM-VXGR01-BN-XL,combo,67,0
FM-APGR01-BN-S-FM-VXGR01-BN-L,combo,66,0
FM-APGR01-BN-S-FM-VXGR01-BN-M,combo,75,0
FM-APGR01-BN-S-FM-VXGR01-BN-S,combo,59,0
FM-BRBL01-TR-XL-FM-QDBL01-BN-XL,combo,0,0
FM-BRBL01-TR-XL-FM-QDBL01-BN-L,combo,0,0
FM-BRBL01-TR-XL-FM-QDBL01-BN-M,combo,0,0
FM-BRBL01-TR-XL-FM-QDBL01-BN-S,combo,0,0
FM-BRBL01-TR-L-FM-QDBL01-BN-XL,combo,0,0
FM-BRBL01-TR-L-FM-QDBL01-BN-L,combo,0,0
FM-BRBL01-TR-L-FM-QDBL01-BN-M,combo,0,0
FM-BRBL01-TR-L-FM-QDBL01-BN-S,combo,0,0
FM-BRBL01-TR-M-FM-QDBL01-BN-XL,combo,0,0
FM-BRBL01-TR-M-FM-QDBL01-BN-L,combo,0,0
FM-BRBL01-TR-M-FM-QDBL01-BN-M,combo,0,0
FM-BRBL01-TR-M-FM-QDBL01-BN-S,combo,0,0
FM-BRBL01-TR-S-FM-QDBL01-BN-XL,combo,0,0
FM-BRBL01-TR-S-FM-QDBL01-BN-L,combo,0,0
FM-BRBL01-TR-S-FM-QDBL01-BN-M,combo,0,0
FM-BRBL01-TR-S-FM-QDBL01-BN-S,combo,0,0
FM-ATBL01-VP-XL-FM-QDBL01-VP-XL,combo,-1,0
FM-ATBL01-VP-XL-FM-QDBL01-VP-L,combo,-1,0
FM-ATBL01-VP-XL-FM-QDBL01-VP-M,combo,-1,0
FM-ATBL01-VP-XL-FM-QDBL01-VP-S,combo,-1,0
FM-ATBL01-VP-L-FM-QDBL01-VP-XL,combo,62,0
FM-ATBL01-VP-L-FM-QDBL01-VP-L,combo,25,0
FM-ATBL01-VP-L-FM-QDBL01-VP-M,combo,1,0
FM-ATBL01-VP-L-FM-QDBL01-VP-S,combo,0,0
FM-ATBL01-VP-M-FM-QDBL01-VP-XL,combo,60,0
FM-ATBL01-VP-M-FM-QDBL01-VP-L,combo,23,0
FM-ATBL01-VP-M-FM-QDBL01-VP-M,combo,1,0
FM-ATBL01-VP-M-FM-QDBL01-VP-S,combo,0,0
FM-ATBL01-VP-S-FM-QDBL01-VP-XL,combo,60,0
FM-ATBL01-VP-S-FM-QDBL01-VP-L,combo,23,0
FM-ATBL01-VP-S-FM-QDBL01-VP-M,combo,1,0
FM-ATBL01-VP-S-FM-QDBL01-VP-S,combo,0,0
FM-ATBL01-HP-XL-FM-QDBL01-DG-XL,combo,4,0
FM-ATBL01-HP-XL-FM-QDBL01-DG-L,combo,4,0
FM-ATBL01-HP-XL-FM-QDBL01-DG-M,combo,4,0
FM-ATBL01-HP-XL-FM-QDBL01-DG-S,combo,0,0
FM-ATBL01-HP-L-FM-QDBL01-DG-XL,combo,5,0
FM-ATBL01-HP-L-FM-QDBL01-DG-L,combo,5,0
FM-ATBL01-HP-L-FM-QDBL01-DG-M,combo,4,0
FM-ATBL01-HP-L-FM-QDBL01-DG-S,combo,0,0
FM-ATBL01-HP-M-FM-QDBL01-DG-XL,combo,5,0
FM-ATBL01-HP-M-FM-QDBL01-DG-L,combo,5,0
FM-ATBL01-HP-M-FM-QDBL01-DG-M,combo,4,0
FM-ATBL01-HP-M-FM-QDBL01-DG-S,combo,0,0
FM-ATBL01-HP-S-FM-QDBL01-DG-XL,combo,4,0
FM-ATBL01-HP-S-FM-QDBL01-DG-L,combo,4,0
FM-ATBL01-HP-S-FM-QDBL01-DG-M,combo,4,0
FM-ATBL01-HP-S-FM-QDBL01-DG-S,combo,0,0
FM-QDBL01-BN-2XL,normal,48,0
FM-QDBL01-DG-2XL,normal,50,0
FM-QDBL01-DE-2XL,normal,38,0
FM-QDBL01-XP-2XL,normal,29,0
FM-QDBL01-VP-2XL,normal,28,0
FM-QDBL01-HP-2XL,normal,29,0
FM-AKGL01-HP-XL-FM-QDOL01-HP-XL,combo,15,0
FM-AKGL01-HP-XL-FM-QDOL01-HP-L,combo,48,0
FM-AKGL01-HP-XL-FM-QDOL01-HP-M,combo,6,0
FM-AKGL01-HP-XL-FM-QDOL01-HP-S,combo,5,0
FM-AKGL01-HP-L-FM-QDOL01-HP-XL,combo,4,0
FM-AKGL01-HP-L-FM-QDOL01-HP-L,combo,4,0
FM-AKGL01-HP-L-FM-QDOL01-HP-M,combo,4,0
FM-AKGL01-HP-L-FM-QDOL01-HP-S,combo,4,0
FM-AKGL01-HP-M-FM-QDOL01-HP-XL,combo,13,0
FM-AKGL01-HP-M-FM-QDOL01-HP-L,combo,45,0
FM-AKGL01-HP-M-FM-QDOL01-HP-M,combo,2,0
FM-AKGL01-HP-M-FM-QDOL01-HP-S,combo,2,0
FM-AKGL01-HP-S-FM-QDOL01-HP-XL,combo,15,0
FM-AKGL01-HP-S-FM-QDOL01-HP-L,combo,48,0
FM-AKGL01-HP-S-FM-QDOL01-HP-M,combo,5,0
FM-AKGL01-HP-S-FM-QDOL01-HP-S,combo,5,0
FM-AKGL01-SM-XL-FM-QDOL01-LG-XL,combo,0,0
FM-AKGL01-SM-XL-FM-QDOL01-LG-L,combo,-1,0
FM-AKGL01-SM-XL-FM-QDOL01-LG-M,combo,0,0
FM-AKGL01-SM-XL-FM-QDOL01-LG-S,combo,0,0
FM-AKGL01-SM-L-FM-QDOL01-LG-XL,combo,0,0
FM-AKGL01-SM-L-FM-QDOL01-LG-L,combo,-1,0
FM-AKGL01-SM-L-FM-QDOL01-LG-M,combo,0,0
FM-AKGL01-SM-L-FM-QDOL01-LG-S,combo,0,0
FM-AKGL01-SM-M-FM-QDOL01-LG-XL,combo,0,0
FM-AKGL01-SM-M-FM-QDOL01-LG-L,combo,-1,0
FM-AKGL01-SM-M-FM-QDOL01-LG-M,combo,0,0
FM-AKGL01-SM-M-FM-QDOL01-LG-S,combo,0,0
FM-AKGL01-SM-S-FM-QDOL01-LG-XL,combo,0,0
FM-AKGL01-SM-S-FM-QDOL01-LG-L,combo,-1,0
FM-AKGL01-SM-S-FM-QDOL01-LG-M,combo,0,0
FM-AKGL01-SM-S-FM-QDOL01-LG-S,combo,0,0
FM-QDOL01-HP-XL,normal,15,0
FM-QDOL01-HP-L,normal,48,0
FM-QDOL01-HP-M,normal,6,0
FM-QDOL01-HP-S,normal,5,0
FM-QDOL01-ES-XL,normal,9,0
FM-QDOL01-ES-L,normal,19,0
FM-QDOL01-ES-M,normal,4,0
FM-QDOL01-ES-S,normal,38,0
FM-BRGL04-TR-XL-FM-QDOL01-DG-XL,combo,1,0
FM-BRGL04-TR-XL-FM-QDOL01-DG-L,combo,1,0
FM-BRGL04-TR-XL-FM-QDOL01-DG-M,combo,0,0
FM-BRGL04-TR-XL-FM-QDOL01-DG-S,combo,0,0
FM-BRGL04-TR-L-FM-QDOL01-DG-XL,combo,3,0
FM-BRGL04-TR-L-FM-QDOL01-DG-L,combo,3,0
FM-BRGL04-TR-L-FM-QDOL01-DG-M,combo,0,0
FM-BRGL04-TR-L-FM-QDOL01-DG-S,combo,0,0
FM-BRGL04-TR-M-FM-QDOL01-DG-XL,combo,3,0
FM-BRGL04-TR-M-FM-QDOL01-DG-L,combo,3,0
FM-BRGL04-TR-M-FM-QDOL01-DG-M,combo,0,0
FM-BRGL04-TR-M-FM-QDOL01-DG-S,combo,0,0
FM-BRGL04-TR-S-FM-QDOL01-DG-XL,combo,4,0
FM-BRGL04-TR-S-FM-QDOL01-DG-L,combo,4,0
FM-BRGL04-TR-S-FM-QDOL01-DG-M,combo,0,0
FM-BRGL04-TR-S-FM-QDOL01-DG-S,combo,0,0
FM-AKCV01-SA-XL-FM-QDZT01-SA-XL,combo,47,0
FM-AKCV01-SA-XL-FM-QDZT01-SA-L,combo,47,0
FM-AKCV01-SA-XL-FM-QDZT01-SA-M,combo,47,0
FM-AKCV01-SA-XL-FM-QDZT01-SA-S,combo,47,0
FM-AKCV01-SA-L-FM-QDZT01-SA-XL,combo,55,0
FM-AKCV01-SA-L-FM-QDZT01-SA-L,combo,55,0
FM-AKCV01-SA-L-FM-QDZT01-SA-M,combo,55,0
FM-AKCV01-SA-L-FM-QDZT01-SA-S,combo,55,0
FM-AKCV01-SA-M-FM-QDZT01-SA-XL,combo,0,0
FM-AKCV01-SA-M-FM-QDZT01-SA-L,combo,1,0
FM-AKCV01-SA-M-FM-QDZT01-SA-M,combo,1,0
FM-AKCV01-SA-M-FM-QDZT01-SA-S,combo,0,0
FM-AKCV01-SA-S-FM-QDZT01-SA-XL,combo,0,0
FM-AKCV01-SA-S-FM-QDZT01-SA-L,combo,2,0
FM-AKCV01-SA-S-FM-QDZT01-SA-M,combo,1,0
FM-AKCV01-SA-S-FM-QDZT01-SA-S,combo,0,0
FM-ATBL01-DE-XL-FM-QDBL01-DE-XL,combo,0,0
FM-ATBL01-DE-XL-FM-QDBL01-DE-L,combo,0,0
FM-ATBL01-DE-XL-FM-QDBL01-DE-M,combo,0,0
FM-ATBL01-DE-XL-FM-QDBL01-DE-S,combo,0,0
FM-ATBL01-DE-L-FM-QDBL01-DE-XL,combo,43,0
FM-ATBL01-DE-L-FM-QDBL01-DE-L,combo,5,0
FM-ATBL01-DE-L-FM-QDBL01-DE-M,combo,0,0
FM-ATBL01-DE-L-FM-QDBL01-DE-S,combo,0,0
FM-ATBL01-DE-M-FM-QDBL01-DE-XL,combo,6,0
FM-ATBL01-DE-M-FM-QDBL01-DE-L,combo,5,0
FM-ATBL01-DE-M-FM-QDBL01-DE-M,combo,0,0
FM-ATBL01-DE-M-FM-QDBL01-DE-S,combo,0,0
FM-ATBL01-DE-S-FM-QDBL01-DE-XL,combo,4,0
FM-ATBL01-DE-S-FM-QDBL01-DE-L,combo,5,0
FM-ATBL01-DE-S-FM-QDBL01-DE-M,combo,0,0
FM-ATBL01-DE-S-FM-QDBL01-DE-S,combo,0,0
FM-ATBL01-HP-XL-FM-QDZT01-HP-XL,combo,3,0
FM-ATBL01-HP-XL-FM-QDZT01-HP-L,combo,4,0
FM-ATBL01-HP-XL-FM-QDZT01-HP-M,combo,4,0
FM-ATBL01-HP-XL-FM-QDZT01-HP-S,combo,1,0
FM-ATBL01-HP-L-FM-QDZT01-HP-XL,combo,3,0
FM-ATBL01-HP-L-FM-QDZT01-HP-L,combo,4,0
FM-ATBL01-HP-L-FM-QDZT01-HP-M,combo,4,0
FM-ATBL01-HP-L-FM-QDZT01-HP-S,combo,1,0
FM-ATBL01-HP-M-FM-QDZT01-HP-XL,combo,3,0
FM-ATBL01-HP-M-FM-QDZT01-HP-L,combo,4,0
FM-ATBL01-HP-M-FM-QDZT01-HP-M,combo,4,0
FM-ATBL01-HP-M-FM-QDZT01-HP-S,combo,1,0
FM-ATBL01-HP-S-FM-QDZT01-HP-XL,combo,3,0
FM-ATBL01-HP-S-FM-QDZT01-HP-L,combo,4,0
FM-ATBL01-HP-S-FM-QDZT01-HP-M,combo,4,0
FM-ATBL01-HP-S-FM-QDZT01-HP-S,combo,1,0
FM-AKGL01-TR-XL-FM-QDZT01-ES-XL,combo,0,0
FM-AKGL01-TR-XL-FM-QDZT01-ES-L,combo,1,0
FM-AKGL01-TR-XL-FM-QDZT01-ES-M,combo,0,0
FM-AKGL01-TR-XL-FM-QDZT01-ES-S,combo,0,0
FM-AKGL01-TR-L-FM-QDZT01-ES-XL,combo,0,0
FM-AKGL01-TR-L-FM-QDZT01-ES-L,combo,1,0
FM-AKGL01-TR-L-FM-QDZT01-ES-M,combo,0,0
FM-AKGL01-TR-L-FM-QDZT01-ES-S,combo,0,0
FM-AKGL01-TR-M-FM-QDZT01-ES-XL,combo,0,0
FM-AKGL01-TR-M-FM-QDZT01-ES-L,combo,1,0
FM-AKGL01-TR-M-FM-QDZT01-ES-M,combo,0,0
FM-AKGL01-TR-M-FM-QDZT01-ES-S,combo,0,0
FM-AKGL01-TR-S-FM-QDZT01-ES-XL,combo,0,0
FM-AKGL01-TR-S-FM-QDZT01-ES-L,combo,1,0
FM-AKGL01-TR-S-FM-QDZT01-ES-M,combo,0,0
FM-AKGL01-TR-S-FM-QDZT01-ES-S,combo,0,0
FM-ATSM01-XN-XL-FM-QNGL01-BN-XL,combo,0,0
FM-ATSM01-XN-XL-FM-QNGL01-BN-L,combo,0,0
FM-ATSM01-XN-XL-FM-QNGL01-BN-M,combo,0,0
FM-ATSM01-XN-XL-FM-QNGL01-BN-S,combo,0,0
FM-ATSM01-XN-L-FM-QNGL01-BN-XL,combo,0,0
FM-ATSM01-XN-L-FM-QNGL01-BN-L,combo,0,0
FM-ATSM01-XN-L-FM-QNGL01-BN-M,combo,0,0
FM-ATSM01-XN-L-FM-QNGL01-BN-S,combo,0,0
FM-ATSM01-XN-M-FM-QNGL01-BN-XL,combo,0,0
FM-ATSM01-XN-M-FM-QNGL01-BN-L,combo,0,0
FM-ATSM01-XN-M-FM-QNGL01-BN-M,combo,0,0
FM-ATSM01-XN-M-FM-QNGL01-BN-S,combo,0,0
FM-ATSM01-XN-S-FM-QNGL01-BN-XL,combo,1,0
FM-ATSM01-XN-S-FM-QNGL01-BN-L,combo,0,0
FM-ATSM01-XN-S-FM-QNGL01-BN-M,combo,0,0
FM-ATSM01-XN-S-FM-QNGL01-BN-S,combo,0,0
FM-AKGL01-VP-XL-FM-QDOL01-VP-XL,combo,13,0
FM-AKGL01-VP-XL-FM-QDOL01-VP-L,combo,3,0
FM-AKGL01-VP-XL-FM-QDOL01-VP-M,combo,-1,0
FM-AKGL01-VP-XL-FM-QDOL01-VP-S,combo,-3,0
FM-AKGL01-VP-L-FM-QDOL01-VP-XL,combo,13,0
FM-AKGL01-VP-L-FM-QDOL01-VP-L,combo,3,0
FM-AKGL01-VP-L-FM-QDOL01-VP-M,combo,-1,0
FM-AKGL01-VP-L-FM-QDOL01-VP-S,combo,-3,0
FM-AKGL01-VP-M-FM-QDOL01-VP-XL,combo,7,0
FM-AKGL01-VP-M-FM-QDOL01-VP-L,combo,3,0
FM-AKGL01-VP-M-FM-QDOL01-VP-M,combo,-1,0
FM-AKGL01-VP-M-FM-QDOL01-VP-S,combo,-3,0
FM-AKGL01-VP-S-FM-QDOL01-VP-XL,combo,13,0
FM-AKGL01-VP-S-FM-QDOL01-VP-L,combo,3,0
FM-AKGL01-VP-S-FM-QDOL01-VP-M,combo,-1,0
FM-AKGL01-VP-S-FM-QDOL01-VP-S,combo,-3,0
FM-AKGL01-XP-XL-FM-QDOL01-XP-XL,combo,42,0
FM-AKGL01-XP-XL-FM-QDOL01-XP-L,combo,41,0
FM-AKGL01-XP-XL-FM-QDOL01-XP-M,combo,42,0
FM-AKGL01-XP-XL-FM-QDOL01-XP-S,combo,42,0
FM-AKGL01-XP-L-FM-QDOL01-XP-XL,combo,44,0
FM-AKGL01-XP-L-FM-QDOL01-XP-L,combo,64,0
FM-AKGL01-XP-L-FM-QDOL01-XP-M,combo,65,0
FM-AKGL01-XP-L-FM-QDOL01-XP-S,combo,65,0
FM-AKGL01-XP-M-FM-QDOL01-XP-XL,combo,10,0
FM-AKGL01-XP-M-FM-QDOL01-XP-L,combo,10,0
FM-AKGL01-XP-M-FM-QDOL01-XP-M,combo,10,0
FM-AKGL01-XP-M-FM-QDOL01-XP-S,combo,10,0
FM-AKGL01-XP-S-FM-QDOL01-XP-XL,combo,44,0
FM-AKGL01-XP-S-FM-QDOL01-XP-L,combo,45,0
FM-AKGL01-XP-S-FM-QDOL01-XP-M,combo,47,0
FM-AKGL01-XP-S-FM-QDOL01-XP-S,combo,47,0
FM-QDOL01-XP-XL,normal,44,0
FM-QDOL01-XP-L,normal,113,0
FM-QDOL01-XP-M,normal,73,0
FM-QDOL01-XP-S,normal,76,0
FM-QDOL01-VP-XL,normal,13,0
FM-QDOL01-VP-L,normal,3,0
FM-QDOL01-VP-M,normal,-1,0
FM-QDOL01-VP-S,normal,-3,0
FM-BRGL01-TR-XL-FM-QDOL01-DG-XL,combo,1,0
FM-BRGL01-TR-XL-FM-QDOL01-DG-L,combo,1,0
FM-BRGL01-TR-XL-FM-QDOL01-DG-M,combo,0,0
FM-BRGL01-TR-XL-FM-QDOL01-DG-S,combo,0,0
FM-BRGL01-TR-L-FM-QDOL01-DG-XL,combo,3,0
FM-BRGL01-TR-L-FM-QDOL01-DG-L,combo,3,0
FM-BRGL01-TR-L-FM-QDOL01-DG-M,combo,0,0
FM-BRGL01-TR-L-FM-QDOL01-DG-S,combo,0,0
FM-BRGL01-TR-M-FM-QDOL01-DG-XL,combo,5,0
FM-BRGL01-TR-M-FM-QDOL01-DG-L,combo,5,0
FM-BRGL01-TR-M-FM-QDOL01-DG-M,combo,0,0
FM-BRGL01-TR-M-FM-QDOL01-DG-S,combo,0,0
FM-BRGL01-TR-S-FM-QDOL01-DG-XL,combo,5,0
FM-BRGL01-TR-S-FM-QDOL01-DG-L,combo,5,0
FM-BRGL01-TR-S-FM-QDOL01-DG-M,combo,0,0
FM-BRGL01-TR-S-FM-QDOL01-DG-S,combo,0,0
FM-ATBL02-HP-XL-FM-QDZT01-LG-XL,combo,0,0
FM-ATBL02-HP-XL-FM-QDZT01-LG-L,combo,0,0
FM-ATBL02-HP-XL-FM-QDZT01-LG-M,combo,-3,0
FM-ATBL02-HP-XL-FM-QDZT01-LG-S,combo,-1,0
FM-ATBL02-HP-L-FM-QDZT01-LG-XL,combo,52,0
FM-ATBL02-HP-L-FM-QDZT01-LG-L,combo,1,0
FM-ATBL02-HP-L-FM-QDZT01-LG-M,combo,1,0
FM-ATBL02-HP-L-FM-QDZT01-LG-S,combo,1,0
FM-ATBL02-HP-M-FM-QDZT01-LG-XL,combo,43,0
FM-ATBL02-HP-M-FM-QDZT01-LG-L,combo,1,0
FM-ATBL02-HP-M-FM-QDZT01-LG-M,combo,0,0
FM-ATBL02-HP-M-FM-QDZT01-LG-S,combo,1,0
FM-ATBL02-HP-S-FM-QDZT01-LG-XL,combo,49,0
FM-ATBL02-HP-S-FM-QDZT01-LG-L,combo,1,0
FM-ATBL02-HP-S-FM-QDZT01-LG-M,combo,-2,0
FM-ATBL02-HP-S-FM-QDZT01-LG-S,combo,0,0
FM-ATBL01-TR-XL-FM-QDBL01-HP-XL,combo,3,0
FM-ATBL01-TR-XL-FM-QDBL01-HP-L,combo,2,0
FM-ATBL01-TR-XL-FM-QDBL01-HP-M,combo,5,0
FM-ATBL01-TR-XL-FM-QDBL01-HP-S,combo,0,0
FM-ATBL01-TR-L-FM-QDBL01-HP-XL,combo,2,0
FM-ATBL01-TR-L-FM-QDBL01-HP-L,combo,1,0
FM-ATBL01-TR-L-FM-QDBL01-HP-M,combo,4,0
FM-ATBL01-TR-L-FM-QDBL01-HP-S,combo,-1,0
FM-ATBL01-TR-M-FM-QDBL01-HP-XL,combo,1,0
FM-ATBL01-TR-M-FM-QDBL01-HP-L,combo,1,0
FM-ATBL01-TR-M-FM-QDBL01-HP-M,combo,1,0
FM-ATBL01-TR-M-FM-QDBL01-HP-S,combo,0,0
FM-ATBL01-TR-S-FM-QDBL01-HP-XL,combo,1,0
FM-ATBL01-TR-S-FM-QDBL01-HP-L,combo,1,0
FM-ATBL01-TR-S-FM-QDBL01-HP-M,combo,1,0
FM-ATBL01-TR-S-FM-QDBL01-HP-S,combo,-1,0
FM-AKGL01-TR-XL-FM-QDZT01-HP-XL,combo,3,0
FM-AKGL01-TR-XL-FM-QDZT01-HP-L,combo,5,0
FM-AKGL01-TR-XL-FM-QDZT01-HP-M,combo,3,0
FM-AKGL01-TR-XL-FM-QDZT01-HP-S,combo,1,0
FM-AKGL01-TR-L-FM-QDZT01-HP-XL,combo,1,0
FM-AKGL01-TR-L-FM-QDZT01-HP-L,combo,3,0
FM-AKGL01-TR-L-FM-QDZT01-HP-M,combo,1,0
FM-AKGL01-TR-L-FM-QDZT01-HP-S,combo,0,0
FM-AKGL01-TR-M-FM-QDZT01-HP-XL,combo,1,0
FM-AKGL01-TR-M-FM-QDZT01-HP-L,combo,3,0
FM-AKGL01-TR-M-FM-QDZT01-HP-M,combo,1,0
FM-AKGL01-TR-M-FM-QDZT01-HP-S,combo,0,0
FM-AKGL01-TR-S-FM-QDZT01-HP-XL,combo,3,0
FM-AKGL01-TR-S-FM-QDZT01-HP-L,combo,5,0
FM-AKGL01-TR-S-FM-QDZT01-HP-M,combo,3,0
FM-AKGL01-TR-S-FM-QDZT01-HP-S,combo,1,0
FM-AKGL01-DE-XL-FM-QDZT01-DE-XL,combo,84,0
FM-AKGL01-DE-XL-FM-QDZT01-DE-L,combo,84,0
FM-AKGL01-DE-XL-FM-QDZT01-DE-M,combo,84,0
FM-AKGL01-DE-XL-FM-QDZT01-DE-S,combo,84,0
FM-AKGL01-DE-L-FM-QDZT01-DE-XL,combo,164,0
FM-AKGL01-DE-L-FM-QDZT01-DE-L,combo,166,0
FM-AKGL01-DE-L-FM-QDZT01-DE-M,combo,165,0
FM-AKGL01-DE-L-FM-QDZT01-DE-S,combo,167,0
FM-AKGL01-DE-M-FM-QDZT01-DE-XL,combo,66,0
FM-AKGL01-DE-M-FM-QDZT01-DE-L,combo,68,0
FM-AKGL01-DE-M-FM-QDZT01-DE-M,combo,67,0
FM-AKGL01-DE-M-FM-QDZT01-DE-S,combo,69,0
FM-AKGL01-DE-S-FM-QDZT01-DE-XL,combo,22,0
FM-AKGL01-DE-S-FM-QDZT01-DE-L,combo,24,0
FM-AKGL01-DE-S-FM-QDZT01-DE-M,combo,23,0
FM-AKGL01-DE-S-FM-QDZT01-DE-S,combo,27,0
FM-BRZT01-RG-XL-FM-QNTG01-RG-XL,combo,38,0
FM-BRZT01-RG-XL-FM-QNTG01-RG-L,combo,38,0
FM-BRZT01-RG-XL-FM-QNTG01-RG-M,combo,25,0
FM-BRZT01-RG-XL-FM-QNTG01-RG-S,combo,38,0
FM-BRZT01-RG-L-FM-QNTG01-RG-XL,combo,44,0
FM-BRZT01-RG-L-FM-QNTG01-RG-L,combo,44,0
FM-BRZT01-RG-L-FM-QNTG01-RG-M,combo,25,0
FM-BRZT01-RG-L-FM-QNTG01-RG-S,combo,44,0
FM-BRZT01-RG-M-FM-QNTG01-RG-XL,combo,31,0
FM-BRZT01-RG-M-FM-QNTG01-RG-L,combo,31,0
FM-BRZT01-RG-M-FM-QNTG01-RG-M,combo,25,0
FM-BRZT01-RG-M-FM-QNTG01-RG-S,combo,31,0
FM-BRZT01-RG-S-FM-QNTG01-RG-XL,combo,36,0
FM-BRZT01-RG-S-FM-QNTG01-RG-L,combo,36,0
FM-BRZT01-RG-S-FM-QNTG01-RG-M,combo,25,0
FM-BRZT01-RG-S-FM-QNTG01-RG-S,combo,36,0
FM-ATBL01-DE-XL-FM-QDZT01-DE-XL,combo,0,0
FM-ATBL01-DE-XL-FM-QDZT01-DE-L,combo,0,0
FM-ATBL01-DE-XL-FM-QDZT01-DE-M,combo,0,0
FM-ATBL01-DE-XL-FM-QDZT01-DE-S,combo,0,0
FM-ATBL01-DE-L-FM-QDZT01-DE-XL,combo,42,0
FM-ATBL01-DE-L-FM-QDZT01-DE-L,combo,44,0
FM-ATBL01-DE-L-FM-QDZT01-DE-M,combo,43,0
FM-ATBL01-DE-L-FM-QDZT01-DE-S,combo,47,0
FM-ATBL01-DE-M-FM-QDZT01-DE-XL,combo,2,0
FM-ATBL01-DE-M-FM-QDZT01-DE-L,combo,4,0
FM-ATBL01-DE-M-FM-QDZT01-DE-M,combo,3,0
FM-ATBL01-DE-M-FM-QDZT01-DE-S,combo,7,0
FM-ATBL01-DE-S-FM-QDZT01-DE-XL,combo,0,0
FM-ATBL01-DE-S-FM-QDZT01-DE-L,combo,2,0
FM-ATBL01-DE-S-FM-QDZT01-DE-M,combo,1,0
FM-ATBL01-DE-S-FM-QDZT01-DE-S,combo,5,0
FM-ATSO02-TR-XL-FM-VSFM01-HP-XL,combo,31,0
FM-ATSO02-TR-XL-FM-VSFM01-HP-L,combo,31,0
FM-ATSO02-TR-XL-FM-VSFM01-HP-M,combo,31,0
FM-ATSO02-TR-XL-FM-VSFM01-HP-S,combo,27,0
FM-ATSO02-TR-L-FM-VSFM01-HP-XL,combo,24,0
FM-ATSO02-TR-L-FM-VSFM01-HP-L,combo,24,0
FM-ATSO02-TR-L-FM-VSFM01-HP-M,combo,24,0
FM-ATSO02-TR-L-FM-VSFM01-HP-S,combo,24,0
FM-ATSO02-TR-M-FM-VSFM01-HP-XL,combo,8,0
FM-ATSO02-TR-M-FM-VSFM01-HP-L,combo,8,0
FM-ATSO02-TR-M-FM-VSFM01-HP-M,combo,8,0
FM-ATSO02-TR-M-FM-VSFM01-HP-S,combo,8,0
FM-ATSO02-TR-S-FM-VSFM01-HP-XL,combo,27,0
FM-ATSO02-TR-S-FM-VSFM01-HP-L,combo,27,0
FM-ATSO02-TR-S-FM-VSFM01-HP-M,combo,27,0
FM-ATSO02-TR-S-FM-VSFM01-HP-S,combo,27,0
FM-AKGL01-HP-XL-FM-QDZT01-HP-XL,combo,3,0
FM-AKGL01-HP-XL-FM-QDZT01-HP-L,combo,6,0
FM-AKGL01-HP-XL-FM-QDZT01-HP-M,combo,4,0
FM-AKGL01-HP-XL-FM-QDZT01-HP-S,combo,1,0
FM-AKGL01-HP-L-FM-QDZT01-HP-XL,combo,3,0
FM-AKGL01-HP-L-FM-QDZT01-HP-L,combo,4,0
FM-AKGL01-HP-L-FM-QDZT01-HP-M,combo,4,0
FM-AKGL01-HP-L-FM-QDZT01-HP-S,combo,1,0
FM-AKGL01-HP-M-FM-QDZT01-HP-XL,combo,2,0
FM-AKGL01-HP-M-FM-QDZT01-HP-L,combo,4,0
FM-AKGL01-HP-M-FM-QDZT01-HP-M,combo,2,0
FM-AKGL01-HP-M-FM-QDZT01-HP-S,combo,1,0
FM-AKGL01-HP-S-FM-QDZT01-HP-XL,combo,3,0
FM-AKGL01-HP-S-FM-QDZT01-HP-L,combo,6,0
FM-AKGL01-HP-S-FM-QDZT01-HP-M,combo,4,0
FM-AKGL01-HP-S-FM-QDZT01-HP-S,combo,1,0
FM-BRGL03-DG-XL-FM-QNTG01-DG-XL,combo,0,0
FM-BRGL03-DG-XL-FM-QNTG01-DG-L,combo,0,0
FM-BRGL03-DG-XL-FM-QNTG01-DG-M,combo,0,0
FM-BRGL03-DG-XL-FM-QNTG01-DG-S,combo,0,0
FM-BRGL03-DG-L-FM-QNTG01-DG-XL,combo,0,0
FM-BRGL03-DG-L-FM-QNTG01-DG-L,combo,0,0
FM-BRGL03-DG-L-FM-QNTG01-DG-M,combo,0,0
FM-BRGL03-DG-L-FM-QNTG01-DG-S,combo,0,0
FM-BRGL03-DG-M-FM-QNTG01-DG-XL,combo,0,0
FM-BRGL03-DG-M-FM-QNTG01-DG-L,combo,0,0
FM-BRGL03-DG-M-FM-QNTG01-DG-M,combo,0,0
FM-BRGL03-DG-M-FM-QNTG01-DG-S,combo,0,0
FM-BRGL03-DG-S-FM-QNTG01-DG-XL,combo,0,0
FM-BRGL03-DG-S-FM-QNTG01-DG-L,combo,0,0
FM-BRGL03-DG-S-FM-QNTG01-DG-M,combo,0,0
FM-BRGL03-DG-S-FM-QNTG01-DG-S,combo,0,0
FM-BRGL01-TR-XL-FM-QNTG01-MG-XL,combo,0,0
FM-BRGL01-TR-XL-FM-QNTG01-MG-L,combo,0,0
FM-BRGL01-TR-XL-FM-QNTG01-MG-M,combo,0,0
FM-BRGL01-TR-XL-FM-QNTG01-MG-S,combo,15,0
FM-BRGL01-TR-L-FM-QNTG01-MG-XL,combo,0,0
FM-BRGL01-TR-L-FM-QNTG01-MG-L,combo,0,0
FM-BRGL01-TR-L-FM-QNTG01-MG-M,combo,0,0
FM-BRGL01-TR-L-FM-QNTG01-MG-S,combo,9,0
FM-BRGL01-TR-M-FM-QNTG01-MG-XL,combo,0,0
FM-BRGL01-TR-M-FM-QNTG01-MG-L,combo,0,0
FM-BRGL01-TR-M-FM-QNTG01-MG-M,combo,0,0
FM-BRGL01-TR-M-FM-QNTG01-MG-S,combo,29,0
FM-BRGL01-TR-S-FM-QNTG01-MG-XL,combo,0,0
FM-BRGL01-TR-S-FM-QNTG01-MG-L,combo,0,0
FM-BRGL01-TR-S-FM-QNTG01-MG-M,combo,0,0
FM-BRGL01-TR-S-FM-QNTG01-MG-S,combo,29,0
FM-APTN01-NB-XL-FM-VTHN01-NB-XL,combo,15,0
FM-APTN01-NB-XL-FM-VTHN01-NB-L,combo,30,0
FM-APTN01-NB-XL-FM-VTHN01-NB-M,combo,22,0
FM-APTN01-NB-XL-FM-VTHN01-NB-S,combo,47,0
FM-APTN01-NB-L-FM-VTHN01-NB-XL,combo,18,0
FM-APTN01-NB-L-FM-VTHN01-NB-L,combo,33,0
FM-APTN01-NB-L-FM-VTHN01-NB-M,combo,22,0
FM-APTN01-NB-L-FM-VTHN01-NB-S,combo,45,0
FM-APTN01-NB-M-FM-VTHN01-NB-XL,combo,14,0
FM-APTN01-NB-M-FM-VTHN01-NB-L,combo,29,0
FM-APTN01-NB-M-FM-VTHN01-NB-M,combo,21,0
FM-APTN01-NB-M-FM-VTHN01-NB-S,combo,40,0
FM-APTN01-NB-S-FM-VTHN01-NB-XL,combo,16,0
FM-APTN01-NB-S-FM-VTHN01-NB-L,combo,31,0
FM-APTN01-NB-S-FM-VTHN01-NB-M,combo,22,0
FM-APTN01-NB-S-FM-VTHN01-NB-S,combo,52,0
FM-ATGR01-BN-XL-FM-VXSP01-BN-XL,combo,0,0
FM-ATGR01-BN-XL-FM-VXSP01-BN-L,combo,0,0
FM-ATGR01-BN-XL-FM-VXSP01-BN-M,combo,0,0
FM-ATGR01-BN-XL-FM-VXSP01-BN-S,combo,0,0
FM-ATGR01-BN-L-FM-VXSP01-BN-XL,combo,7,0
FM-ATGR01-BN-L-FM-VXSP01-BN-L,combo,7,0
FM-ATGR01-BN-L-FM-VXSP01-BN-M,combo,7,0
FM-ATGR01-BN-L-FM-VXSP01-BN-S,combo,7,0
FM-ATGR01-BN-M-FM-VXSP01-BN-XL,combo,2,0
FM-ATGR01-BN-M-FM-VXSP01-BN-L,combo,2,0
FM-ATGR01-BN-M-FM-VXSP01-BN-M,combo,2,0
FM-ATGR01-BN-M-FM-VXSP01-BN-S,combo,2,0
FM-ATGR01-BN-S-FM-VXSP01-BN-XL,combo,5,0
FM-ATGR01-BN-S-FM-VXSP01-BN-L,combo,50,0
FM-ATGR01-BN-S-FM-VXSP01-BN-M,combo,50,0
FM-ATGR01-BN-S-FM-VXSP01-BN-S,combo,12,0
FM-AVBNU-XR-XL-FM-Q2NU01-TR-XL,combo,1,0
FM-AVBNU-XR-XL-FM-Q2NU01-TR-L,combo,1,0
FM-AVBNU-XR-XL-FM-Q2NU01-TR-M,combo,1,0
FM-AVBNU-XR-XL-FM-Q2NU01-TR-S,combo,1,0
FM-AVBNU-XR-L-FM-Q2NU01-TR-XL,combo,5,0
FM-AVBNU-XR-L-FM-Q2NU01-TR-L,combo,6,0
FM-AVBNU-XR-L-FM-Q2NU01-TR-M,combo,6,0
FM-AVBNU-XR-L-FM-Q2NU01-TR-S,combo,4,0
FM-AVBNU-XR-M-FM-Q2NU01-TR-XL,combo,5,0
FM-AVBNU-XR-M-FM-Q2NU01-TR-L,combo,5,0
FM-AVBNU-XR-M-FM-Q2NU01-TR-M,combo,5,0
FM-AVBNU-XR-M-FM-Q2NU01-TR-S,combo,4,0
FM-AVBNU-XR-S-FM-Q2NU01-TR-XL,combo,97,0
FM-AVBNU-XR-S-FM-Q2NU01-TR-L,combo,97,0
FM-AVBNU-XR-S-FM-Q2NU01-TR-M,combo,97,0
FM-AVBNU-XR-S-FM-Q2NU01-TR-S,combo,68,0
FM-ATSO01-XP-XL,normal,147,0
FM-ATSO01-XP-L,normal,19,0
FM-ATSO01-XP-M,normal,208,0
FM-ATSO01-XP-S,normal,129,0
FM-ATSO01-VP-XL,normal,279,0
FM-ATSO01-VP-L,normal,539,0
FM-ATSO01-VP-M,normal,514,0
FM-ATSO01-VP-S,normal,277,0
FM-ATSO01-HP-XL,normal,218,0
FM-ATSO01-HP-L,normal,381,0
FM-ATSO01-HP-M,normal,605,0
FM-ATSO01-HP-S,normal,441,0
FM-APGR01-BN-XL-FM-VXSP02-NN-XL,combo,44,0
FM-APGR01-BN-XL-FM-VXSP02-NN-L,combo,43,0
FM-APGR01-BN-XL-FM-VXSP02-NN-M,combo,0,0
FM-APGR01-BN-XL-FM-VXSP02-NN-S,combo,50,0
FM-APGR01-BN-L-FM-VXSP02-NN-XL,combo,44,0
FM-APGR01-BN-L-FM-VXSP02-NN-L,combo,43,0
FM-APGR01-BN-L-FM-VXSP02-NN-M,combo,0,0
FM-APGR01-BN-L-FM-VXSP02-NN-S,combo,77,0
FM-APGR01-BN-M-FM-VXSP02-NN-XL,combo,44,0
FM-APGR01-BN-M-FM-VXSP02-NN-L,combo,43,0
FM-APGR01-BN-M-FM-VXSP02-NN-M,combo,0,0
FM-APGR01-BN-M-FM-VXSP02-NN-S,combo,58,0
FM-APGR01-BN-S-FM-VXSP02-NN-XL,combo,44,0
FM-APGR01-BN-S-FM-VXSP02-NN-L,combo,43,0
FM-APGR01-BN-S-FM-VXSP02-NN-M,combo,0,0
FM-APGR01-BN-S-FM-VXSP02-NN-S,combo,72,0
FM-ATGR01-TR-XL-FM-VXGR01-DO-XL,combo,28,0
FM-ATGR01-TR-XL-FM-VXGR01-DO-L,combo,26,0
FM-ATGR01-TR-XL-FM-VXGR01-DO-M,combo,28,0
FM-ATGR01-TR-XL-FM-VXGR01-DO-S,combo,27,0
FM-ATGR01-TR-L-FM-VXGR01-DO-XL,combo,4,0
FM-ATGR01-TR-L-FM-VXGR01-DO-L,combo,2,0
FM-ATGR01-TR-L-FM-VXGR01-DO-M,combo,4,0
FM-ATGR01-TR-L-FM-VXGR01-DO-S,combo,3,0
FM-ATGR01-TR-M-FM-VXGR01-DO-XL,combo,2,0
FM-ATGR01-TR-M-FM-VXGR01-DO-L,combo,2,0
FM-ATGR01-TR-M-FM-VXGR01-DO-M,combo,2,0
FM-ATGR01-TR-M-FM-VXGR01-DO-S,combo,2,0
FM-ATGR01-TR-S-FM-VXGR01-DO-XL,combo,28,0
FM-ATGR01-TR-S-FM-VXGR01-DO-L,combo,28,0
FM-ATGR01-TR-S-FM-VXGR01-DO-M,combo,28,0
FM-ATGR01-TR-S-FM-VXGR01-DO-S,combo,28,0
FM-APGR01-TR-XL-FM-VTNN02-TR-XL,combo,50,0
FM-APGR01-TR-XL-FM-VTNN02-TR-L,combo,74,0
FM-APGR01-TR-XL-FM-VTNN02-TR-M,combo,17,0
FM-APGR01-TR-XL-FM-VTNN02-TR-S,combo,10,0
FM-APGR01-TR-L-FM-VTNN02-TR-XL,combo,50,0
FM-APGR01-TR-L-FM-VTNN02-TR-L,combo,90,0
FM-APGR01-TR-L-FM-VTNN02-TR-M,combo,17,0
FM-APGR01-TR-L-FM-VTNN02-TR-S,combo,10,0
FM-APGR01-TR-M-FM-VTNN02-TR-XL,combo,51,0
FM-APGR01-TR-M-FM-VTNN02-TR-L,combo,81,0
FM-APGR01-TR-M-FM-VTNN02-TR-M,combo,18,0
FM-APGR01-TR-M-FM-VTNN02-TR-S,combo,11,0
FM-APGR01-TR-S-FM-VTNN02-TR-XL,combo,52,0
FM-APGR01-TR-S-FM-VTNN02-TR-L,combo,77,0
FM-APGR01-TR-S-FM-VTNN02-TR-M,combo,19,0
FM-APGR01-TR-S-FM-VTNN02-TR-S,combo,12,0
FM-ATGR01-BN-XL-FM-VTNN02-TR-XL,combo,0,0
FM-ATGR01-BN-XL-FM-VTNN02-TR-L,combo,0,0
FM-ATGR01-BN-XL-FM-VTNN02-TR-M,combo,0,0
FM-ATGR01-BN-XL-FM-VTNN02-TR-S,combo,0,0
FM-ATGR01-BN-L-FM-VTNN02-TR-XL,combo,7,0
FM-ATGR01-BN-L-FM-VTNN02-TR-L,combo,7,0
FM-ATGR01-BN-L-FM-VTNN02-TR-M,combo,6,0
FM-ATGR01-BN-L-FM-VTNN02-TR-S,combo,6,0
FM-ATGR01-BN-M-FM-VTNN02-TR-XL,combo,2,0
FM-ATGR01-BN-M-FM-VTNN02-TR-L,combo,2,0
FM-ATGR01-BN-M-FM-VTNN02-TR-M,combo,1,0
FM-ATGR01-BN-M-FM-VTNN02-TR-S,combo,1,0
FM-ATGR01-BN-S-FM-VTNN02-TR-XL,combo,50,0
FM-ATGR01-BN-S-FM-VTNN02-TR-L,combo,50,0
FM-ATGR01-BN-S-FM-VTNN02-TR-M,combo,17,0
FM-ATGR01-BN-S-FM-VTNN02-TR-S,combo,10,0
FM-ATGR01-DO-XL-FM-VTNN02-TR-XL,combo,40,0
FM-ATGR01-DO-XL-FM-VTNN02-TR-L,combo,40,0
FM-ATGR01-DO-XL-FM-VTNN02-TR-M,combo,19,0
FM-ATGR01-DO-XL-FM-VTNN02-TR-S,combo,12,0
FM-ATGR01-DO-L-FM-VTNN02-TR-XL,combo,53,0
FM-ATGR01-DO-L-FM-VTNN02-TR-L,combo,56,0
FM-ATGR01-DO-L-FM-VTNN02-TR-M,combo,19,0
FM-ATGR01-DO-L-FM-VTNN02-TR-S,combo,12,0
FM-ATGR01-DO-M-FM-VTNN02-TR-XL,combo,51,0
FM-ATGR01-DO-M-FM-VTNN02-TR-L,combo,51,0
FM-ATGR01-DO-M-FM-VTNN02-TR-M,combo,19,0
FM-ATGR01-DO-M-FM-VTNN02-TR-S,combo,12,0
FM-ATGR01-DO-S-FM-VTNN02-TR-XL,combo,51,0
FM-ATGR01-DO-S-FM-VTNN02-TR-L,combo,74,0
FM-ATGR01-DO-S-FM-VTNN02-TR-M,combo,18,0
FM-ATGR01-DO-S-FM-VTNN02-TR-S,combo,11,0
FM-ATGR01-DO-XL-FM-VXGR01-DO-XL,combo,40,0
FM-ATGR01-DO-XL-FM-VXGR01-DO-L,combo,39,0
FM-ATGR01-DO-XL-FM-VXGR01-DO-M,combo,40,0
FM-ATGR01-DO-XL-FM-VXGR01-DO-S,combo,40,0
FM-ATGR01-DO-L-FM-VXGR01-DO-XL,combo,57,0
FM-ATGR01-DO-L-FM-VXGR01-DO-L,combo,55,0
FM-ATGR01-DO-L-FM-VXGR01-DO-M,combo,55,0
FM-ATGR01-DO-L-FM-VXGR01-DO-S,combo,56,0
FM-ATGR01-DO-M-FM-VXGR01-DO-XL,combo,53,0
FM-ATGR01-DO-M-FM-VXGR01-DO-L,combo,50,0
FM-ATGR01-DO-M-FM-VXGR01-DO-M,combo,52,0
FM-ATGR01-DO-M-FM-VXGR01-DO-S,combo,51,0
FM-ATGR01-DO-S-FM-VXGR01-DO-XL,combo,59,0
FM-ATGR01-DO-S-FM-VXGR01-DO-L,combo,72,0
FM-ATGR01-DO-S-FM-VXGR01-DO-M,combo,52,0
FM-ATGR01-DO-S-FM-VXGR01-DO-S,combo,54,0
FM-ATBL01-TR-XL-FM-QDOL01-DE-XL,combo,4,0
FM-ATBL01-TR-XL-FM-QDOL01-DE-L,combo,5,0
FM-ATBL01-TR-XL-FM-QDOL01-DE-M,combo,4,0
FM-ATBL01-TR-XL-FM-QDOL01-DE-S,combo,4,0
FM-ATBL01-TR-L-FM-QDOL01-DE-XL,combo,3,0
FM-ATBL01-TR-L-FM-QDOL01-DE-L,combo,4,0
FM-ATBL01-TR-L-FM-QDOL01-DE-M,combo,3,0
FM-ATBL01-TR-L-FM-QDOL01-DE-S,combo,3,0
FM-ATBL01-TR-M-FM-QDOL01-DE-XL,combo,1,0
FM-ATBL01-TR-M-FM-QDOL01-DE-L,combo,1,0
FM-ATBL01-TR-M-FM-QDOL01-DE-M,combo,1,0
FM-ATBL01-TR-M-FM-QDOL01-DE-S,combo,1,0
FM-ATBL01-TR-S-FM-QDOL01-DE-XL,combo,1,0
FM-ATBL01-TR-S-FM-QDOL01-DE-L,combo,1,0
FM-ATBL01-TR-S-FM-QDOL01-DE-M,combo,1,0
FM-ATBL01-TR-S-FM-QDOL01-DE-S,combo,1,0
FM-ATBL01-DE-XL-FM-QDOL01-DE-XL,combo,0,0
FM-ATBL01-DE-XL-FM-QDOL01-DE-L,combo,0,0
FM-ATBL01-DE-XL-FM-QDOL01-DE-M,combo,0,0
FM-ATBL01-DE-XL-FM-QDOL01-DE-S,combo,0,0
FM-ATBL01-DE-L-FM-QDOL01-DE-XL,combo,46,0
FM-ATBL01-DE-L-FM-QDOL01-DE-L,combo,48,0
FM-ATBL01-DE-L-FM-QDOL01-DE-M,combo,46,0
FM-ATBL01-DE-L-FM-QDOL01-DE-S,combo,46,0
FM-ATBL01-DE-M-FM-QDOL01-DE-XL,combo,6,0
FM-ATBL01-DE-M-FM-QDOL01-DE-L,combo,8,0
FM-ATBL01-DE-M-FM-QDOL01-DE-M,combo,6,0
FM-ATBL01-DE-M-FM-QDOL01-DE-S,combo,6,0
FM-ATBL01-DE-S-FM-QDOL01-DE-XL,combo,4,0
FM-ATBL01-DE-S-FM-QDOL01-DE-L,combo,5,0
FM-ATBL01-DE-S-FM-QDOL01-DE-M,combo,4,0
FM-ATBL01-DE-S-FM-QDOL01-DE-S,combo,4,0
FM-APGR01-BN-XL-FM-VXGR03-BN-XL,combo,50,0
FM-APGR01-BN-XL-FM-VXGR03-BN-L,combo,50,0
FM-APGR01-BN-XL-FM-VXGR03-BN-M,combo,50,0
FM-APGR01-BN-XL-FM-VXGR03-BN-S,combo,50,0
FM-APGR01-BN-L-FM-VXGR03-BN-XL,combo,77,0
FM-APGR01-BN-L-FM-VXGR03-BN-L,combo,77,0
FM-APGR01-BN-L-FM-VXGR03-BN-M,combo,77,0
FM-APGR01-BN-L-FM-VXGR03-BN-S,combo,77,0
FM-APGR01-BN-M-FM-VXGR03-BN-XL,combo,58,0
FM-APGR01-BN-M-FM-VXGR03-BN-L,combo,58,0
FM-APGR01-BN-M-FM-VXGR03-BN-M,combo,58,0
FM-APGR01-BN-M-FM-VXGR03-BN-S,combo,58,0
FM-APGR01-BN-S-FM-VXGR03-BN-XL,combo,75,0
FM-APGR01-BN-S-FM-VXGR03-BN-L,combo,75,0
FM-APGR01-BN-S-FM-VXGR03-BN-M,combo,75,0
FM-APGR01-BN-S-FM-VXGR03-BN-S,combo,74,0
FM-ATGR01-DO-XL-FM-VXGR03-TR-XL,combo,40,0
FM-ATGR01-DO-XL-FM-VXGR03-TR-L,combo,38,0
FM-ATGR01-DO-XL-FM-VXGR03-TR-M,combo,39,0
FM-ATGR01-DO-XL-FM-VXGR03-TR-S,combo,40,0
FM-ATGR01-DO-L-FM-VXGR03-TR-XL,combo,57,0
FM-ATGR01-DO-L-FM-VXGR03-TR-L,combo,54,0
FM-ATGR01-DO-L-FM-VXGR03-TR-M,combo,55,0
FM-ATGR01-DO-L-FM-VXGR03-TR-S,combo,56,0
FM-ATGR01-DO-M-FM-VXGR03-TR-XL,combo,53,0
FM-ATGR01-DO-M-FM-VXGR03-TR-L,combo,49,0
FM-ATGR01-DO-M-FM-VXGR03-TR-M,combo,50,0
FM-ATGR01-DO-M-FM-VXGR03-TR-S,combo,51,0
FM-ATGR01-DO-S-FM-VXGR03-TR-XL,combo,73,0
FM-ATGR01-DO-S-FM-VXGR03-TR-L,combo,74,0
FM-ATGR01-DO-S-FM-VXGR03-TR-M,combo,74,0
FM-ATGR01-DO-S-FM-VXGR03-TR-S,combo,66,0
FM-ATGR01-BN-XL-FM-VXGR03-BN-XL,combo,0,0
FM-ATGR01-BN-XL-FM-VXGR03-BN-L,combo,0,0
FM-ATGR01-BN-XL-FM-VXGR03-BN-M,combo,0,0
FM-ATGR01-BN-XL-FM-VXGR03-BN-S,combo,0,0
FM-ATGR01-BN-L-FM-VXGR03-BN-XL,combo,7,0
FM-ATGR01-BN-L-FM-VXGR03-BN-L,combo,7,0
FM-ATGR01-BN-L-FM-VXGR03-BN-M,combo,7,0
FM-ATGR01-BN-L-FM-VXGR03-BN-S,combo,6,0
FM-ATGR01-BN-M-FM-VXGR03-BN-XL,combo,2,0
FM-ATGR01-BN-M-FM-VXGR03-BN-L,combo,2,0
FM-ATGR01-BN-M-FM-VXGR03-BN-M,combo,2,0
FM-ATGR01-BN-M-FM-VXGR03-BN-S,combo,1,0
FM-ATGR01-BN-S-FM-VXGR03-BN-XL,combo,50,0
FM-ATGR01-BN-S-FM-VXGR03-BN-L,combo,50,0
FM-ATGR01-BN-S-FM-VXGR03-BN-M,combo,50,0
FM-ATGR01-BN-S-FM-VXGR03-BN-S,combo,50,0
FM-APGR01-DO-XL-FM-VXGR01-TR-XL,combo,53,0
FM-APGR01-DO-XL-FM-VXGR01-TR-L,combo,67,0
FM-APGR01-DO-XL-FM-VXGR01-TR-M,combo,52,0
FM-APGR01-DO-XL-FM-VXGR01-TR-S,combo,52,0
FM-APGR01-DO-L-FM-VXGR01-TR-XL,combo,57,0
FM-APGR01-DO-L-FM-VXGR01-TR-L,combo,70,0
FM-APGR01-DO-L-FM-VXGR01-TR-M,combo,55,0
FM-APGR01-DO-L-FM-VXGR01-TR-S,combo,53,0
FM-APGR01-DO-M-FM-VXGR01-TR-XL,combo,55,0
FM-APGR01-DO-M-FM-VXGR01-TR-L,combo,69,0
FM-APGR01-DO-M-FM-VXGR01-TR-M,combo,54,0
FM-APGR01-DO-M-FM-VXGR01-TR-S,combo,53,0
FM-APGR01-DO-S-FM-VXGR01-TR-XL,combo,57,0
FM-APGR01-DO-S-FM-VXGR01-TR-L,combo,70,0
FM-APGR01-DO-S-FM-VXGR01-TR-M,combo,55,0
FM-APGR01-DO-S-FM-VXGR01-TR-S,combo,53,0
FM-ATGR01-TR-XL-FM-VXGR02-TR-XL,combo,27,0
FM-ATGR01-TR-XL-FM-VXGR02-TR-L,combo,28,0
FM-ATGR01-TR-XL-FM-VXGR02-TR-M,combo,28,0
FM-ATGR01-TR-XL-FM-VXGR02-TR-S,combo,28,0
FM-ATGR01-TR-L-FM-VXGR02-TR-XL,combo,3,0
FM-ATGR01-TR-L-FM-VXGR02-TR-L,combo,4,0
FM-ATGR01-TR-L-FM-VXGR02-TR-M,combo,4,0
FM-ATGR01-TR-L-FM-VXGR02-TR-S,combo,4,0
FM-ATGR01-TR-M-FM-VXGR02-TR-XL,combo,2,0
FM-ATGR01-TR-M-FM-VXGR02-TR-L,combo,2,0
FM-ATGR01-TR-M-FM-VXGR02-TR-M,combo,2,0
FM-ATGR01-TR-M-FM-VXGR02-TR-S,combo,2,0
FM-ATGR01-TR-S-FM-VXGR02-TR-XL,combo,28,0
FM-ATGR01-TR-S-FM-VXGR02-TR-L,combo,28,0
FM-ATGR01-TR-S-FM-VXGR02-TR-M,combo,28,0
FM-ATGR01-TR-S-FM-VXGR02-TR-S,combo,28,0
FM-AKGL01-HP-XL-FM-QDOL01-DG-XL,combo,6,0
FM-AKGL01-HP-XL-FM-QDOL01-DG-L,combo,6,0
FM-AKGL01-HP-XL-FM-QDOL01-DG-M,combo,0,0
FM-AKGL01-HP-XL-FM-QDOL01-DG-S,combo,0,0
FM-AKGL01-HP-L-FM-QDOL01-DG-XL,combo,4,0
FM-AKGL01-HP-L-FM-QDOL01-DG-L,combo,4,0
FM-AKGL01-HP-L-FM-QDOL01-DG-M,combo,0,0
FM-AKGL01-HP-L-FM-QDOL01-DG-S,combo,0,0
FM-AKGL01-HP-M-FM-QDOL01-DG-XL,combo,2,0
FM-AKGL01-HP-M-FM-QDOL01-DG-L,combo,2,0
FM-AKGL01-HP-M-FM-QDOL01-DG-M,combo,0,0
FM-AKGL01-HP-M-FM-QDOL01-DG-S,combo,0,0
FM-AKGL01-HP-S-FM-QDOL01-DG-XL,combo,5,0
FM-AKGL01-HP-S-FM-QDOL01-DG-L,combo,5,0
FM-AKGL01-HP-S-FM-QDOL01-DG-M,combo,0,0
FM-AKGL01-HP-S-FM-QDOL01-DG-S,combo,0,0
FM-APGR01-TR-XL-FM-VXGR01-DO-XL,combo,58,0
FM-APGR01-TR-XL-FM-VXGR01-DO-L,combo,71,0
FM-APGR01-TR-XL-FM-VXGR01-DO-M,combo,51,0
FM-APGR01-TR-XL-FM-VXGR01-DO-S,combo,53,0
FM-APGR01-TR-L-FM-VXGR01-DO-XL,combo,58,0
FM-APGR01-TR-L-FM-VXGR01-DO-L,combo,71,0
FM-APGR01-TR-L-FM-VXGR01-DO-M,combo,51,0
FM-APGR01-TR-L-FM-VXGR01-DO-S,combo,53,0
FM-APGR01-TR-M-FM-VXGR01-DO-XL,combo,59,0
FM-APGR01-TR-M-FM-VXGR01-DO-L,combo,72,0
FM-APGR01-TR-M-FM-VXGR01-DO-M,combo,52,0
FM-APGR01-TR-M-FM-VXGR01-DO-S,combo,54,0
FM-APGR01-TR-S-FM-VXGR01-DO-XL,combo,60,0
FM-APGR01-TR-S-FM-VXGR01-DO-L,combo,73,0
FM-APGR01-TR-S-FM-VXGR01-DO-M,combo,53,0
FM-APGR01-TR-S-FM-VXGR01-DO-S,combo,55,0
FM-QSBL01-BN-XL,normal,136,0
FM-QSBL01-BN-L,normal,205,0
FM-QSBL01-BN-M,normal,164,0
FM-QSBL01-BN-S,normal,140,0
FM-QSBL01-TR-XL,normal,198,0
FM-QSBL01-TR-L,normal,291,0
FM-QSBL01-TR-M,normal,584,0
FM-QSBL01-TR-S,normal,291,0
FM-QSBL01-DE-XL,normal,0,0
FM-QSBL01-DE-L,normal,0,0
FM-QSBL01-DE-M,normal,0,0
FM-QSBL01-DE-S,normal,0,0
FM-QLLK01-XM-XL,normal,100,0
FM-QLLK01-XM-L,normal,0,0
FM-QLLK01-XM-M,normal,180,0
FM-QLLK01-XM-S,normal,0,0
FM-QLLK01-DA-XL,normal,100,0
FM-QLLK01-DA-L,normal,0,0
FM-QLLK01-DA-M,normal,180,0
FM-QLLK01-DA-S,normal,0,0
FM-QLLK01-TR-XL,normal,100,0
FM-QLLK01-TR-L,normal,0,0
FM-QLLK01-TR-M,normal,180,0
FM-QLLK01-TR-S,normal,0,0
FM-QLLK01-DE-XL,normal,100,0
FM-QLLK01-DE-L,normal,0,0
FM-QLLK01-DE-M,normal,180,0
FM-QLLK01-DE-S,normal,0,0
FM-QDBL01-BN-XL,normal,75,0
FM-QDBL01-BN-L,normal,60,0
FM-QDBL01-BN-M,normal,7,0
FM-QDBL01-BN-S,normal,0,0
FM-QDBL01-VP-XL,normal,62,0
FM-QDBL01-VP-L,normal,26,0
FM-QDBL01-VP-M,normal,1,0
FM-QDBL01-VP-S,normal,0,0
FM-QDBL01-XP-XL,normal,76,0
FM-QDBL01-XP-L,normal,72,0
FM-QDBL01-XP-M,normal,35,0
FM-QDBL01-XP-S,normal,0,0
FM-QDBL01-HP-XL,normal,108,0
FM-QDBL01-HP-L,normal,97,0
FM-QDBL01-HP-M,normal,14,0
FM-QDBL01-HP-S,normal,0,0
FM-QDBL01-DG-XL,normal,72,0
FM-QDBL01-DG-L,normal,50,0
FM-QDBL01-DG-M,normal,4,0
FM-QDBL01-DG-S,normal,0,0
FM-QDBL01-DE-XL,normal,43,0
FM-QDBL01-DE-L,normal,5,0
FM-QDBL01-DE-M,normal,0,0
FM-QDBL01-DE-S,normal,0,0
FM-JSBL01-BN-XL,normal,22,0
FM-JSBL01-BN-L,normal,70,0
FM-JSBL01-BN-M,normal,66,0
FM-JSBL01-BN-S,normal,40,0
FM-JSBL01-ES-XL,normal,23,0
FM-JSBL01-ES-L,normal,55,0
FM-JSBL01-ES-M,normal,43,0
FM-JSBL01-ES-S,normal,33,0
FM-JSBL01-DE-XL,normal,16,0
FM-JSBL01-DE-L,normal,67,0
FM-JSBL01-DE-M,normal,60,0
FM-JSBL01-DE-S,normal,47,0
FM-DTBL01-BN-XL,normal,36,0
FM-DTBL01-BN-L,normal,49,0
FM-DTBL01-BN-M,normal,34,0
FM-DTBL01-BN-S,normal,31,0
FM-DTBL01-DE-XL,normal,42,0
FM-DTBL01-DE-L,normal,63,0
FM-DTBL01-DE-M,normal,51,0
FM-DTBL01-DE-S,normal,46,0
FM-BRBL01-VP-XL,normal,0,0
FM-BRBL01-VP-L,normal,0,0
FM-BRBL01-VP-M,normal,0,0
FM-BRBL01-VP-S,normal,0,0
FM-BRBL01-XP-XL,normal,0,0
FM-BRBL01-XP-L,normal,0,0
FM-BRBL01-XP-M,normal,0,0
FM-BRBL01-XP-S,normal,0,0
FM-BRBL01-HP-XL,normal,0,0
FM-BRBL01-HP-L,normal,0,0
FM-BRBL01-HP-M,normal,0,0
FM-BRBL01-HP-S,normal,0,0
FM-BRBL01-TR-XL,normal,0,0
FM-BRBL01-TR-L,normal,0,0
FM-BRBL01-TR-M,normal,0,0
FM-BRBL01-TR-S,normal,0,0
FM-BRBL01-DE-XL,normal,0,0
FM-BRBL01-DE-L,normal,0,0
FM-BRBL01-DE-M,normal,0,0
FM-BRBL01-DE-S,normal,0,0
FM-ATBL02-VP-XL,normal,0,0
FM-ATBL02-VP-L,normal,53,0
FM-ATBL02-VP-M,normal,56,0
FM-ATBL02-VP-S,normal,68,0
FM-ATBL02-XP-XL,normal,0,0
FM-ATBL02-XP-L,normal,49,0
FM-ATBL02-XP-M,normal,59,0
FM-ATBL02-XP-S,normal,60,0
FM-ATBL02-HP-XL,normal,0,0
FM-ATBL02-HP-L,normal,56,0
FM-ATBL02-HP-M,normal,43,0
FM-ATBL02-HP-S,normal,60,0
FM-ATBL02-TR-XL,normal,0,0
FM-ATBL02-TR-L,normal,56,0
FM-ATBL02-TR-M,normal,44,0
FM-ATBL02-TR-S,normal,44,0
FM-ATBL02-DE-XL,normal,0,0
FM-ATBL02-DE-L,normal,12,0
FM-ATBL02-DE-M,normal,11,0
FM-ATBL02-DE-S,normal,57,0
FM-ATBL01-VP-XL,normal,-1,0
FM-ATBL01-VP-L,normal,206,0
FM-ATBL01-VP-M,normal,319,0
FM-ATBL01-VP-S,normal,228,0
FM-ATBL01-XP-XL,normal,2,0
FM-ATBL01-XP-L,normal,62,0
FM-ATBL01-XP-M,normal,13,0
FM-ATBL01-XP-S,normal,10,0
FM-ATBL01-HP-XL,normal,4,0
FM-ATBL01-HP-L,normal,5,0
FM-ATBL01-HP-M,normal,5,0
FM-ATBL01-HP-S,normal,4,0
FM-AKBL01-TR-XL,normal,0,0
FM-AKBL01-TR-L,normal,64,0
FM-AKBL01-TR-M,normal,42,0
FM-AKBL01-TR-S,normal,3,0
FM-AKBL01-DE-XL,normal,0,0
FM-AKBL01-DE-L,normal,65,0
FM-AKBL01-DE-M,normal,66,0
FM-AKBL01-DE-S,normal,29,0
FM-ATBL01-TR-S,normal,1,0
FM-ATBL01-TR-M,normal,1,0
FM-ATBL01-TR-L,normal,4,0
FM-ATBL01-TR-XL,normal,5,0
FM-ATBL01-DE-XL,normal,0,0
FM-ATBL01-DE-L,normal,48,0
FM-ATBL01-DE-M,normal,8,0
FM-ATBL01-DE-S,normal,5,0
FM-ATGR01-DO-XL-FM-VTNN02-DO-XL,combo,38,0
FM-ATGR01-DO-XL-FM-VTNN02-DO-L,combo,40,0
FM-ATGR01-DO-XL-FM-VTNN02-DO-M,combo,2,0
FM-ATGR01-DO-XL-FM-VTNN02-DO-S,combo,40,0
FM-ATGR01-DO-L-FM-VTNN02-DO-XL,combo,54,0
FM-ATGR01-DO-L-FM-VTNN02-DO-L,combo,57,0
FM-ATGR01-DO-L-FM-VTNN02-DO-M,combo,2,0
FM-ATGR01-DO-L-FM-VTNN02-DO-S,combo,57,0
FM-ATGR01-DO-M-FM-VTNN02-DO-XL,combo,49,0
FM-ATGR01-DO-M-FM-VTNN02-DO-L,combo,52,0
FM-ATGR01-DO-M-FM-VTNN02-DO-M,combo,2,0
FM-ATGR01-DO-M-FM-VTNN02-DO-S,combo,53,0
FM-ATGR01-DO-S-FM-VTNN02-DO-XL,combo,74,0
FM-ATGR01-DO-S-FM-VTNN02-DO-L,combo,57,0
FM-ATGR01-DO-S-FM-VTNN02-DO-M,combo,1,0
FM-ATGR01-DO-S-FM-VTNN02-DO-S,combo,74,0
FM-ATGR01-BN-XL-FM-VTNN02-BN-XL,combo,0,0
FM-ATGR01-BN-XL-FM-VTNN02-BN-L,combo,0,0
FM-ATGR01-BN-XL-FM-VTNN02-BN-M,combo,0,0
FM-ATGR01-BN-XL-FM-VTNN02-BN-S,combo,0,0
FM-ATGR01-BN-L-FM-VTNN02-BN-XL,combo,3,0
FM-ATGR01-BN-L-FM-VTNN02-BN-L,combo,7,0
FM-ATGR01-BN-L-FM-VTNN02-BN-M,combo,7,0
FM-ATGR01-BN-L-FM-VTNN02-BN-S,combo,7,0
FM-ATGR01-BN-M-FM-VTNN02-BN-XL,combo,2,0
FM-ATGR01-BN-M-FM-VTNN02-BN-L,combo,2,0
FM-ATGR01-BN-M-FM-VTNN02-BN-M,combo,2,0
FM-ATGR01-BN-M-FM-VTNN02-BN-S,combo,2,0
FM-ATGR01-BN-S-FM-VTNN02-BN-XL,combo,0,0
FM-ATGR01-BN-S-FM-VTNN02-BN-L,combo,50,0
FM-ATGR01-BN-S-FM-VTNN02-BN-M,combo,50,0
FM-ATGR01-BN-S-FM-VTNN02-BN-S,combo,50,0
FM-APGR01-TR-XL-FM-VTNN02-DO-XL,combo,74,0
FM-APGR01-TR-XL-FM-VTNN02-DO-L,combo,56,0
FM-APGR01-TR-XL-FM-VTNN02-DO-M,combo,0,0
FM-APGR01-TR-XL-FM-VTNN02-DO-S,combo,74,0
FM-APGR01-TR-L-FM-VTNN02-DO-XL,combo,84,0
FM-APGR01-TR-L-FM-VTNN02-DO-L,combo,56,0
FM-APGR01-TR-L-FM-VTNN02-DO-M,combo,0,0
FM-APGR01-TR-L-FM-VTNN02-DO-S,combo,90,0
FM-APGR01-TR-M-FM-VTNN02-DO-XL,combo,81,0
FM-APGR01-TR-M-FM-VTNN02-DO-L,combo,57,0
FM-APGR01-TR-M-FM-VTNN02-DO-M,combo,1,0
FM-APGR01-TR-M-FM-VTNN02-DO-S,combo,81,0
FM-APGR01-TR-S-FM-VTNN02-DO-XL,combo,76,0
FM-APGR01-TR-S-FM-VTNN02-DO-L,combo,58,0
FM-APGR01-TR-S-FM-VTNN02-DO-M,combo,2,0
FM-APGR01-TR-S-FM-VTNN02-DO-S,combo,77,0
FM-APGR01-DO-XL-FM-VTNN02-DO-XL,combo,85,0
FM-APGR01-DO-XL-FM-VTNN02-DO-L,combo,57,0
FM-APGR01-DO-XL-FM-VTNN02-DO-M,combo,1,0
FM-APGR01-DO-XL-FM-VTNN02-DO-S,combo,99,0
FM-APGR01-DO-L-FM-VTNN02-DO-XL,combo,85,0
FM-APGR01-DO-L-FM-VTNN02-DO-L,combo,60,0
FM-APGR01-DO-L-FM-VTNN02-DO-M,combo,2,0
FM-APGR01-DO-L-FM-VTNN02-DO-S,combo,103,0
FM-APGR01-DO-M-FM-VTNN02-DO-XL,combo,85,0
FM-APGR01-DO-M-FM-VTNN02-DO-L,combo,59,0
FM-APGR01-DO-M-FM-VTNN02-DO-M,combo,2,0
FM-APGR01-DO-M-FM-VTNN02-DO-S,combo,101,0
FM-APGR01-DO-S-FM-VTNN02-DO-XL,combo,85,0
FM-APGR01-DO-S-FM-VTNN02-DO-L,combo,60,0
FM-APGR01-DO-S-FM-VTNN02-DO-M,combo,2,0
FM-APGR01-DO-S-FM-VTNN02-DO-S,combo,103,0
FM-ATSO01-XR-XL-FM-VSFM01-TR-XL,combo,77,0
FM-ATSO01-XR-XL-FM-VSFM01-TR-L,combo,77,0
FM-ATSO01-XR-XL-FM-VSFM01-TR-M,combo,77,0
FM-ATSO01-XR-XL-FM-VSFM01-TR-S,combo,77,0
FM-ATSO01-XR-L-FM-VSFM01-TR-XL,combo,208,0
FM-ATSO01-XR-L-FM-VSFM01-TR-L,combo,217,0
FM-ATSO01-XR-L-FM-VSFM01-TR-M,combo,217,0
FM-ATSO01-XR-L-FM-VSFM01-TR-S,combo,206,0
FM-ATSO01-XR-M-FM-VSFM01-TR-XL,combo,207,0
FM-ATSO01-XR-M-FM-VSFM01-TR-L,combo,253,0
FM-ATSO01-XR-M-FM-VSFM01-TR-M,combo,253,0
FM-ATSO01-XR-M-FM-VSFM01-TR-S,combo,205,0
FM-ATSO01-XR-S-FM-VSFM01-TR-XL,combo,71,0
FM-ATSO01-XR-S-FM-VSFM01-TR-L,combo,71,0
FM-ATSO01-XR-S-FM-VSFM01-TR-M,combo,71,0
FM-ATSO01-XR-S-FM-VSFM01-TR-S,combo,71,0
FM-ATSO01-TR-XL-FM-VSFM01-BN-XL,combo,85,0
FM-ATSO01-TR-XL-FM-VSFM01-BN-L,combo,85,0
FM-ATSO01-TR-XL-FM-VSFM01-BN-M,combo,85,0
FM-ATSO01-TR-XL-FM-VSFM01-BN-S,combo,85,0
FM-ATSO01-TR-L-FM-VSFM01-BN-XL,combo,189,0
FM-ATSO01-TR-L-FM-VSFM01-BN-L,combo,206,0
FM-ATSO01-TR-L-FM-VSFM01-BN-M,combo,157,0
FM-ATSO01-TR-L-FM-VSFM01-BN-S,combo,179,0
FM-ATSO01-TR-M-FM-VSFM01-BN-XL,combo,189,0
FM-ATSO01-TR-M-FM-VSFM01-BN-L,combo,242,0
FM-ATSO01-TR-M-FM-VSFM01-BN-M,combo,158,0
FM-ATSO01-TR-M-FM-VSFM01-BN-S,combo,179,0
FM-ATSO01-TR-S-FM-VSFM01-BN-XL,combo,164,0
FM-ATSO01-TR-S-FM-VSFM01-BN-L,combo,164,0
FM-ATSO01-TR-S-FM-VSFM01-BN-M,combo,157,0
FM-ATSO01-TR-S-FM-VSFM01-BN-S,combo,162,0
FM-ATSO01-DE-XL-FM-QDZT01-DE-XL,combo,65,0
FM-ATSO01-DE-XL-FM-QDZT01-DE-L,combo,67,0
FM-ATSO01-DE-XL-FM-QDZT01-DE-M,combo,66,0
FM-ATSO01-DE-XL-FM-QDZT01-DE-S,combo,67,0
FM-ATSO01-DE-L-FM-QDZT01-DE-XL,combo,144,0
FM-ATSO01-DE-L-FM-QDZT01-DE-L,combo,144,0
FM-ATSO01-DE-L-FM-QDZT01-DE-M,combo,144,0
FM-ATSO01-DE-L-FM-QDZT01-DE-S,combo,144,0
FM-ATSO01-DE-M-FM-QDZT01-DE-XL,combo,157,0
FM-ATSO01-DE-M-FM-QDZT01-DE-L,combo,159,0
FM-ATSO01-DE-M-FM-QDZT01-DE-M,combo,158,0
FM-ATSO01-DE-M-FM-QDZT01-DE-S,combo,162,0
FM-ATSO01-DE-S-FM-QDZT01-DE-XL,combo,39,0
FM-ATSO01-DE-S-FM-QDZT01-DE-L,combo,39,0
FM-ATSO01-DE-S-FM-QDZT01-DE-M,combo,39,0
FM-ATSO01-DE-S-FM-QDZT01-DE-S,combo,39,0
FM-BRSO01-DE-XL-FM-QDSO01-DE-XL,combo,34,0
FM-BRSO01-DE-XL-FM-QDSO01-DE-L,combo,23,0
FM-BRSO01-DE-XL-FM-QDSO01-DE-M,combo,0,0
FM-BRSO01-DE-XL-FM-QDSO01-DE-S,combo,10,0
FM-BRSO01-DE-L-FM-QDSO01-DE-XL,combo,21,0
FM-BRSO01-DE-L-FM-QDSO01-DE-L,combo,21,0
FM-BRSO01-DE-L-FM-QDSO01-DE-M,combo,0,0
FM-BRSO01-DE-L-FM-QDSO01-DE-S,combo,10,0
FM-BRSO01-DE-M-FM-QDSO01-DE-XL,combo,0,0
FM-BRSO01-DE-M-FM-QDSO01-DE-L,combo,0,0
FM-BRSO01-DE-M-FM-QDSO01-DE-M,combo,0,0
FM-BRSO01-DE-M-FM-QDSO01-DE-S,combo,0,0
FM-BRSO01-DE-S-FM-QDSO01-DE-XL,combo,0,0
FM-BRSO01-DE-S-FM-QDSO01-DE-L,combo,0,0
FM-BRSO01-DE-S-FM-QDSO01-DE-M,combo,0,0
FM-BRSO01-DE-S-FM-QDSO01-DE-S,combo,0,0
FM-BRSO01-BN-XL-FM-QDSO01-BN-XL,combo,3,0
FM-BRSO01-BN-XL-FM-QDSO01-BN-L,combo,1,0
FM-BRSO01-BN-XL-FM-QDSO01-BN-M,combo,0,0
FM-BRSO01-BN-XL-FM-QDSO01-BN-S,combo,0,0
FM-BRSO01-BN-L-FM-QDSO01-BN-XL,combo,0,0
FM-BRSO01-BN-L-FM-QDSO01-BN-L,combo,0,0
FM-BRSO01-BN-L-FM-QDSO01-BN-M,combo,0,0
FM-BRSO01-BN-L-FM-QDSO01-BN-S,combo,0,0
FM-BRSO01-BN-M-FM-QDSO01-BN-XL,combo,-1,0
FM-BRSO01-BN-M-FM-QDSO01-BN-L,combo,-1,0
FM-BRSO01-BN-M-FM-QDSO01-BN-M,combo,-1,0
FM-BRSO01-BN-M-FM-QDSO01-BN-S,combo,-1,0
FM-BRSO01-BN-S-FM-QDSO01-BN-XL,combo,-1,0
FM-BRSO01-BN-S-FM-QDSO01-BN-L,combo,-1,0
FM-BRSO01-BN-S-FM-QDSO01-BN-M,combo,-1,0
FM-BRSO01-BN-S-FM-QDSO01-BN-S,combo,-1,0
FM-BRGL03-DE-XL-FM-QNSO01-DE-XL,combo,0,0
FM-BRGL03-DE-XL-FM-QNSO01-DE-L,combo,0,0
FM-BRGL03-DE-XL-FM-QNSO01-DE-M,combo,0,0
FM-BRGL03-DE-XL-FM-QNSO01-DE-S,combo,0,0
FM-BRGL03-DE-L-FM-QNSO01-DE-XL,combo,0,0
FM-BRGL03-DE-L-FM-QNSO01-DE-L,combo,0,0
FM-BRGL03-DE-L-FM-QNSO01-DE-M,combo,0,0
FM-BRGL03-DE-L-FM-QNSO01-DE-S,combo,0,0
FM-BRGL03-DE-M-FM-QNSO01-DE-XL,combo,0,0
FM-BRGL03-DE-M-FM-QNSO01-DE-L,combo,0,0
FM-BRGL03-DE-M-FM-QNSO01-DE-M,combo,0,0
FM-BRGL03-DE-M-FM-QNSO01-DE-S,combo,0,0
FM-BRGL03-DE-S-FM-QNSO01-DE-XL,combo,0,0
FM-BRGL03-DE-S-FM-QNSO01-DE-L,combo,0,0
FM-BRGL03-DE-S-FM-QNSO01-DE-M,combo,0,0
FM-BRGL03-DE-S-FM-QNSO01-DE-S,combo,0,0
FM-BRGL02-HP-XL-FM-QDZT01-HP-XL,combo,0,0
FM-BRGL02-HP-XL-FM-QDZT01-HP-L,combo,2,0
FM-BRGL02-HP-XL-FM-QDZT01-HP-M,combo,0,0
FM-BRGL02-HP-XL-FM-QDZT01-HP-S,combo,-1,0
FM-BRGL02-HP-L-FM-QDZT01-HP-XL,combo,-1,0
FM-BRGL02-HP-L-FM-QDZT01-HP-L,combo,-1,0
FM-BRGL02-HP-L-FM-QDZT01-HP-M,combo,-1,0
FM-BRGL02-HP-L-FM-QDZT01-HP-S,combo,-1,0
FM-BRGL02-HP-M-FM-QDZT01-HP-XL,combo,0,0
FM-BRGL02-HP-M-FM-QDZT01-HP-L,combo,0,0
FM-BRGL02-HP-M-FM-QDZT01-HP-M,combo,0,0
FM-BRGL02-HP-M-FM-QDZT01-HP-S,combo,-1,0
FM-BRGL02-HP-S-FM-QDZT01-HP-XL,combo,0,0
FM-BRGL02-HP-S-FM-QDZT01-HP-L,combo,0,0
FM-BRGL02-HP-S-FM-QDZT01-HP-M,combo,0,0
FM-BRGL02-HP-S-FM-QDZT01-HP-S,combo,-1,0
FM-AKGL01-TR-XL-FM-QDSO01-BN-XL,combo,3,0
FM-AKGL01-TR-XL-FM-QDSO01-BN-L,combo,1,0
FM-AKGL01-TR-XL-FM-QDSO01-BN-M,combo,0,0
FM-AKGL01-TR-XL-FM-QDSO01-BN-S,combo,0,0
FM-AKGL01-TR-L-FM-QDSO01-BN-XL,combo,1,0
FM-AKGL01-TR-L-FM-QDSO01-BN-L,combo,1,0
FM-AKGL01-TR-L-FM-QDSO01-BN-M,combo,0,0
FM-AKGL01-TR-L-FM-QDSO01-BN-S,combo,0,0
FM-AKGL01-TR-M-FM-QDSO01-BN-XL,combo,1,0
FM-AKGL01-TR-M-FM-QDSO01-BN-L,combo,1,0
FM-AKGL01-TR-M-FM-QDSO01-BN-M,combo,0,0
FM-AKGL01-TR-M-FM-QDSO01-BN-S,combo,0,0
FM-AKGL01-TR-S-FM-QDSO01-BN-XL,combo,3,0
FM-AKGL01-TR-S-FM-QDSO01-BN-L,combo,1,0
FM-AKGL01-TR-S-FM-QDSO01-BN-M,combo,0,0
FM-AKGL01-TR-S-FM-QDSO01-BN-S,combo,0,0
FM-ALQS01-XM-XL-02,normal,41.5,0
FM-ALQS01-XM-L-02,normal,33,0
FM-ALQS01-XM-M-02,normal,42,0
FM-ALQS01-XM-S-02,normal,48.5,0
FM-ALQS01-TR-XL-02,normal,37,0
FM-ALQS01-TR-L-02,normal,31.5,0
FM-ALQS01-TR-M-02,normal,25,0
FM-ALQS01-TR-S-02,normal,41.5,0
FM-ALQS01-DA-XL-02,normal,20,0
FM-ALQS01-DA-L-02,normal,1,0
FM-ALQS01-DA-M-02,normal,2,0
FM-ALQS01-DA-S-02,normal,0.5,0
FM-ALQS01-DE-XL-02,normal,40.5,0
FM-ALQS01-DE-L-02,normal,30,0
FM-ALQS01-DE-M-02,normal,36,0
FM-ALQS01-DE-S-02,normal,48,0
FM-ALQS01-TR-XL-FM-ALQS01-DE-XL,combo,74,0
FM-ALQS01-TR-L-FM-ALQS01-DE-L,combo,58,0
FM-ALQS01-TR-M-FM-ALQS01-DE-M,combo,50,0
FM-ALQS01-TR-S-FM-ALQS01-DE-S,combo,83,0
FM-ALQS01-TR-XL-FM-ALQS01-DA-XL,combo,40,0
FM-ALQS01-TR-L-FM-ALQS01-DA-L,combo,1,0
FM-ALQS01-TR-M-FM-ALQS01-DA-M,combo,2,0
FM-ALQS01-TR-S-FM-ALQS01-DA-S,combo,1,0
FM-ALQS01-XM-XL-FM-ALQS01-DA-XL,combo,40,0
FM-ALQS01-XM-L-FM-ALQS01-DA-L,combo,2,0
FM-ALQS01-XM-M-FM-ALQS01-DA-M,combo,1,0
FM-ALQS01-XM-S-FM-ALQS01-DA-S,combo,1,0
FM-ALQS01-DE-XL-FM-ALQS01-DA-XL,combo,40,0
FM-ALQS01-DE-L-FM-ALQS01-DA-L,combo,2,0
FM-ALQS01-DE-M-FM-ALQS01-DA-M,combo,4,0
FM-ALQS01-DE-S-FM-ALQS01-DA-S,combo,1,0
FM-BRGL03-DG-XL,normal,4,0
FM-BRGL03-DG-L,normal,0,0
FM-BRGL03-DG-M,normal,0,0
FM-BRGL03-DG-S,normal,0,0
FM-ANCD01-VP-XL,normal,42,0
FM-ANCD01-VP-L,normal,54,0
FM-ANCD01-VP-M,normal,51,0
FM-ANCD01-VP-S,normal,60,0
FM-ANCD01-XP-XL,normal,36,0
FM-ANCD01-XP-L,normal,51,0
FM-ANCD01-XP-M,normal,64,0
FM-ANCD01-XP-S,normal,51,0
FM-AKGL01-VP-XL,normal,50,0
FM-AKGL01-VP-L,normal,26,0
FM-AKGL01-VP-M,normal,10,0
FM-AKGL01-VP-S,normal,47,0
FM-AKGL01-XP-XL,normal,42,0
FM-AKGL01-XP-L,normal,65,0
FM-AKGL01-XP-M,normal,10,0
FM-AKGL01-XP-S,normal,47,0
FM-VXGR03-TR-XL,normal,77,0
FM-VXGR03-TR-L,normal,86,0
FM-VXGR03-TR-M,normal,80,0
FM-VXGR03-TR-S,normal,68,0
FM-VXGR03-BN-XL,normal,88,0
FM-VXGR03-BN-L,normal,128,0
FM-VXGR03-BN-M,normal,134,0
FM-VXGR03-BN-S,normal,85,0
FM-VXGR03-DO-XL,normal,96,0
FM-VXGR03-DO-L,normal,143,0
FM-VXGR03-DO-M,normal,140,0
FM-VXGR03-DO-S,normal,91,0
FM-VXGR02-TR-XL,normal,52,0
FM-VXGR02-TR-L,normal,63,0
FM-VXGR02-TR-M,normal,47,0
FM-VXGR02-TR-S,normal,52,0
FM-VXGR02-BN-XL,normal,51,0
FM-VXGR02-BN-L,normal,88,0
FM-VXGR02-BN-M,normal,92,0
FM-VXGR02-BN-S,normal,77,0
FM-VXGR02-DO-XL,normal,85,0
FM-VXGR02-DO-L,normal,123,0
FM-VXGR02-DO-M,normal,126,0
FM-VXGR02-DO-S,normal,94,0
FM-VXGR01-TR-XL,normal,57,0
FM-VXGR01-TR-L,normal,70,0
FM-VXGR01-TR-M,normal,55,0
FM-VXGR01-TR-S,normal,53,0
FM-VXGR01-BN-XL,normal,68,0
FM-VXGR01-BN-L,normal,67,0
FM-VXGR01-BN-M,normal,78,0
FM-VXGR01-BN-S,normal,59,0
FM-APGR01-BN-XL,normal,50,0
FM-APGR01-BN-L,normal,77,0
FM-APGR01-BN-M,normal,58,0
FM-APGR01-BN-S,normal,75,0
FM-APGR01-DO-XL,normal,106,0
FM-APGR01-DO-L,normal,175,0
FM-APGR01-DO-M,normal,173,0
FM-APGR01-DO-S,normal,112,0
FM-ANCD01-XN-L,normal,37,0
FM-ANCD01-XN-M,normal,22,0
FM-ANCD01-XN-S,normal,6,0
FM-ANCD01-XN-XL,normal,44,0
FM-QNGL01-ES-L,normal,0,0
FM-QNGL01-ES-M,normal,0,0
FM-QNGL01-ES-S,normal,-1,0
FM-QNGL01-ES-XL,normal,3,0
FM-QNGL01-XX-XL,normal,42,0
FM-QNGL01-XX-L,normal,39,0
FM-QNGL01-XX-M,normal,33,0
FM-QNGL01-XX-S,normal,22,0
FM-AKHZC-ES-2XL,normal,0,0
FM-AKHZC-ES-XL,normal,0,0
FM-AKHZC-ES-L,normal,5,0
FM-AKHZC-ES-M,normal,12,0
FM-AKHZC-ES-S,normal,34,0
FM-QDZT01-HP-2XL,normal,0,0
FM-QNGL01-HP-2XL,normal,50,0
FM-QDZT01-HP-XL,normal,3,0
FM-QDZT01-HP-L,normal,6,0
FM-QDZT01-HP-M,normal,4,0
FM-QDZT01-HP-S,normal,1,0
FM-BRSO02-BN-XL,normal,0,0
FM-BRSO02-BN-L,normal,80,0
FM-BRSO02-BN-M,normal,94,0
FM-BRSO02-BN-S,normal,94,0
#FM-BNLL01,normal,45,0
FM-QN2L03-BN-2XL,normal,40,0
FM-QN2L03-BN-XL,normal,60,0
FM-QN2L03-BN-L,normal,60,0
FM-QN2L03-BN-M,normal,40,0
FM-QN2L03-BN-S,normal,0,0
FM-BRTT01-DG-XL-FM-QDTT01-DG-XL,combo,0,0
FM-BRTT01-DG-XL-FM-QDTT01-DG-L,combo,0,0
FM-BRTT01-DG-XL-FM-QDTT01-DG-M,combo,0,0
FM-BRTT01-DG-XL-FM-QDTT01-DG-S,combo,0,0
FM-BRTT01-DG-L-FM-QDTT01-DG-XL,combo,81,0
FM-BRTT01-DG-L-FM-QDTT01-DG-L,combo,23,0
FM-BRTT01-DG-L-FM-QDTT01-DG-M,combo,0,0
FM-BRTT01-DG-L-FM-QDTT01-DG-S,combo,13,0
FM-BRTT01-DG-M-FM-QDTT01-DG-XL,combo,81,0
FM-BRTT01-DG-M-FM-QDTT01-DG-L,combo,23,0
FM-BRTT01-DG-M-FM-QDTT01-DG-M,combo,0,0
FM-BRTT01-DG-M-FM-QDTT01-DG-S,combo,13,0
FM-BRTT01-DG-S-FM-QDTT01-DG-XL,combo,0,0
FM-BRTT01-DG-S-FM-QDTT01-DG-L,combo,0,0
FM-BRTT01-DG-S-FM-QDTT01-DG-M,combo,0,0
FM-BRTT01-DG-S-FM-QDTT01-DG-S,combo,0,0
FM-BRTT01-RG-XL-FM-QDOL01-RG-XL,combo,9,0
FM-BRTT01-RG-XL-FM-QDOL01-RG-L,combo,9,0
FM-BRTT01-RG-XL-FM-QDOL01-RG-M,combo,9,0
FM-BRTT01-RG-XL-FM-QDOL01-RG-S,combo,0,0
FM-BRTT01-RG-L-FM-QDOL01-RG-XL,combo,0,0
FM-BRTT01-RG-L-FM-QDOL01-RG-L,combo,0,0
FM-BRTT01-RG-L-FM-QDOL01-RG-M,combo,0,0
FM-BRTT01-RG-L-FM-QDOL01-RG-S,combo,0,0
FM-BRTT01-RG-M-FM-QDOL01-RG-XL,combo,0,0
FM-BRTT01-RG-M-FM-QDOL01-RG-L,combo,0,0
FM-BRTT01-RG-M-FM-QDOL01-RG-M,combo,0,0
FM-BRTT01-RG-M-FM-QDOL01-RG-S,combo,0,0
FM-BRTT01-RG-S-FM-QDOL01-RG-XL,combo,0,0
FM-BRTT01-RG-S-FM-QDOL01-RG-L,combo,0,0
FM-BRTT01-RG-S-FM-QDOL01-RG-M,combo,0,0
FM-BRTT01-RG-S-FM-QDOL01-RG-S,combo,0,0
FM-BRSB01-BN-XL-FM-QDPK01-BN-XL,combo,0,0
FM-BRSB01-BN-XL-FM-QDPK01-BN-L,combo,1,0
FM-BRSB01-BN-XL-FM-QDPK01-BN-M,combo,0,0
FM-BRSB01-BN-XL-FM-QDPK01-BN-S,combo,0,0
FM-BRSB01-BN-L-FM-QDPK01-BN-XL,combo,0,0
FM-BRSB01-BN-L-FM-QDPK01-BN-L,combo,1,0
FM-BRSB01-BN-L-FM-QDPK01-BN-M,combo,0,0
FM-BRSB01-BN-L-FM-QDPK01-BN-S,combo,0,0
FM-BRSB01-BN-M-FM-QDPK01-BN-XL,combo,0,0
FM-BRSB01-BN-M-FM-QDPK01-BN-L,combo,1,0
FM-BRSB01-BN-M-FM-QDPK01-BN-M,combo,0,0
FM-BRSB01-BN-M-FM-QDPK01-BN-S,combo,0,0
FM-BRSB01-BN-S-FM-QDPK01-BN-XL,combo,0,0
FM-BRSB01-BN-S-FM-QDPK01-BN-L,combo,1,0
FM-BRSB01-BN-S-FM-QDPK01-BN-M,combo,0,0
FM-BRSB01-BN-S-FM-QDPK01-BN-S,combo,0,0
FM-BRGL02-DE-XL-FM-QLTG01-DE-XL,combo,23,0
FM-BRGL02-DE-XL-FM-QLTG01-DE-L,combo,25,0
FM-BRGL02-DE-XL-FM-QLTG01-DE-M,combo,27,0
FM-BRGL02-DE-XL-FM-QLTG01-DE-S,combo,27,0
FM-BRGL02-DE-L-FM-QLTG01-DE-XL,combo,10,0
FM-BRGL02-DE-L-FM-QLTG01-DE-L,combo,12,0
FM-BRGL02-DE-L-FM-QLTG01-DE-M,combo,14,0
FM-BRGL02-DE-L-FM-QLTG01-DE-S,combo,14,0
FM-BRGL02-DE-M-FM-QLTG01-DE-XL,combo,0,0
FM-BRGL02-DE-M-FM-QLTG01-DE-L,combo,0,0
FM-BRGL02-DE-M-FM-QLTG01-DE-M,combo,0,0
FM-BRGL02-DE-M-FM-QLTG01-DE-S,combo,0,0
FM-BRGL02-DE-S-FM-QLTG01-DE-XL,combo,0,0
FM-BRGL02-DE-S-FM-QLTG01-DE-L,combo,0,0
FM-BRGL02-DE-S-FM-QLTG01-DE-M,combo,0,0
FM-BRGL02-DE-S-FM-QLTG01-DE-S,combo,0,0
FM-ATXL01-XR-XL-FM-QLTG01-MG-XL,combo,0,0
FM-ATXL01-XR-XL-FM-QLTG01-MG-L,combo,0,0
FM-ATXL01-XR-XL-FM-QLTG01-MG-M,combo,86,0
FM-ATXL01-XR-XL-FM-QLTG01-MG-S,combo,127,0
FM-ATXL01-XR-L-FM-QLTG01-MG-XL,combo,0,0
FM-ATXL01-XR-L-FM-QLTG01-MG-L,combo,0,0
FM-ATXL01-XR-L-FM-QLTG01-MG-M,combo,86,0
FM-ATXL01-XR-L-FM-QLTG01-MG-S,combo,109,0
FM-ATXL01-XR-M-FM-QLTG01-MG-XL,combo,0,0
FM-ATXL01-XR-M-FM-QLTG01-MG-L,combo,0,0
FM-ATXL01-XR-M-FM-QLTG01-MG-M,combo,57,0
FM-ATXL01-XR-M-FM-QLTG01-MG-S,combo,57,0
FM-ATXL01-XR-S-FM-QLTG01-MG-XL,combo,0,0
FM-ATXL01-XR-S-FM-QLTG01-MG-L,combo,0,0
FM-ATXL01-XR-S-FM-QLTG01-MG-M,combo,86,0
FM-ATXL01-XR-S-FM-QLTG01-MG-S,combo,127,0
FM-ATSM01-TR-XL-FM-QDZT01-MG-XL,combo,0,0
FM-ATSM01-TR-XL-FM-QDZT01-MG-L,combo,8,0
FM-ATSM01-TR-XL-FM-QDZT01-MG-M,combo,0,0
FM-ATSM01-TR-XL-FM-QDZT01-MG-S,combo,21,0
FM-ATSM01-TR-L-FM-QDZT01-MG-XL,combo,0,0
FM-ATSM01-TR-L-FM-QDZT01-MG-L,combo,8,0
FM-ATSM01-TR-L-FM-QDZT01-MG-M,combo,0,0
FM-ATSM01-TR-L-FM-QDZT01-MG-S,combo,21,0
FM-ATSM01-TR-M-FM-QDZT01-MG-XL,combo,0,0
FM-ATSM01-TR-M-FM-QDZT01-MG-L,combo,8,0
FM-ATSM01-TR-M-FM-QDZT01-MG-M,combo,0,0
FM-ATSM01-TR-M-FM-QDZT01-MG-S,combo,21,0
FM-ATSM01-TR-S-FM-QDZT01-MG-XL,combo,0,0
FM-ATSM01-TR-S-FM-QDZT01-MG-L,combo,8,0
FM-ATSM01-TR-S-FM-QDZT01-MG-M,combo,0,0
FM-ATSM01-TR-S-FM-QDZT01-MG-S,combo,21,0
FM-APLT02-TR-XL-FM-VSFM01-TR-XL,combo,97,0
FM-APLT02-TR-XL-FM-VSFM01-TR-L,combo,97,0
FM-APLT02-TR-XL-FM-VSFM01-TR-M,combo,97,0
FM-APLT02-TR-XL-FM-VSFM01-TR-S,combo,97,0
FM-APLT02-TR-L-FM-VSFM01-TR-XL,combo,143,0
FM-APLT02-TR-L-FM-VSFM01-TR-L,combo,143,0
FM-APLT02-TR-L-FM-VSFM01-TR-M,combo,143,0
FM-APLT02-TR-L-FM-VSFM01-TR-S,combo,143,0
FM-APLT02-TR-M-FM-VSFM01-TR-XL,combo,117,0
FM-APLT02-TR-M-FM-VSFM01-TR-L,combo,117,0
FM-APLT02-TR-M-FM-VSFM01-TR-M,combo,117,0
FM-APLT02-TR-M-FM-VSFM01-TR-S,combo,117,0
FM-APLT02-TR-S-FM-VSFM01-TR-XL,combo,44,0
FM-APLT02-TR-S-FM-VSFM01-TR-L,combo,44,0
FM-APLT02-TR-S-FM-VSFM01-TR-M,combo,44,0
FM-APLT02-TR-S-FM-VSFM01-TR-S,combo,44,0
FM-AKGL01-TR-XL-FM-QNGL01-DG-XL,combo,0,0
FM-AKGL01-TR-XL-FM-QNGL01-DG-L,combo,0,0
FM-AKGL01-TR-XL-FM-QNGL01-DG-M,combo,0,0
FM-AKGL01-TR-XL-FM-QNGL01-DG-S,combo,0,0
FM-AKGL01-TR-L-FM-QNGL01-DG-XL,combo,0,0
FM-AKGL01-TR-L-FM-QNGL01-DG-L,combo,0,0
FM-AKGL01-TR-L-FM-QNGL01-DG-M,combo,0,0
FM-AKGL01-TR-L-FM-QNGL01-DG-S,combo,0,0
FM-AKGL01-TR-M-FM-QNGL01-DG-XL,combo,0,0
FM-AKGL01-TR-M-FM-QNGL01-DG-L,combo,0,0
FM-AKGL01-TR-M-FM-QNGL01-DG-M,combo,0,0
FM-AKGL01-TR-M-FM-QNGL01-DG-S,combo,0,0
FM-AKGL01-TR-S-FM-QNGL01-DG-XL,combo,0,0
FM-AKGL01-TR-S-FM-QNGL01-DG-L,combo,0,0
FM-AKGL01-TR-S-FM-QNGL01-DG-M,combo,0,0
FM-AKGL01-TR-S-FM-QNGL01-DG-S,combo,0,0
FM-AKGL01-SM-XL,normal,0,0
FM-AKGL01-SM-L,normal,0,0
FM-AKGL01-SM-M,normal,0,0
FM-AKGL01-SM-S,normal,0,0
FM-BNLL01,normal,0,0
FM-BRSB01-RG-XL-FM-QNTG01-RG-XL,combo,8,0
FM-BRSB01-RG-XL-FM-QNTG01-RG-L,combo,8,0
FM-BRSB01-RG-XL-FM-QNTG01-RG-M,combo,8,0
FM-BRSB01-RG-XL-FM-QNTG01-RG-S,combo,8,0
FM-BRSB01-RG-L-FM-QNTG01-RG-XL,combo,0,0
FM-BRSB01-RG-L-FM-QNTG01-RG-L,combo,0,0
FM-BRSB01-RG-L-FM-QNTG01-RG-M,combo,0,0
FM-BRSB01-RG-L-FM-QNTG01-RG-S,combo,0,0
FM-BRSB01-RG-M-FM-QNTG01-RG-XL,combo,0,0
FM-BRSB01-RG-M-FM-QNTG01-RG-L,combo,0,0
FM-BRSB01-RG-M-FM-QNTG01-RG-M,combo,0,0
FM-BRSB01-RG-M-FM-QNTG01-RG-S,combo,0,0
FM-BRSB01-RG-S-FM-QNTG01-RG-XL,combo,4,0
FM-BRSB01-RG-S-FM-QNTG01-RG-L,combo,4,0
FM-BRSB01-RG-S-FM-QNTG01-RG-M,combo,4,0
FM-BRSB01-RG-S-FM-QNTG01-RG-S,combo,4,0
FM-BRGL03-TR-XL-FM-VXGL01-BN-XL,combo,37,0
FM-BRGL03-TR-XL-FM-VXGL01-BN-L,combo,61,0
FM-BRGL03-TR-XL-FM-VXGL01-BN-M,combo,49,0
FM-BRGL03-TR-XL-FM-VXGL01-BN-S,combo,21,0
FM-BRGL03-TR-L-FM-VXGL01-BN-XL,combo,37,0
FM-BRGL03-TR-L-FM-VXGL01-BN-L,combo,60,0
FM-BRGL03-TR-L-FM-VXGL01-BN-M,combo,49,0
FM-BRGL03-TR-L-FM-VXGL01-BN-S,combo,21,0
FM-BRGL03-TR-M-FM-VXGL01-BN-XL,combo,35,0
FM-BRGL03-TR-M-FM-VXGL01-BN-L,combo,35,0
FM-BRGL03-TR-M-FM-VXGL01-BN-M,combo,34,0
FM-BRGL03-TR-M-FM-VXGL01-BN-S,combo,21,0
FM-BRGL03-TR-S-FM-VXGL01-BN-XL,combo,37,0
FM-BRGL03-TR-S-FM-VXGL01-BN-L,combo,59,0
FM-BRGL03-TR-S-FM-VXGL01-BN-M,combo,49,0
FM-BRGL03-TR-S-FM-VXGL01-BN-S,combo,21,0
FM-BRGL02-HP-XL-FM-VXGL01-TR-XL,combo,16,0
FM-BRGL02-HP-XL-FM-VXGL01-TR-L,combo,16,0
FM-BRGL02-HP-XL-FM-VXGL01-TR-M,combo,16,0
FM-BRGL02-HP-XL-FM-VXGL01-TR-S,combo,16,0
FM-BRGL02-HP-L-FM-VXGL01-TR-XL,combo,-1,0
FM-BRGL02-HP-L-FM-VXGL01-TR-L,combo,-1,0
FM-BRGL02-HP-L-FM-VXGL01-TR-M,combo,-1,0
FM-BRGL02-HP-L-FM-VXGL01-TR-S,combo,-1,0
FM-BRGL02-HP-M-FM-VXGL01-TR-XL,combo,0,0
FM-BRGL02-HP-M-FM-VXGL01-TR-L,combo,0,0
FM-BRGL02-HP-M-FM-VXGL01-TR-M,combo,0,0
FM-BRGL02-HP-M-FM-VXGL01-TR-S,combo,0,0
FM-BRGL02-HP-S-FM-VXGL01-TR-XL,combo,0,0
FM-BRGL02-HP-S-FM-VXGL01-TR-L,combo,0,0
FM-BRGL02-HP-S-FM-VXGL01-TR-M,combo,0,0
FM-BRGL02-HP-S-FM-VXGL01-TR-S,combo,0,0
FM-BRGL02-DG-XL-FM-QDOL01-DG-XL,combo,3,0
FM-BRGL02-DG-XL-FM-QDOL01-DG-L,combo,3,0
FM-BRGL02-DG-XL-FM-QDOL01-DG-M,combo,0,0
FM-BRGL02-DG-XL-FM-QDOL01-DG-S,combo,0,0
FM-BRGL02-DG-L-FM-QDOL01-DG-XL,combo,6,0
FM-BRGL02-DG-L-FM-QDOL01-DG-L,combo,6,0
FM-BRGL02-DG-L-FM-QDOL01-DG-M,combo,0,0
FM-BRGL02-DG-L-FM-QDOL01-DG-S,combo,0,0
FM-BRGL02-DG-M-FM-QDOL01-DG-XL,combo,0,0
FM-BRGL02-DG-M-FM-QDOL01-DG-L,combo,0,0
FM-BRGL02-DG-M-FM-QDOL01-DG-M,combo,0,0
FM-BRGL02-DG-M-FM-QDOL01-DG-S,combo,0,0
FM-BRGL02-DG-S-FM-QDOL01-DG-XL,combo,0,0
FM-BRGL02-DG-S-FM-QDOL01-DG-L,combo,0,0
FM-BRGL02-DG-S-FM-QDOL01-DG-M,combo,0,0
FM-BRGL02-DG-S-FM-QDOL01-DG-S,combo,0,0
FM-ATGL01-DE-XL-FM-VXGL01-DE-XL,combo,0,0
FM-ATGL01-DE-XL-FM-VXGL01-DE-L,combo,0,0
FM-ATGL01-DE-XL-FM-VXGL01-DE-M,combo,0,0
FM-ATGL01-DE-XL-FM-VXGL01-DE-S,combo,0,0
FM-ATGL01-DE-L-FM-VXGL01-DE-XL,combo,0,0
FM-ATGL01-DE-L-FM-VXGL01-DE-L,combo,0,0
FM-ATGL01-DE-L-FM-VXGL01-DE-M,combo,0,0
FM-ATGL01-DE-L-FM-VXGL01-DE-S,combo,0,0
FM-ATGL01-DE-M-FM-VXGL01-DE-XL,combo,0,0
FM-ATGL01-DE-M-FM-VXGL01-DE-L,combo,0,0
FM-ATGL01-DE-M-FM-VXGL01-DE-M,combo,0,0
FM-ATGL01-DE-M-FM-VXGL01-DE-S,combo,0,0
FM-ATGL01-DE-S-FM-VXGL01-DE-XL,combo,0,0
FM-ATGL01-DE-S-FM-VXGL01-DE-L,combo,0,0
FM-ATGL01-DE-S-FM-VXGL01-DE-M,combo,0,0
FM-ATGL01-DE-S-FM-VXGL01-DE-S,combo,0,0
FM-APLT02-DE-XL-FM-VSFM01-DE-XL,combo,69,0
FM-APLT02-DE-XL-FM-VSFM01-DE-L,combo,69,0
FM-APLT02-DE-XL-FM-VSFM01-DE-M,combo,69,0
FM-APLT02-DE-XL-FM-VSFM01-DE-S,combo,69,0
FM-APLT02-DE-L-FM-VSFM01-DE-XL,combo,57,0
FM-APLT02-DE-L-FM-VSFM01-DE-L,combo,57,0
FM-APLT02-DE-L-FM-VSFM01-DE-M,combo,57,0
FM-APLT02-DE-L-FM-VSFM01-DE-S,combo,57,0
FM-APLT02-DE-M-FM-VSFM01-DE-XL,combo,109,0
FM-APLT02-DE-M-FM-VSFM01-DE-L,combo,109,0
FM-APLT02-DE-M-FM-VSFM01-DE-M,combo,109,0
FM-APLT02-DE-M-FM-VSFM01-DE-S,combo,109,0
FM-APLT02-DE-S-FM-VSFM01-DE-XL,combo,123,0
FM-APLT02-DE-S-FM-VSFM01-DE-L,combo,123,0
FM-APLT02-DE-S-FM-VSFM01-DE-M,combo,123,0
FM-APLT02-DE-S-FM-VSFM01-DE-S,combo,123,0
FM-AKTN01-BN-XL-FM-VTNN02-TR-XL,combo,8,0
FM-AKTN01-BN-XL-FM-VTNN02-TR-L,combo,8,0
FM-AKTN01-BN-XL-FM-VTNN02-TR-M,combo,8,0
FM-AKTN01-BN-XL-FM-VTNN02-TR-S,combo,8,0
FM-AKTN01-BN-L-FM-VTNN02-TR-XL,combo,50,0
FM-AKTN01-BN-L-FM-VTNN02-TR-L,combo,71,0
FM-AKTN01-BN-L-FM-VTNN02-TR-M,combo,17,0
FM-AKTN01-BN-L-FM-VTNN02-TR-S,combo,10,0
FM-AKTN01-BN-M-FM-VTNN02-TR-XL,combo,50,0
FM-AKTN01-BN-M-FM-VTNN02-TR-L,combo,60,0
FM-AKTN01-BN-M-FM-VTNN02-TR-M,combo,17,0
FM-AKTN01-BN-M-FM-VTNN02-TR-S,combo,10,0
FM-AKTN01-BN-S-FM-VTNN02-TR-XL,combo,50,0
FM-AKTN01-BN-S-FM-VTNN02-TR-L,combo,62,0
FM-AKTN01-BN-S-FM-VTNN02-TR-M,combo,17,0
FM-AKTN01-BN-S-FM-VTNN02-TR-S,combo,10,0
FM-BRGL03-TR-XL-FM-QDOL01-BN-XL,combo,95,0
FM-BRGL03-TR-XL-FM-QDOL01-BN-L,combo,162,0
FM-BRGL03-TR-XL-FM-QDOL01-BN-M,combo,159,0
FM-BRGL03-TR-XL-FM-QDOL01-BN-S,combo,20,0
FM-BRGL03-TR-L-FM-QDOL01-BN-XL,combo,95,0
FM-BRGL03-TR-L-FM-QDOL01-BN-L,combo,168,0
FM-BRGL03-TR-L-FM-QDOL01-BN-M,combo,166,0
FM-BRGL03-TR-L-FM-QDOL01-BN-S,combo,20,0
FM-BRGL03-TR-M-FM-QDOL01-BN-XL,combo,35,0
FM-BRGL03-TR-M-FM-QDOL01-BN-L,combo,35,0
FM-BRGL03-TR-M-FM-QDOL01-BN-M,combo,34,0
FM-BRGL03-TR-M-FM-QDOL01-BN-S,combo,20,0
FM-BRGL03-TR-S-FM-QDOL01-BN-XL,combo,90,0
FM-BRGL03-TR-S-FM-QDOL01-BN-L,combo,90,0
FM-BRGL03-TR-S-FM-QDOL01-BN-M,combo,89,0
FM-BRGL03-TR-S-FM-QDOL01-BN-S,combo,20,0
FM-ACDB01-TR-XL-FM-QDCV01-XX-XL,combo,97,0
FM-ACDB01-TR-XL-FM-QDCV01-XX-L,combo,85,0
FM-ACDB01-TR-XL-FM-QDCV01-XX-M,combo,0,0
FM-ACDB01-TR-XL-FM-QDCV01-XX-S,combo,-1,0
FM-ACDB01-TR-L-FM-QDCV01-XX-XL,combo,3,0
FM-ACDB01-TR-L-FM-QDCV01-XX-L,combo,3,0
FM-ACDB01-TR-L-FM-QDCV01-XX-M,combo,0,0
FM-ACDB01-TR-L-FM-QDCV01-XX-S,combo,-1,0
FM-ACDB01-TR-M-FM-QDCV01-XX-XL,combo,0,0
FM-ACDB01-TR-M-FM-QDCV01-XX-L,combo,0,0
FM-ACDB01-TR-M-FM-QDCV01-XX-M,combo,0,0
FM-ACDB01-TR-M-FM-QDCV01-XX-S,combo,-1,0
FM-ACDB01-TR-S-FM-QDCV01-XX-XL,combo,0,0
FM-ACDB01-TR-S-FM-QDCV01-XX-L,combo,0,0
FM-ACDB01-TR-S-FM-QDCV01-XX-M,combo,0,0
FM-ACDB01-TR-S-FM-QDCV01-XX-S,combo,-1,0
FM-AKGL01-DE-XL-FM-QDOL01-DE-XL,combo,84,0
FM-AKGL01-DE-XL-FM-QDOL01-DE-L,combo,84,0
FM-AKGL01-DE-XL-FM-QDOL01-DE-M,combo,84,0
FM-AKGL01-DE-XL-FM-QDOL01-DE-S,combo,84,0
FM-AKGL01-DE-L-FM-QDOL01-DE-XL,combo,167,0
FM-AKGL01-DE-L-FM-QDOL01-DE-L,combo,167,0
FM-AKGL01-DE-L-FM-QDOL01-DE-M,combo,167,0
FM-AKGL01-DE-L-FM-QDOL01-DE-S,combo,167,0
FM-AKGL01-DE-M-FM-QDOL01-DE-XL,combo,69,0
FM-AKGL01-DE-M-FM-QDOL01-DE-L,combo,69,0
FM-AKGL01-DE-M-FM-QDOL01-DE-M,combo,69,0
FM-AKGL01-DE-M-FM-QDOL01-DE-S,combo,69,0
FM-AKGL01-DE-S-FM-QDOL01-DE-XL,combo,26,0
FM-AKGL01-DE-S-FM-QDOL01-DE-L,combo,28,0
FM-AKGL01-DE-S-FM-QDOL01-DE-M,combo,26,0
FM-AKGL01-DE-S-FM-QDOL01-DE-S,combo,26,0
FM-BRGL04-TR-XL-FM-QDTT01-DE-XL,combo,0,0
FM-BRGL04-TR-XL-FM-QDTT01-DE-L,combo,0,0
FM-BRGL04-TR-XL-FM-QDTT01-DE-M,combo,0,0
FM-BRGL04-TR-XL-FM-QDTT01-DE-S,combo,0,0
FM-BRGL04-TR-L-FM-QDTT01-DE-XL,combo,0,0
FM-BRGL04-TR-L-FM-QDTT01-DE-L,combo,0,0
FM-BRGL04-TR-L-FM-QDTT01-DE-M,combo,0,0
FM-BRGL04-TR-L-FM-QDTT01-DE-S,combo,0,0
FM-BRGL04-TR-M-FM-QDTT01-DE-XL,combo,0,0
FM-BRGL04-TR-M-FM-QDTT01-DE-L,combo,0,0
FM-BRGL04-TR-M-FM-QDTT01-DE-M,combo,0,0
FM-BRGL04-TR-M-FM-QDTT01-DE-S,combo,0,0
FM-BRGL04-TR-S-FM-QDTT01-DE-XL,combo,0,0
FM-BRGL04-TR-S-FM-QDTT01-DE-L,combo,0,0
FM-BRGL04-TR-S-FM-QDTT01-DE-M,combo,0,0
FM-BRGL04-TR-S-FM-QDTT01-DE-S,combo,0,0
FM-BRGL04-DE-XL-FM-QDTT01-DE-XL,combo,0,0
FM-BRGL04-DE-XL-FM-QDTT01-DE-L,combo,0,0
FM-BRGL04-DE-XL-FM-QDTT01-DE-M,combo,0,0
FM-BRGL04-DE-XL-FM-QDTT01-DE-S,combo,0,0
FM-BRGL04-DE-L-FM-QDTT01-DE-XL,combo,0,0
FM-BRGL04-DE-L-FM-QDTT01-DE-L,combo,0,0
FM-BRGL04-DE-L-FM-QDTT01-DE-M,combo,0,0
FM-BRGL04-DE-L-FM-QDTT01-DE-S,combo,0,0
FM-BRGL04-DE-M-FM-QDTT01-DE-XL,combo,0,0
FM-BRGL04-DE-M-FM-QDTT01-DE-L,combo,0,0
FM-BRGL04-DE-M-FM-QDTT01-DE-M,combo,0,0
FM-BRGL04-DE-M-FM-QDTT01-DE-S,combo,0,0
FM-BRGL04-DE-S-FM-QDTT01-DE-XL,combo,0,0
FM-BRGL04-DE-S-FM-QDTT01-DE-L,combo,0,0
FM-BRGL04-DE-S-FM-QDTT01-DE-M,combo,0,0
FM-BRGL04-DE-S-FM-QDTT01-DE-S,combo,0,0
FM-BRZT01-BN-XL-FM-QNGL01-BN-XL,combo,0,0
FM-BRZT01-BN-XL-FM-QNGL01-BN-L,combo,0,0
FM-BRZT01-BN-XL-FM-QNGL01-BN-M,combo,0,0
FM-BRZT01-BN-XL-FM-QNGL01-BN-S,combo,0,0
FM-BRZT01-BN-L-FM-QNGL01-BN-XL,combo,0,0
FM-BRZT01-BN-L-FM-QNGL01-BN-L,combo,0,0
FM-BRZT01-BN-L-FM-QNGL01-BN-M,combo,0,0
FM-BRZT01-BN-L-FM-QNGL01-BN-S,combo,0,0
FM-BRZT01-BN-M-FM-QNGL01-BN-XL,combo,0,0
FM-BRZT01-BN-M-FM-QNGL01-BN-L,combo,0,0
FM-BRZT01-BN-M-FM-QNGL01-BN-M,combo,0,0
FM-BRZT01-BN-M-FM-QNGL01-BN-S,combo,0,0
FM-BRZT01-BN-S-FM-QNGL01-BN-XL,combo,0,0
FM-BRZT01-BN-S-FM-QNGL01-BN-L,combo,0,0
FM-BRZT01-BN-S-FM-QNGL01-BN-M,combo,0,0
FM-BRZT01-BN-S-FM-QNGL01-BN-S,combo,0,0
FM-BRGL01-DE-XL-FM-QNGL01-DE-XL,combo,1,0
FM-BRGL01-DE-XL-FM-QNGL01-DE-L,combo,0,0
FM-BRGL01-DE-XL-FM-QNGL01-DE-M,combo,-2,0
FM-BRGL01-DE-XL-FM-QNGL01-DE-S,combo,0,0
FM-BRGL01-DE-L-FM-QNGL01-DE-XL,combo,1,0
FM-BRGL01-DE-L-FM-QNGL01-DE-L,combo,0,0
FM-BRGL01-DE-L-FM-QNGL01-DE-M,combo,-2,0
FM-BRGL01-DE-L-FM-QNGL01-DE-S,combo,0,0
FM-BRGL01-DE-M-FM-QNGL01-DE-XL,combo,1,0
FM-BRGL01-DE-M-FM-QNGL01-DE-L,combo,0,0
FM-BRGL01-DE-M-FM-QNGL01-DE-M,combo,-2,0
FM-BRGL01-DE-M-FM-QNGL01-DE-S,combo,0,0
FM-BRGL01-DE-S-FM-QNGL01-DE-XL,combo,1,0
FM-BRGL01-DE-S-FM-QNGL01-DE-L,combo,0,0
FM-BRGL01-DE-S-FM-QNGL01-DE-M,combo,-2,0
FM-BRGL01-DE-S-FM-QNGL01-DE-S,combo,0,0
FM-BRTT01-TR-XL-FM-QSGL01-TR-XL,combo,36,0
FM-BRTT01-TR-XL-FM-QSGL01-TR-L,combo,158,0
FM-BRTT01-TR-XL-FM-QSGL01-TR-M,combo,117,0
FM-BRTT01-TR-XL-FM-QSGL01-TR-S,combo,95,0
FM-BRTT01-TR-L-FM-QSGL01-TR-XL,combo,36,0
FM-BRTT01-TR-L-FM-QSGL01-TR-L,combo,158,0
FM-BRTT01-TR-L-FM-QSGL01-TR-M,combo,117,0
FM-BRTT01-TR-L-FM-QSGL01-TR-S,combo,95,0
FM-BRTT01-TR-M-FM-QSGL01-TR-XL,combo,36,0
FM-BRTT01-TR-M-FM-QSGL01-TR-L,combo,158,0
FM-BRTT01-TR-M-FM-QSGL01-TR-M,combo,117,0
FM-BRTT01-TR-M-FM-QSGL01-TR-S,combo,95,0
FM-BRTT01-TR-S-FM-QSGL01-TR-XL,combo,36,0
FM-BRTT01-TR-S-FM-QSGL01-TR-L,combo,158,0
FM-BRTT01-TR-S-FM-QSGL01-TR-M,combo,117,0
FM-BRTT01-TR-S-FM-QSGL01-TR-S,combo,95,0
FM-ATGL01-TR-XL-FM-QSGL01-DE-XL,combo,0,0
FM-ATGL01-TR-XL-FM-QSGL01-DE-L,combo,0,0
FM-ATGL01-TR-XL-FM-QSGL01-DE-M,combo,0,0
FM-ATGL01-TR-XL-FM-QSGL01-DE-S,combo,27,0
FM-ATGL01-TR-L-FM-QSGL01-DE-XL,combo,0,0
FM-ATGL01-TR-L-FM-QSGL01-DE-L,combo,0,0
FM-ATGL01-TR-L-FM-QSGL01-DE-M,combo,0,0
FM-ATGL01-TR-L-FM-QSGL01-DE-S,combo,24,0
FM-ATGL01-TR-M-FM-QSGL01-DE-XL,combo,0,0
FM-ATGL01-TR-M-FM-QSGL01-DE-L,combo,0,0
FM-ATGL01-TR-M-FM-QSGL01-DE-M,combo,0,0
FM-ATGL01-TR-M-FM-QSGL01-DE-S,combo,0,0
FM-ATGL01-TR-S-FM-QSGL01-DE-XL,combo,0,0
FM-ATGL01-TR-S-FM-QSGL01-DE-L,combo,0,0
FM-ATGL01-TR-S-FM-QSGL01-DE-M,combo,0,0
FM-ATGL01-TR-S-FM-QSGL01-DE-S,combo,5,0
FM-ATGL01-HP-XL-FM-QSGL01-TR-XL,combo,22,0
FM-ATGL01-HP-XL-FM-QSGL01-TR-L,combo,22,0
FM-ATGL01-HP-XL-FM-QSGL01-TR-M,combo,22,0
FM-ATGL01-HP-XL-FM-QSGL01-TR-S,combo,22,0
FM-ATGL01-HP-L-FM-QSGL01-TR-XL,combo,-1,0
FM-ATGL01-HP-L-FM-QSGL01-TR-L,combo,-1,0
FM-ATGL01-HP-L-FM-QSGL01-TR-M,combo,-1,0
FM-ATGL01-HP-L-FM-QSGL01-TR-S,combo,-1,0
FM-ATGL01-HP-M-FM-QSGL01-TR-XL,combo,0,0
FM-ATGL01-HP-M-FM-QSGL01-TR-L,combo,0,0
FM-ATGL01-HP-M-FM-QSGL01-TR-M,combo,0,0
FM-ATGL01-HP-M-FM-QSGL01-TR-S,combo,0,0
FM-ATGL01-HP-S-FM-QSGL01-TR-XL,combo,3,0
FM-ATGL01-HP-S-FM-QSGL01-TR-L,combo,3,0
FM-ATGL01-HP-S-FM-QSGL01-TR-M,combo,3,0
FM-ATGL01-HP-S-FM-QSGL01-TR-S,combo,3,0
FM-BRGL01-TR-XL-FM-QNTG01-DG-XL,combo,15,0
FM-BRGL01-TR-XL-FM-QNTG01-DG-L,combo,15,0
FM-BRGL01-TR-XL-FM-QNTG01-DG-M,combo,0,0
FM-BRGL01-TR-XL-FM-QNTG01-DG-S,combo,5,0
FM-BRGL01-TR-L-FM-QNTG01-DG-XL,combo,9,0
FM-BRGL01-TR-L-FM-QNTG01-DG-L,combo,9,0
FM-BRGL01-TR-L-FM-QNTG01-DG-M,combo,0,0
FM-BRGL01-TR-L-FM-QNTG01-DG-S,combo,5,0
FM-BRGL01-TR-M-FM-QNTG01-DG-XL,combo,59,0
FM-BRGL01-TR-M-FM-QNTG01-DG-L,combo,17,0
FM-BRGL01-TR-M-FM-QNTG01-DG-M,combo,0,0
FM-BRGL01-TR-M-FM-QNTG01-DG-S,combo,5,0
FM-BRGL01-TR-S-FM-QNTG01-DG-XL,combo,48,0
FM-BRGL01-TR-S-FM-QNTG01-DG-L,combo,17,0
FM-BRGL01-TR-S-FM-QNTG01-DG-M,combo,0,0
FM-BRGL01-TR-S-FM-QNTG01-DG-S,combo,5,0
FM-AKCV01-TR-XL-FM-QDZT01-ES-XL,combo,0,0
FM-AKCV01-TR-XL-FM-QDZT01-ES-L,combo,1,0
FM-AKCV01-TR-XL-FM-QDZT01-ES-M,combo,0,0
FM-AKCV01-TR-XL-FM-QDZT01-ES-S,combo,0,0
FM-AKCV01-TR-L-FM-QDZT01-ES-XL,combo,0,0
FM-AKCV01-TR-L-FM-QDZT01-ES-L,combo,1,0
FM-AKCV01-TR-L-FM-QDZT01-ES-M,combo,0,0
FM-AKCV01-TR-L-FM-QDZT01-ES-S,combo,0,0
FM-AKCV01-TR-M-FM-QDZT01-ES-XL,combo,0,0
FM-AKCV01-TR-M-FM-QDZT01-ES-L,combo,1,0
FM-AKCV01-TR-M-FM-QDZT01-ES-M,combo,0,0
FM-AKCV01-TR-M-FM-QDZT01-ES-S,combo,0,0
FM-AKCV01-TR-S-FM-QDZT01-ES-XL,combo,0,0
FM-AKCV01-TR-S-FM-QDZT01-ES-L,combo,0,0
FM-AKCV01-TR-S-FM-QDZT01-ES-M,combo,0,0
FM-AKCV01-TR-S-FM-QDZT01-ES-S,combo,0,0
FM-BRGL01-TR-XL-FM-VXLN01-DE-XL,combo,15,0
FM-BRGL01-TR-XL-FM-VXLN01-DE-L,combo,15,0
FM-BRGL01-TR-XL-FM-VXLN01-DE-M,combo,15,0
FM-BRGL01-TR-XL-FM-VXLN01-DE-S,combo,15,0
FM-BRGL01-TR-L-FM-VXLN01-DE-XL,combo,9,0
FM-BRGL01-TR-L-FM-VXLN01-DE-L,combo,9,0
FM-BRGL01-TR-L-FM-VXLN01-DE-M,combo,9,0
FM-BRGL01-TR-L-FM-VXLN01-DE-S,combo,9,0
FM-BRGL01-TR-M-FM-VXLN01-DE-XL,combo,82,0
FM-BRGL01-TR-M-FM-VXLN01-DE-L,combo,82,0
FM-BRGL01-TR-M-FM-VXLN01-DE-M,combo,82,0
FM-BRGL01-TR-M-FM-VXLN01-DE-S,combo,82,0
FM-BRGL01-TR-S-FM-VXLN01-DE-XL,combo,48,0
FM-BRGL01-TR-S-FM-VXLN01-DE-L,combo,48,0
FM-BRGL01-TR-S-FM-VXLN01-DE-M,combo,48,0
FM-BRGL01-TR-S-FM-VXLN01-DE-S,combo,48,0
FM-BRGL02-DE-XL-FM-QDZT01-DE-XL,combo,23,0
FM-BRGL02-DE-XL-FM-QDZT01-DE-L,combo,25,0
FM-BRGL02-DE-XL-FM-QDZT01-DE-M,combo,24,0
FM-BRGL02-DE-XL-FM-QDZT01-DE-S,combo,28,0
FM-BRGL02-DE-L-FM-QDZT01-DE-XL,combo,10,0
FM-BRGL02-DE-L-FM-QDZT01-DE-L,combo,12,0
FM-BRGL02-DE-L-FM-QDZT01-DE-M,combo,11,0
FM-BRGL02-DE-L-FM-QDZT01-DE-S,combo,15,0
FM-BRGL02-DE-M-FM-QDZT01-DE-XL,combo,0,0
FM-BRGL02-DE-M-FM-QDZT01-DE-L,combo,0,0
FM-BRGL02-DE-M-FM-QDZT01-DE-M,combo,0,0
FM-BRGL02-DE-M-FM-QDZT01-DE-S,combo,0,0
FM-BRGL02-DE-S-FM-QDZT01-DE-XL,combo,0,0
FM-BRGL02-DE-S-FM-QDZT01-DE-L,combo,0,0
FM-BRGL02-DE-S-FM-QDZT01-DE-M,combo,0,0
FM-BRGL02-DE-S-FM-QDZT01-DE-S,combo,0,0
FM-BRGL03-BN-XL-FM-QLTG01-BN-XL,combo,0,0
FM-BRGL03-BN-XL-FM-QLTG01-BN-L,combo,0,0
FM-BRGL03-BN-XL-FM-QLTG01-BN-M,combo,0,0
FM-BRGL03-BN-XL-FM-QLTG01-BN-S,combo,0,0
FM-BRGL03-BN-L-FM-QLTG01-BN-XL,combo,0,0
FM-BRGL03-BN-L-FM-QLTG01-BN-L,combo,0,0
FM-BRGL03-BN-L-FM-QLTG01-BN-M,combo,0,0
FM-BRGL03-BN-L-FM-QLTG01-BN-S,combo,0,0
FM-BRGL03-BN-M-FM-QLTG01-BN-XL,combo,0,0
FM-BRGL03-BN-M-FM-QLTG01-BN-L,combo,0,0
FM-BRGL03-BN-M-FM-QLTG01-BN-M,combo,0,0
FM-BRGL03-BN-M-FM-QLTG01-BN-S,combo,0,0
FM-BRGL03-BN-S-FM-QLTG01-BN-XL,combo,0,0
FM-BRGL03-BN-S-FM-QLTG01-BN-L,combo,0,0
FM-BRGL03-BN-S-FM-QLTG01-BN-M,combo,0,0
FM-BRGL03-BN-S-FM-QLTG01-BN-S,combo,0,0
FM-AKGL01-HP-XL-FM-QDOL01-LG-XL,combo,57,0
FM-AKGL01-HP-XL-FM-QDOL01-LG-L,combo,1,0
FM-AKGL01-HP-XL-FM-QDOL01-LG-M,combo,0,0
FM-AKGL01-HP-XL-FM-QDOL01-LG-S,combo,1,0
FM-AKGL01-HP-L-FM-QDOL01-LG-XL,combo,4,0
FM-AKGL01-HP-L-FM-QDOL01-LG-L,combo,1,0
FM-AKGL01-HP-L-FM-QDOL01-LG-M,combo,0,0
FM-AKGL01-HP-L-FM-QDOL01-LG-S,combo,1,0
FM-AKGL01-HP-M-FM-QDOL01-LG-XL,combo,53,0
FM-AKGL01-HP-M-FM-QDOL01-LG-L,combo,1,0
FM-AKGL01-HP-M-FM-QDOL01-LG-M,combo,0,0
FM-AKGL01-HP-M-FM-QDOL01-LG-S,combo,1,0
FM-AKGL01-HP-S-FM-QDOL01-LG-XL,combo,56,0
FM-AKGL01-HP-S-FM-QDOL01-LG-L,combo,1,0
FM-AKGL01-HP-S-FM-QDOL01-LG-M,combo,0,0
FM-AKGL01-HP-S-FM-QDOL01-LG-S,combo,1,0
FM-AKGL01-TR-XL-FM-QDZT01-RG-XL,combo,13,0
FM-AKGL01-TR-XL-FM-QDZT01-RG-L,combo,11,0
FM-AKGL01-TR-XL-FM-QDZT01-RG-M,combo,0,0
FM-AKGL01-TR-XL-FM-QDZT01-RG-S,combo,0,0
FM-AKGL01-TR-L-FM-QDZT01-RG-XL,combo,13,0
FM-AKGL01-TR-L-FM-QDZT01-RG-L,combo,11,0
FM-AKGL01-TR-L-FM-QDZT01-RG-M,combo,0,0
FM-AKGL01-TR-L-FM-QDZT01-RG-S,combo,0,0
FM-AKGL01-TR-M-FM-QDZT01-RG-XL,combo,13,0
FM-AKGL01-TR-M-FM-QDZT01-RG-L,combo,11,0
FM-AKGL01-TR-M-FM-QDZT01-RG-M,combo,0,0
FM-AKGL01-TR-M-FM-QDZT01-RG-S,combo,0,0
FM-AKGL01-TR-S-FM-QDZT01-RG-XL,combo,13,0
FM-AKGL01-TR-S-FM-QDZT01-RG-L,combo,11,0
FM-AKGL01-TR-S-FM-QDZT01-RG-M,combo,0,0
FM-AKGL01-TR-S-FM-QDZT01-RG-S,combo,0,0
FM-BCTR01-BE,normal,409,0
FM-BCTR01-DO,normal,331,0
FM-QLKV01-P8-XL,normal,44,0
FM-QLKV01-P8-L,normal,60,0
FM-QLKV01-P8-M,normal,64.5,0
FM-QLKV01-P8-S,normal,75.5,0
FM-MUFM01-BN-FM-MUFM01-BE,combo,118,0
FM-MUFM01-DO-FM-MUFM01-BE,combo,207,0
FM-MUFM01-DO-FM-MUFM01-BN,combo,119,0
FM-BDTN01-BE,normal,424,0
FM-BDTN01-DO,normal,2230,0
FM-BRLT01-XN-M-FM-JGOB01-DEN-4,combo,0,0
FM-BRLT01-XN-S-FM-JGOB01-DEN-1,combo,0,0
FM-BRLT01-XN-S-FM-JGOB01-DEN-4,combo,0,0
FM-BRLT01-XN-M-FM-JGOB01-DEN-3,combo,0,0
FM-BRLT01-XN-XL-FM-JGOB01-DEN-3,combo,0,0
FM-BRLT01-XN-L-FM-JGOB01-DEN-2,combo,0,0
FM-BRLT01-XN-S-FM-JGOB01-DEN-3,combo,0,0
FM-BRLT01-XN-XL-FM-JGOB01-DEN-2,combo,0,0
FM-BRLT01-XN-S-FM-JGOB01-DEN-2,combo,0,0
FM-BRLT01-XN-M-FM-JGOB01-DEN-2,combo,0,0
FM-BRLT01-XN-XL-FM-JGOB01-DEN-4,combo,0,0
FM-BRLT01-XN-XL-FM-JGOB01-DEN-1,combo,0,0
FM-BRLT01-XN-L-FM-JGOB01-DEN-4,combo,0,0
FM-BRLT01-XN-L-FM-JGOB01-DEN-1,combo,0,0
FM-BRLT01-XN-M-FM-JGOB01-DEN-1,combo,0,0
FM-BRLT01-XN-L-FM-JGOB01-DEN-3,combo,0,0
LS-QDCV01-XX-XL,normal,277,0
LS-QDCV01-DE-S,normal,98,0
LS-QDCV01-SA-S,normal,0,0
LS-QDCV01-DG-XL,normal,209,0
LS-QDCV01-XX-S,normal,25,0
LS-QDCV01-DG-L,normal,238,0
LS-QDCV01-SA-L,normal,67,0
LS-QDCV01-DG-M,normal,53,0
LS-QDCV01-DE-M,normal,47,0
LS-QDCV01-SA-2XL,normal,113,0
LS-QDCV01-DG-S,normal,0,0
LS-QDCV01-DG-2XL,normal,137,0
LS-QDCV01-DE-2XL,normal,115,0
LS-QDCV01-DE-XL,normal,133,0
LS-QDCV01-SA-XL,normal,149,0
LS-QDCV01-DE-L,normal,95,0
LS-QDCV01-XX-2XL,normal,182,0
LS-QDCV01-XX-M,normal,15,0
LS-QDCV01-SA-M,normal,80,0
LS-QDCV01-XX-L,normal,162,0
LS-ATTS01-DE-S,normal,228,0
LS-ATTS01-DE-M,normal,143,0
LS-ATTS01-DE-L,normal,127,0
LS-ATTS01-DE-XL,normal,104,0
LS-ATTS01-TR-S,normal,44,0
LS-ATTS01-TR-M,normal,22,0
LS-ATTS01-TR-L,normal,45,0
LS-ATTS01-TR-XL,normal,90,0
LS-BRTT01-TR-L,normal,134,0
LS-BRTT01-DE-M,normal,0,0
LS-BRTT01-RG-L,normal,5,0
LS-BRTT01-DE-L,normal,47,0
LS-BRTT01-XX-M,normal,80,0
LS-BRTT01-XN-XL,normal,0,0
LS-BRTT01-DE-S,normal,65,0
LS-BRTT01-TR-XL,normal,150,0
LS-BRTT01-XN-L,normal,0,0
LS-BRTT01-DG-XL,normal,50,0
LS-BRTT01-RG-XL,normal,0,0
LS-BRTT01-XX-XL,normal,46,0
LS-BRTT01-RG-S,normal,0,0
LS-BRTT01-XN-M,normal,0,0
LS-BRTT01-XX-L,normal,100,0
LS-BRTT01-DE-XL,normal,45,0
LS-BRTT01-DG-S,normal,29,0
LS-BRTT01-TR-M,normal,41,0
LS-BRTT01-RG-M,normal,0,0
LS-BRTT01-DG-M,normal,0,0
LS-BRTT01-TR-S,normal,158,0
LS-BRTT01-XX-S,normal,89,0
LS-BRTT01-DG-L,normal,38,0
LS-BRTT01-XN-S,normal,0,0
FM-BRTT01-TR-L-FM-QDZT01-XN-XL,combo,0,0
FM-BRTT01-TR-S-FM-QDZT01-XN-L,combo,0,0
FM-BRTT01-TR-M-FM-QDZT01-XN-XL,combo,0,0
FM-BRTT01-TR-S-FM-QDZT01-XN-S,combo,0,0
FM-BRTT01-TR-L-FM-QDZT01-XN-M,combo,0,0
FM-BRTT01-TR-L-FM-QDZT01-XN-L,combo,0,0
FM-BRTT01-TR-S-FM-QDZT01-XN-XL,combo,0,0
FM-BRTT01-TR-XL-FM-QDZT01-XN-L,combo,0,0
FM-BRTT01-TR-M-FM-QDZT01-XN-M,combo,0,0
FM-BRTT01-TR-XL-FM-QDZT01-XN-S,combo,0,0
FM-BRTT01-TR-XL-FM-QDZT01-XN-M,combo,0,0
FM-BRTT01-TR-S-FM-QDZT01-XN-M,combo,0,0
FM-BRTT01-TR-M-FM-QDZT01-XN-S,combo,0,0
FM-BRTT01-TR-XL-FM-QDZT01-XN-XL,combo,0,0
FM-BRTT01-TR-M-FM-QDZT01-XN-L,combo,0,0
FM-BRTT01-TR-L-FM-QDZT01-XN-S,combo,0,0
LS-ATSP01-XR-S,normal,207,0
LS-ATSP01-XR-M,normal,167,0
LS-ATSP01-TR-XL,normal,216,0
LS-ATSP01-XN-M,normal,161,0
LS-ATSP01-XR-L,normal,206,0
LS-ATSP01-DE-XL,normal,0,0
LS-ATSP01-DE-L,normal,0,0
LS-ATSP01-DE-M,normal,0,0
LS-ATSP01-XR-XL,normal,149,0
LS-ATSP01-XN-L,normal,174,0
LS-ATSP01-TR-M,normal,133,0
LS-ATSP01-DE-S,normal,0,0
LS-ATSP01-XN-S,normal,222,0
LS-ATSP01-XN-XL,normal,142,0
LS-ATSP01-TR-S,normal,182,0
LS-ATSP01-TR-L,normal,189,0
FM-ATSM01-TR-2XL-FM-QDZT01-XN-2XL,combo,0,0
FM-ATSM01-TR-M-FM-QDZT01-XN-S,combo,0,0
FM-ATSM01-TR-S-FM-QDZT01-XN-2XL,combo,0,0
FM-ATSM01-TR-XL-FM-QDZT01-XN-M,combo,0,0
FM-ATSM01-TR-M-FM-QDZT01-XN-2XL,combo,0,0
FM-ATSM01-TR-L-FM-QDZT01-XN-L,combo,0,0
FM-ATSM01-TR-M-FM-QDZT01-XN-L,combo,0,0
FM-ATSM01-TR-XL-FM-QDZT01-XN-L,combo,0,0
FM-ATSM01-TR-2XL-FM-QDZT01-XN-L,combo,0,0
FM-ATSM01-TR-XL-FM-QDZT01-XN-S,combo,0,0
FM-ATSM01-TR-S-FM-QDZT01-XN-L,combo,0,0
FM-ATSM01-TR-L-FM-QDZT01-XN-XL,combo,0,0
FM-ATSM01-TR-2XL-FM-QDZT01-XN-S,combo,0,0
FM-ATSM01-TR-L-FM-QDZT01-XN-M,combo,0,0
FM-ATSM01-TR-L-FM-QDZT01-XN-S,combo,0,0
FM-ATSM01-TR-XL-FM-QDZT01-XN-2XL,combo,0,0
FM-ATSM01-TR-M-FM-QDZT01-XN-XL,combo,0,0
FM-ATSM01-TR-M-FM-QDZT01-XN-M,combo,0,0
FM-ATSM01-TR-2XL-FM-QDZT01-XN-XL,combo,0,0
FM-ATSM01-TR-S-FM-QDZT01-XN-S,combo,0,0
FM-ATSM01-TR-2XL-FM-QDZT01-XN-M,combo,0,0
FM-ATSM01-TR-XL-FM-QDZT01-XN-XL,combo,0,0
FM-ATSM01-TR-S-FM-QDZT01-XN-M,combo,0,0
FM-ATSM01-TR-L-FM-QDZT01-XN-2XL,combo,0,0
FM-ATSM01-TR-S-FM-QDZT01-XN-XL,combo,0,0
LS-ATNRL-SD-2XL,normal,43,0
LS-ATNRL-CD-XL,normal,147,0
LS-ATNRL-TD-XL,normal,153,0
LS-ATNRL-SD-S,normal,0,0
LS-ATNRL-DT-L,normal,0,0
LS-ATNRL-TD-2XL,normal,184,0
LS-ATNRL-DT-S,normal,0,0
LS-ATNRL-CD-S,normal,10,0
LS-ATNRL-CD-L,normal,23,0
LS-ATNRL-SD-L,normal,0,0
LS-ATNRL-CD-2XL,normal,67,0
LS-ATNRL-TD-M,normal,0,0
LS-ATNRL-CD-M,normal,0,0
LS-ATNRL-DT-XL,normal,80,0
LS-ATNRL-SD-M,normal,0,0
LS-ATNRL-TD-S,normal,137,0
LS-ATNRL-TD-L,normal,105,0
LS-ATNRL-DT-M,normal,0,0
LS-ATNRL-SD-XL,normal,79,0
LS-ATNRL-DT-2XL,normal,120,0
FM-BRLT01-XN-XL-FM-QDJG01-DE-S,combo,0,0
FM-BRLT01-XN-S-FM-QDJG01-DE-M,combo,0,0
FM-BRLT01-XN-S-FM-QDJG01-DE-XL,combo,0,0
FM-BRLT01-XN-XL-FM-QDJG01-DE-L,combo,0,0
FM-BRLT01-XN-M-FM-QDJG01-DE-M,combo,0,0
FM-BRLT01-XN-M-FM-QDJG01-DE-XL,combo,0,0
FM-BRLT01-XN-XL-FM-QDJG01-DE-M,combo,0,0
FM-BRLT01-XN-XL-FM-QDJG01-DE-XL,combo,0,0
FM-BRLT01-XN-S-FM-QDJG01-DE-S,combo,0,0
FM-BRLT01-XN-L-FM-QDJG01-DE-M,combo,0,0
FM-BRLT01-XN-L-FM-QDJG01-DE-L,combo,0,0
FM-BRLT01-XN-S-FM-QDJG01-DE-L,combo,0,0
FM-BRLT01-XN-L-FM-QDJG01-DE-S,combo,0,0
FM-BRLT01-XN-M-FM-QDJG01-DE-L,combo,0,0
FM-BRLT01-XN-M-FM-QDJG01-DE-S,combo,0,0
FM-BRLT01-XN-L-FM-QDJG01-DE-XL,combo,0,0
LS-BRDT01-XX-L,normal,0,0
LS-BRDT01-SA-S,normal,0,0
LS-BRDT01-SA-L,normal,0,0
LS-BRDT01-XX-S,normal,0,0
LS-BRDT01-SA-XL,normal,0,0
LS-BRDT01-DE-L,normal,0,0
LS-BRDT01-DE-XL,normal,0,0
LS-BRDT01-DE-S,normal,0,0
LS-BRDT01-DE-M,normal,0,0
LS-BRDT01-XX-XL,normal,0,0
LS-BRDT01-SA-M,normal,0,0
LS-BRDT01-XX-M,normal,0,0
FM-BRZT01-TR-XL-FM-QNTG01-XN-M,combo,0,0
FM-BRZT01-TR-S-FM-QNTG01-XN-S,combo,0,0
FM-BRZT01-TR-L-FM-QNTG01-XN-M,combo,0,0
FM-BRZT01-TR-S-FM-QNTG01-XN-L,combo,0,0
FM-BRZT01-TR-M-FM-QNTG01-XN-S,combo,0,0
FM-BRZT01-TR-L-FM-QNTG01-XN-S,combo,0,0
FM-BRZT01-TR-M-FM-QNTG01-XN-L,combo,0,0
FM-BRZT01-TR-L-FM-QNTG01-XN-L,combo,0,0
FM-BRZT01-TR-S-FM-QNTG01-XN-M,combo,0,0
FM-BRZT01-TR-XL-FM-QNTG01-XN-XL,combo,0,0
FM-BRZT01-TR-XL-FM-QNTG01-XN-S,combo,0,0
FM-BRZT01-TR-L-FM-QNTG01-XN-XL,combo,0,0
FM-BRZT01-TR-XL-FM-QNTG01-XN-L,combo,0,0
FM-BRZT01-TR-M-FM-QNTG01-XN-XL,combo,0,0
FM-BRZT01-TR-S-FM-QNTG01-XN-XL,combo,0,0
FM-BRZT01-TR-M-FM-QNTG01-XN-M,combo,0,0
LS-JGDT-DE-XL,normal,72,0
LS-QDJG01-XA-M,normal,0,0
LS-JGDT-XA-M,normal,177,0
LS-JGDT-DE-L,normal,28,0
LS-QDJG01-XA-S,normal,47,0
LS-JGDT-DE-M,normal,6,0
LS-JGDT-XA-2XL,normal,168,0
LS-JGDT-DE-2XL,normal,156,0
LS-QDJG01-DE-2XL,normal,126,0
LS-QDJG01-XA-XL,normal,52,0
LS-QDJG01-DE-L,normal,406,0
LS-QDJG01-DE-XL,normal,177,0
LS-QDJG01-DE-S,normal,218,0
LS-QDJG01-XA-L,normal,0,0
LS-JGDT-XA-S,normal,170,0
LS-JGDT-XA-XL,normal,98,0
LS-QDJG01-DE-M,normal,281,0
LS-JGDT-DE-S,normal,120,0
LS-QDJG01-XA-2XL,normal,107,0
LS-JGDT-XA-L,normal,249,0
LS-ACCV01-DE-XL,normal,20,0
LS-ACCV01-DE-L,normal,0,0
LS-ACCV01-XX-M,normal,0,0
LS-ACCV01-XX-S,normal,59,0
LS-ACCV01-XN-XL,normal,0,0
LS-ACCV01-DE-S,normal,96,0
LS-ACCV01-SA-2XL,normal,83,0
LS-ACCV01-SA-S,normal,69,0
LS-ACCV01-SA-M,normal,0,0
LS-ACCV01-XX-2XL,normal,57,0
LS-ACCV01-XX-XL,normal,100,0
LS-ACCV01-XN-L,normal,0,0
LS-ACCV01-DE-2XL,normal,0,0
LS-ACCV01-XN-S,normal,0,0
LS-ACCV01-XN-M,normal,0,0
LS-ACCV01-SA-XL,normal,125,0
LS-ACCV01-XN-2XL,normal,0,0
LS-ACCV01-DE-M,normal,16,0
LS-ACCV01-SA-L,normal,0,0
LS-ACCV01-XX-L,normal,54,0
FM-BRTT01-XN-L-FM-QDZT01-XN-S,combo,0,0
FM-BRTT01-XN-L-FM-QDZT01-XN-XL,combo,0,0
FM-BRTT01-XN-XL-FM-QDZT01-XN-XL,combo,0,0
FM-BRTT01-XN-L-FM-QDZT01-XN-L,combo,0,0
FM-BRTT01-XN-S-FM-QDZT01-XN-M,combo,0,0
FM-BRTT01-XN-XL-FM-QDZT01-XN-S,combo,0,0
FM-BRTT01-XN-M-FM-QDZT01-XN-XL,combo,0,0
FM-BRTT01-XN-L-FM-QDZT01-XN-M,combo,0,0
FM-BRTT01-XN-S-FM-QDZT01-XN-S,combo,0,0
FM-BRTT01-XN-M-FM-QDZT01-XN-L,combo,0,0
FM-BRTT01-XN-M-FM-QDZT01-XN-M,combo,0,0
FM-BRTT01-XN-S-FM-QDZT01-XN-XL,combo,0,0
FM-BRTT01-XN-XL-FM-QDZT01-XN-L,combo,0,0
FM-BRTT01-XN-M-FM-QDZT01-XN-S,combo,0,0
FM-BRTT01-XN-S-FM-QDZT01-XN-L,combo,0,0
FM-BRTT01-XN-XL-FM-QDZT01-XN-M,combo,0,0
FM-ACRT01-HD-XL-FM-QDZT01-DE-M,combo,0,0
FM-ACRT01-HD-S-FM-QDZT01-DE-XL,combo,0,0
FM-ACRT01-HD-M-FM-QDZT01-DE-L,combo,0,0
FM-ACRT01-HD-S-FM-QDZT01-DE-L,combo,0,0
FM-ACRT01-HD-S-FM-QDZT01-DE-M,combo,0,0
FM-ACRT01-HD-M-FM-QDZT01-DE-S,combo,0,0
FM-ACRT01-HD-L-FM-QDZT01-DE-M,combo,0,0
FM-ACRT01-HD-M-FM-QDZT01-DE-M,combo,0,0
FM-ACRT01-HD-S-FM-QDZT01-DE-S,combo,0,0
FM-ACRT01-HD-XL-FM-QDZT01-DE-S,combo,0,0
FM-ACRT01-HD-L-FM-QDZT01-DE-XL,combo,0,0
FM-ACRT01-HD-XL-FM-QDZT01-DE-L,combo,0,0
FM-ACRT01-HD-L-FM-QDZT01-DE-S,combo,0,0
FM-ACRT01-HD-L-FM-QDZT01-DE-L,combo,0,0
FM-ACRT01-HD-M-FM-QDZT01-DE-XL,combo,0,0
FM-ACRT01-HD-XL-FM-QDZT01-DE-XL,combo,0,0
FM-BRDT01-BE-M-FM-QLTG01-BE-M,combo,0,0
FM-BRDT01-BE-S-FM-QLTG01-BE-M,combo,0,0
FM-BRDT01-BE-M-FM-QLTG01-BE-L,combo,0,0
FM-BRDT01-BE-L-FM-QLTG01-BE-L,combo,0,0
FM-BRDT01-BE-XL-FM-QLTG01-BE-L,combo,0,0
FM-BRDT01-BE-S-FM-QLTG01-BE-L,combo,0,0
FM-BRDT01-BE-M-FM-QLTG01-BE-XL,combo,0,0
FM-BRDT01-BE-S-FM-QLTG01-BE-S,combo,0,0
FM-BRDT01-BE-M-FM-QLTG01-BE-S,combo,0,0
FM-BRDT01-BE-S-FM-QLTG01-BE-XL,combo,0,0
FM-BRDT01-BE-XL-FM-QLTG01-BE-M,combo,0,0
FM-BRDT01-BE-L-FM-QLTG01-BE-XL,combo,0,0
FM-BRDT01-BE-XL-FM-QLTG01-BE-XL,combo,0,0
FM-BRDT01-BE-L-FM-QLTG01-BE-S,combo,0,0
FM-BRDT01-BE-L-FM-QLTG01-BE-M,combo,0,0
FM-BRDT01-BE-XL-FM-QLTG01-BE-S,combo,0,0
FM-BRLT01-XR-L-FM-QDJG01-DE-M,combo,0,0
FM-BRLT01-XR-L-FM-QDJG01-DE-L,combo,0,0
FM-BRLT01-XR-M-FM-QDJG01-DE-M,combo,0,0
FM-BRLT01-XR-S-FM-QDJG01-DE-L,combo,0,0
FM-BRLT01-XR-S-FM-QDJG01-DE-M,combo,0,0
FM-BRLT01-XR-M-FM-QDJG01-DE-S,combo,0,0
FM-BRLT01-XR-XL-FM-QDJG01-DE-M,combo,0,0
FM-BRLT01-XR-M-FM-QDJG01-DE-XL,combo,0,0
FM-BRLT01-XR-M-FM-QDJG01-DE-L,combo,0,0
FM-BRLT01-XR-S-FM-QDJG01-DE-S,combo,0,0
FM-BRLT01-XR-XL-FM-QDJG01-DE-L,combo,0,0
FM-BRLT01-XR-L-FM-QDJG01-DE-XL,combo,0,0
FM-BRLT01-XR-XL-FM-QDJG01-DE-XL,combo,0,0
FM-HDCT01-BE-1-FM-JGOB01-BE-1,combo,0,0
FM-HDCT01-BE-1-FM-JGOB01-BE-2,combo,0,0
FM-HDCT01-BE-1-FM-JGOB01-BE-3,combo,0,0
FM-HDCT01-BE-1-FM-JGOB01-BE-4,combo,0,0
FM-HDCT01-BE-2-FM-JGOB01-BE-1,combo,0,0
FM-HDCT01-BE-2-FM-JGOB01-BE-2,combo,0,0
FM-HDCT01-BE-2-FM-JGOB01-BE-3,combo,0,0
FM-HDCT01-BE-2-FM-JGOB01-BE-4,combo,0,0
FM-ACCV01-BB-2XL-FM-QDCV01-BB-L,combo,0,0
FM-ACCV01-BB-M-FM-QDCV01-BB-L,combo,0,0
FM-ACCV01-BB-M-FM-QDCV01-BB-XL,combo,0,0
FM-ACCV01-BB-XL-FM-QDCV01-BB-S,combo,0,0
FM-ACCV01-BB-2XL-FM-QDCV01-BB-XL,combo,0,0
FM-ACCV01-BB-S-FM-QDCV01-BB-L,combo,0,0
FM-ACCV01-BB-XL-FM-QDCV01-BB-L,combo,0,0
FM-ACCV01-BB-2XL-FM-QDCV01-BB-S,combo,0,0
FM-ACCV01-BB-S-FM-QDCV01-BB-XL,combo,0,0
FM-ACCV01-BB-M-FM-QDCV01-BB-S,combo,0,0
FM-ACCV01-BB-L-FM-QDCV01-BB-S,combo,0,0
FM-ACCV01-BB-2XL-FM-QDCV01-BB-M,combo,0,0
FM-ACCV01-BB-S-FM-QDCV01-BB-2XL,combo,0,0
FM-ACCV01-BB-L-FM-QDCV01-BB-XL,combo,0,0
FM-ACCV01-BB-XL-FM-QDCV01-BB-M,combo,0,0
FM-ACCV01-BB-L-FM-QDCV01-BB-L,combo,0,0
FM-ACCV01-BB-M-FM-QDCV01-BB-M,combo,0,0
FM-ACCV01-BB-L-FM-QDCV01-BB-M,combo,0,0
FM-ACCV01-BB-L-FM-QDCV01-BB-2XL,combo,0,0
FM-ACCV01-BB-M-FM-QDCV01-BB-2XL,combo,0,0
FM-ACCV01-BB-2XL-FM-QDCV01-BB-2XL,combo,0,0
FM-ACCV01-BB-S-FM-QDCV01-BB-S,combo,0,0
FM-ACCV01-BB-XL-FM-QDCV01-BB-XL,combo,0,0
FM-ACCV01-BB-XL-FM-QDCV01-BB-2XL,combo,0,0
FM-ACCV01-BB-S-FM-QDCV01-BB-M,combo,0,0
LS-ATSM01-HD-S,normal,0,0
LS-ATSM01-XR-2XL,normal,0,0
LS-ATSM01-HD-2XL,normal,23,0
LS-ATSM01-TR-M,normal,8,0
LS-ATSM01-HP-S,normal,0,0
LS-ATSM01-XN-S,normal,0,0
LS-ATSM01-DE-M,normal,0,0
LS-ATSM01-DE-L,normal,0,0
LS-ATSM01-DE-S,normal,94,0
LS-ATSM01-TR-2XL,normal,214,0
LS-ATSM01-XN-M,normal,25,0
LS-ATSM01-TP-2XL,normal,0,0
LS-ATSM01-XN-L,normal,0,0
LS-ATSM01-XN-2XL,normal,0,0
LS-ATSM01-TP-L,normal,0,0
LS-ATSM01-XR-S,normal,0,0
LS-ATSM01-XR-M,normal,0,0
LS-ATSM01-HP-M,normal,0,0
LS-ATSM01-XR-L,normal,65,0
LS-ATSM01-XR-XL,normal,0,0
LS-ATSM01-TP-S,normal,0,0
LS-ATSM01-TR-S,normal,0,0
LS-ATSM01-TR-XL,normal,169,0
LS-ATSM01-XN-XL,normal,0,0
LS-ATSM01-DE-XL,normal,0,0
LS-ATSM01-DE-2XL,normal,48,0
LS-ATSM01-HP-2XL,normal,0,0
LS-ATSM01-HD-L,normal,58,0
LS-ATSM01-HP-L,normal,0,0
LS-ATSM01-TP-XL,normal,0,0
LS-ATSM01-HP-XL,normal,0,0
LS-ATSM01-HD-XL,normal,66,0
LS-ATSM01-TP-M,normal,0,0
LS-ATSM01-HD-M,normal,15,0
LS-ATSM01-TR-L,normal,0,0
LS-AVBNU-SG-L,normal,87,0
LS-AVBNU-DE-S,normal,146,0
LS-AVBNU-HP-XL,normal,97,0
LS-AVBNU-HP-L,normal,69,0
LS-AVBNU-HP-S,normal,81,0
LS-AVBNU-HP-2XL,normal,106,0
LS-AVBNU-SG-XL,normal,74,0
LS-AVBNU-XR-XL,normal,57,0
LS-AVBNU-XR-M,normal,123,0
LS-AVBNU-TP-L,normal,78,0
LS-AVBNU-TP-XL,normal,130,0
LS-AVBNU-TR-S,normal,172,0
LS-AVBNU-TP-M,normal,28,0
LS-AVBNU-XR-2XL,normal,61,0
LS-AVBNU-SS-M,normal,117,0
LS-AVBNU-DE-2XL,normal,102,0
LS-AVBNU-TP-2XL,normal,119,0
LS-AVBNU-SS-S,normal,167,0
LS-AVBNU-XR-L,normal,138,0
LS-AVBNU-XR-S,normal,180,0
LS-AVBNU-TR-M,normal,137,0
LS-AVBNU-TP-S,normal,104,0
LS-AVBNU-TR-XL,normal,204,0
LS-AVBNU-HP-M,normal,0,0
LS-AVBNU-SG-S,normal,189,0
LS-AVBNU-SG-M,normal,0,0
LS-AVBNU-TR-2XL,normal,156,0
LS-AVBNU-SS-XL,normal,124,0
LS-AVBNU-TR-L,normal,190,0
LS-AVBNU-SS-2XL,normal,119,0
LS-AVBNU-SG-2XL,normal,88,0
LS-AVBNU-DE-L,normal,118,0
LS-AVBNU-SS-L,normal,123,0
LS-AVBNU-DE-XL,normal,130,0
LS-AVBNU-DE-M,normal,148,0
LS-QLTG01-DE-S,normal,307,0
LS-QLTG01-RG-M,normal,0,0
LS-QLTG01-XX-2XL,normal,0,0
LS-QLTG01-DG-2XL,normal,96,0
LS-QLTG01-DE-2XL,normal,167,0
LS-QLTG01-DE-L,normal,431,0
LS-QLTG01-SA-S,normal,54,0
LS-QLTG01-RG-L,normal,0,0
LS-QLTG01-XN-L,normal,0,0
LS-QLTG01-DG-S,normal,162,0
LS-QLTG01-DG-XL,normal,94,0
LS-QLTG01-SA-M,normal,11,0
LS-QLTG01-SA-XL,normal,0,0
LS-QLTG01-DG-L,normal,156,0
LS-QLTG01-SA-2XL,normal,11,0
LS-QLTG01-SA-L,normal,12,0
LS-QLTG01-RG-XL,normal,140,0
LS-QLTG01-XN-XL,normal,46,0
LS-QLTG01-XX-L,normal,0,0
LS-QLTG01-DG-M,normal,184,0
LS-QLTG01-XX-XL,normal,145,0
LS-QLTG01-RG-2XL,normal,102,0
LS-QLTG01-DE-M,normal,422,0
LS-QLTG01-XN-M,normal,43,0
LS-QLTG01-RG-S,normal,92,0
LS-QLTG01-XX-M,normal,40,0
LS-QLTG01-XN-S,normal,0,0
LS-QLTG01-XX-S,normal,29,0
LS-QLTG01-DE-XL,normal,230,0
LS-QLTG01-XN-2XL,normal,46,0
SP001424,normal,0,0
SP001429,normal,0,0
SP001430,normal,2,0
SP001425,normal,0,0
SP001421,normal,0,0
SP001431,normal,0,0
SP001428,normal,0,0
SP001422,normal,0,0
SP001432,normal,0,0
SP001427,normal,0,0
SP001423,normal,0,0
SP001426,normal,0,0
LS-QDZT01-XX-2XL,normal,221,0
LS-QDZT01-LG-S,normal,0,0
LS-QDZT01-RG-XL,normal,7,0
LS-QDZT01-SA-S,normal,0,0
LS-QDZT01-DE-2XL,normal,138,0
LS-QDZT01-XX-S,normal,176,0
LS-QDZT01-DE-XL,normal,167,0
LS-QDZT01-XX-M,normal,210,0
LS-QDZT01-LG-2XL,normal,80,0
LS-QDZT01-DE-M,normal,256,0
LS-QDZT01-SA-XL,normal,78,0
LS-QDZT01-RG-S,normal,27,0
LS-QDZT01-LG-XL,normal,38,0
LS-QDZT01-XX-L,normal,228,0
LS-QDZT01-RG-2XL,normal,115,0
LS-QDZT01-DG-S,normal,269,0
LS-QDZT01-DG-XL,normal,129,0
LS-QDZT01-SA-M,normal,0,0
LS-QDZT01-SA-L,normal,8,0
LS-QDZT01-RG-L,normal,0,0
LS-QDZT01-DG-2XL,normal,124,0
LS-QDZT01-RG-M,normal,48,0
LS-QDZT01-DG-M,normal,215,0
LS-QDZT01-LG-L,normal,0,0
LS-QDZT01-LG-M,normal,0,0
LS-QDZT01-SA-2XL,normal,80,0
LS-QDZT01-XX-XL,normal,250,0
LS-QDZT01-DE-L,normal,655,0
LS-QDZT01-DG-L,normal,167,0
LS-QDZT01-DE-S,normal,385,0
FM-VSFM01-SM-XL,normal,49,0
FM-VSFM01-SM-L,normal,72,0
FM-VSFM01-SM-M,normal,66,0
FM-VSFM01-SM-S,normal,43,0
FM-VSFM01-HP-XL,normal,92,0
FM-VSFM01-HP-L,normal,90,0
FM-VSFM01-HP-M,normal,40,0
FM-VSFM01-HP-S,normal,28,0
FM-VSFM01-FG-XL,normal,18,0
FM-VSFM01-FG-L,normal,30,0
FM-VSFM01-FG-M,normal,13,0
FM-VSFM01-FG-S,normal,31,0
FM-VSFM01-FR-XL,normal,0,0
FM-VSFM01-FR-L,normal,0,0
FM-VSFM01-FR-M,normal,0,0
FM-VSFM01-FR-S,normal,0,0
FM-ALGT01-TR-36B-02,normal,23.5,0
FM-ALGT01-TR-36A-02,normal,6.5,0
FM-ALGT01-TR-34C-02,normal,38,0
FM-ALGT01-TR-34B-02,normal,35.5,0
FM-ALGT01-TR-34A-02,normal,37.5,0
FM-ALGT01-TR-32C-02,normal,26.5,0
FM-ALGT01-TR-32B-02,normal,17,0
FM-ALGT01-XM-36B-02,normal,5,0
FM-ALGT01-XM-36A-02,normal,0,0
FM-ALGT01-XM-34C-02,normal,21,0
FM-ALGT01-XM-34B-02,normal,18.5,0
FM-ALGT01-XM-34A-02,normal,13.5,0
FM-ALGT01-XM-32C-02,normal,16.5,0
FM-ALGT01-XM-32B-02,normal,9,0
FM-BRGL01-DG-L,normal,0,0
FM-BRGL01-DG-M,normal,0,0
FM-BRGL01-DG-S,normal,5,0
FM-BRGL01-DG-XL,normal,0,0
FM-BRGL01-BN-L,normal,0,0
FM-BRGL01-BN-M,normal,0,0
FM-BRGL01-BN-S,normal,24,0
FM-BRGL01-BN-XL,normal,0,0
FM-QSGL01-BN-XL,normal,28,0
FM-QSGL01-BN-L,normal,9,0
FM-QSGL01-BN-M,normal,58,0
FM-QSGL01-BN-S,normal,69,0
FM-MNDN01-DO,normal,204,0
FM-MNDN01-BE,normal,186,0
VOFM01-BN-10,normal,72.9,0
VOFM01-SP-10,normal,56.9,0
VOFM01-BN-05,normal,145.8,0
VOFM01-SP-05,normal,113.8,0
VOFM01-BN-03,normal,243,0
VOFM01-SP-03,normal,189.6667,0
FM-MUFM01-BE,normal,207,0
FM-MUFM01-BN,normal,120,0
FM-MUFM01-DO,normal,261,0
FM-ATCT01-NB-XL-FM-VTNN02-BN-XL,combo,5,0
FM-ATCT01-NB-XL-FM-VTNN02-BN-L,combo,181,0
FM-ATCT01-NB-XL-FM-VTNN02-BN-M,combo,141,0
FM-ATCT01-NB-XL-FM-VTNN02-BN-S,combo,123,0
FM-ATCT01-NB-L-FM-VTNN02-BN-XL,combo,5,0
FM-ATCT01-NB-L-FM-VTNN02-BN-L,combo,181,0
FM-ATCT01-NB-L-FM-VTNN02-BN-M,combo,142,0
FM-ATCT01-NB-L-FM-VTNN02-BN-S,combo,124,0
FM-ATCT01-NB-M-FM-VTNN02-BN-XL,combo,2,0
FM-ATCT01-NB-M-FM-VTNN02-BN-L,combo,169,0
FM-ATCT01-NB-M-FM-VTNN02-BN-M,combo,138,0
FM-ATCT01-NB-M-FM-VTNN02-BN-S,combo,120,0
FM-ATCT01-NB-S-FM-VTNN02-BN-XL,combo,5,0
FM-ATCT01-NB-S-FM-VTNN02-BN-L,combo,126,0
FM-ATCT01-NB-S-FM-VTNN02-BN-M,combo,128,0
FM-ATCT01-NB-S-FM-VTNN02-BN-S,combo,123,0
FM-APTN01-RB-XL-FM-VTNN01-RB-XL,combo,23,0
FM-APTN01-RB-XL-FM-VTNN01-RB-L,combo,59,0
FM-APTN01-RB-XL-FM-VTNN01-RB-M,combo,76,0
FM-APTN01-RB-XL-FM-VTNN01-RB-S,combo,25,0
FM-APTN01-RB-L-FM-VTNN01-RB-XL,combo,25,0
FM-APTN01-RB-L-FM-VTNN01-RB-L,combo,61,0
FM-APTN01-RB-L-FM-VTNN01-RB-M,combo,78,0
FM-APTN01-RB-L-FM-VTNN01-RB-S,combo,27,0
FM-APTN01-RB-M-FM-VTNN01-RB-XL,combo,22,0
FM-APTN01-RB-M-FM-VTNN01-RB-L,combo,58,0
FM-APTN01-RB-M-FM-VTNN01-RB-M,combo,75,0
FM-APTN01-RB-M-FM-VTNN01-RB-S,combo,24,0
FM-APTN01-RB-S-FM-VTNN01-RB-XL,combo,25,0
FM-APTN01-RB-S-FM-VTNN01-RB-L,combo,61,0
FM-APTN01-RB-S-FM-VTNN01-RB-M,combo,78,0
FM-APTN01-RB-S-FM-VTNN01-RB-S,combo,27,0
FM-ACTD01-XT-XL-FM-VTNN02-BN-XL,combo,0,0
FM-ACTD01-XT-XL-FM-VTNN02-BN-L,combo,135,0
FM-ACTD01-XT-XL-FM-VTNN02-BN-M,combo,135,0
FM-ACTD01-XT-XL-FM-VTNN02-BN-S,combo,118,0
FM-ACTD01-XT-L-FM-VTNN02-BN-XL,combo,0,0
FM-ACTD01-XT-L-FM-VTNN02-BN-L,combo,61,0
FM-ACTD01-XT-L-FM-VTNN02-BN-M,combo,61,0
FM-ACTD01-XT-L-FM-VTNN02-BN-S,combo,61,0
FM-ACTD01-XT-M-FM-VTNN02-BN-XL,combo,0,0
FM-ACTD01-XT-M-FM-VTNN02-BN-L,combo,55,0
FM-ACTD01-XT-M-FM-VTNN02-BN-M,combo,55,0
FM-ACTD01-XT-M-FM-VTNN02-BN-S,combo,55,0
FM-ACTD01-XT-S-FM-VTNN02-BN-XL,combo,0,0
FM-ACTD01-XT-S-FM-VTNN02-BN-L,combo,128,0
FM-ACTD01-XT-S-FM-VTNN02-BN-M,combo,128,0
FM-ACTD01-XT-S-FM-VTNN02-BN-S,combo,118,0
FM-AKTN01-RB-XL-FM-VTNN02-DO-XL,combo,31,0
FM-AKTN01-RB-XL-FM-VTNN02-DO-L,combo,31,0
FM-AKTN01-RB-XL-FM-VTNN02-DO-M,combo,0,0
FM-AKTN01-RB-XL-FM-VTNN02-DO-S,combo,31,0
FM-AKTN01-RB-L-FM-VTNN02-DO-XL,combo,46,0
FM-AKTN01-RB-L-FM-VTNN02-DO-L,combo,46,0
FM-AKTN01-RB-L-FM-VTNN02-DO-M,combo,0,0
FM-AKTN01-RB-L-FM-VTNN02-DO-S,combo,46,0
FM-AKTN01-RB-M-FM-VTNN02-DO-XL,combo,84,0
FM-AKTN01-RB-M-FM-VTNN02-DO-L,combo,56,0
FM-AKTN01-RB-M-FM-VTNN02-DO-M,combo,0,0
FM-AKTN01-RB-M-FM-VTNN02-DO-S,combo,94,0
FM-AKTN01-RB-S-FM-VTNN02-DO-XL,combo,54,0
FM-AKTN01-RB-S-FM-VTNN02-DO-L,combo,54,0
FM-AKTN01-RB-S-FM-VTNN02-DO-M,combo,0,0
FM-AKTN01-RB-S-FM-VTNN02-DO-S,combo,54,0
FM-BCTR01-BN-FM-BDTN01-BN,combo,1073,0
FM-BCTR01-BN-FM-BDTN01-WG,combo,1073,0
FM-BCTR01-BN-FM-BDTN01-DE,combo,1073,0
FM-BCTR01-BN-FM-BDTN01-TR,combo,1073,0
FM-BCTR01-BN-06,normal,178.8333,0
FM-BCTR01-BN-04,normal,268.25,0
FM-BCTR01-BN-02,normal,536.5,0
FM-AVBNU-TP-2XL-FM-AVBNU-HP-2XL,combo,27,0
FM-AVBNU-TP-XL-FM-AVBNU-HP-XL,combo,0,0
FM-AVBNU-TP-L-FM-AVBNU-HP-L,combo,0,0
FM-AVBNU-TP-M-FM-AVBNU-HP-M,combo,-1,0
FM-AVBNU-TP-S-FM-AVBNU-HP-S,combo,0,0
FM-AVBNU-TR-2XL-FM-AVBNU-HP-2XL,combo,27,0
FM-AVBNU-TR-XL-FM-AVBNU-HP-XL,combo,0,0
FM-AVBNU-TR-L-FM-AVBNU-HP-L,combo,0,0
FM-AVBNU-TR-M-FM-AVBNU-HP-M,combo,-1,0
FM-AVBNU-TR-S-FM-AVBNU-HP-S,combo,0,0
FM-AVBNU-TR-2XL-FM-AVBNU-TP-2XL,combo,103,0
FM-AVBNU-TR-XL-FM-AVBNU-TP-XL,combo,56,0
FM-AVBNU-TR-L-FM-AVBNU-TP-L,combo,3,0
FM-AVBNU-TR-M-FM-AVBNU-TP-M,combo,1,0
FM-AVBNU-TR-S-FM-AVBNU-TP-S,combo,5,0
FM-AVBNU-XR-2XL-FM-AVBNU-HP-2XL,combo,15,0
FM-AVBNU-XR-XL-FM-AVBNU-HP-XL,combo,0,0
FM-AVBNU-XR-L-FM-AVBNU-HP-L,combo,0,0
FM-AVBNU-XR-M-FM-AVBNU-HP-M,combo,-1,0
FM-AVBNU-XR-S-FM-AVBNU-HP-S,combo,0,0
FM-AVBNU-XR-2XL-FM-AVBNU-TP-2XL,combo,15,0
FM-AVBNU-XR-XL-FM-AVBNU-TP-XL,combo,1,0
FM-AVBNU-XR-L-FM-AVBNU-TP-L,combo,3,0
FM-AVBNU-XR-M-FM-AVBNU-TP-M,combo,5,0
FM-AVBNU-XR-S-FM-AVBNU-TP-S,combo,4,0
FM-AVBNU-XR-2XL-FM-AVBNU-TR-2XL,combo,15,0
FM-AVBNU-XR-XL-FM-AVBNU-TR-XL,combo,1,0
FM-AVBNU-XR-L-FM-AVBNU-TR-L,combo,6,0
FM-AVBNU-XR-M-FM-AVBNU-TR-M,combo,1,0
FM-AVBNU-XR-S-FM-AVBNU-TR-S,combo,89,0
FM-AVBNU-SG-2XL-FM-AVBNU-HP-2XL,combo,27,0
FM-AVBNU-SG-XL-FM-AVBNU-HP-XL,combo,0,0
FM-AVBNU-SG-L-FM-AVBNU-HP-L,combo,0,0
FM-AVBNU-SG-M-FM-AVBNU-HP-M,combo,-1,0
FM-AVBNU-SG-S-FM-AVBNU-HP-S,combo,0,0
FM-AVBNU-SG-2XL-FM-AVBNU-TP-2XL,combo,64,0
FM-AVBNU-SG-XL-FM-AVBNU-TP-XL,combo,39,0
FM-AVBNU-SG-L-FM-AVBNU-TP-L,combo,3,0
FM-AVBNU-SG-M-FM-AVBNU-TP-M,combo,6,0
FM-AVBNU-SG-S-FM-AVBNU-TP-S,combo,4,0
FM-AVBNU-SG-2XL-FM-AVBNU-TR-2XL,combo,64,0
FM-AVBNU-SG-XL-FM-AVBNU-TR-XL,combo,40,0
FM-AVBNU-SG-L-FM-AVBNU-TR-L,combo,110,0
FM-AVBNU-SG-M-FM-AVBNU-TR-M,combo,44,0
FM-AVBNU-SG-S-FM-AVBNU-TR-S,combo,89,0
FM-AVBNU-SG-2XL-FM-AVBNU-XR-2XL,combo,15,0
FM-AVBNU-SG-XL-FM-AVBNU-XR-XL,combo,1,0
FM-AVBNU-SG-L-FM-AVBNU-XR-L,combo,6,0
FM-AVBNU-SG-M-FM-AVBNU-XR-M,combo,5,0
FM-AVBNU-SG-S-FM-AVBNU-XR-S,combo,97,0
FM-AVBNU-DE-2XL-FM-AVBNU-HP-2XL,combo,27,0
FM-AVBNU-DE-XL-FM-AVBNU-HP-XL,combo,0,0
FM-AVBNU-DE-L-FM-AVBNU-HP-L,combo,0,0
FM-AVBNU-DE-M-FM-AVBNU-HP-M,combo,-1,0
FM-AVBNU-DE-S-FM-AVBNU-HP-S,combo,0,0
FM-AVBNU-DE-2XL-FM-AVBNU-TP-2XL,combo,102,0
FM-AVBNU-DE-XL-FM-AVBNU-TP-XL,combo,53,0
FM-AVBNU-DE-L-FM-AVBNU-TP-L,combo,3,0
FM-AVBNU-DE-M-FM-AVBNU-TP-M,combo,5,0
FM-AVBNU-DE-S-FM-AVBNU-TP-S,combo,5,0
FM-AVBNU-DE-2XL-FM-AVBNU-TR-2XL,combo,112,0
FM-AVBNU-DE-XL-FM-AVBNU-TR-XL,combo,130,0
FM-AVBNU-DE-L-FM-AVBNU-TR-L,combo,108,0
FM-AVBNU-DE-M-FM-AVBNU-TR-M,combo,53,0
FM-AVBNU-DE-S-FM-AVBNU-TR-S,combo,74,0
FM-AVBNU-DE-2XL-FM-AVBNU-XR-2XL,combo,15,0
FM-AVBNU-DE-XL-FM-AVBNU-XR-XL,combo,1,0
FM-AVBNU-DE-L-FM-AVBNU-XR-L,combo,4,0
FM-AVBNU-DE-M-FM-AVBNU-XR-M,combo,5,0
FM-AVBNU-DE-S-FM-AVBNU-XR-S,combo,72,0
FM-AVBNU-DE-2XL-FM-AVBNU-SG-2XL,combo,63,0
FM-AVBNU-DE-XL-FM-AVBNU-SG-XL,combo,36,0
FM-AVBNU-DE-L-FM-AVBNU-SG-L,combo,153,0
FM-AVBNU-DE-M-FM-AVBNU-SG-M,combo,48,0
FM-AVBNU-DE-S-FM-AVBNU-SG-S,combo,74,0
VOFM01-SP,normal,569,0
VOFM01-BN,normal,729,0
FM-ALGT01-DE-36B-02,normal,46,0
FM-ALGT01-DE-36A-02,normal,45.5,0
FM-ALGT01-DE-34C-02,normal,53,0
FM-ALGT01-DE-34B-02,normal,41.5,0
FM-ALGT01-DE-34A-02,normal,50,0
FM-ALGT01-DE-32C-02,normal,52,0
FM-ALGT01-DE-32B-02,normal,32.5,0
FM-ALGT01-DA-36B-02,normal,41,0
FM-ALGT01-DA-36A-02,normal,40,0
FM-ALGT01-DA-34C-02,normal,57.5,0
FM-ALGT01-DA-34B-02,normal,41.5,0
FM-ALGT01-DA-34A-02,normal,45.5,0
FM-ALGT01-DA-32C-02,normal,46.5,0
FM-ALGT01-DA-32B-02,normal,45,0
FM-ALGT01-XM-36B-FM-ALGT01-DE-36B,combo,10,0
FM-ALGT01-XM-36A-FM-ALGT01-DE-36A,combo,0,0
FM-ALGT01-XM-34C-FM-ALGT01-DE-34C,combo,42,0
FM-ALGT01-XM-34B-FM-ALGT01-DE-34B,combo,37,0
FM-ALGT01-XM-34A-FM-ALGT01-DE-34A,combo,27,0
FM-ALGT01-XM-32C-FM-ALGT01-DE-32C,combo,33,0
FM-ALGT01-XM-32B-FM-ALGT01-DE-32B,combo,18,0
FM-ALGT01-TR-36B-FM-ALGT01-DE-36B,combo,47,0
FM-ALGT01-TR-36A-FM-ALGT01-DE-36A,combo,13,0
FM-ALGT01-TR-34C-FM-ALGT01-DE-34C,combo,76,0
FM-ALGT01-TR-34B-FM-ALGT01-DE-34B,combo,71,0
FM-ALGT01-TR-34A-FM-ALGT01-DE-34A,combo,75,0
FM-ALGT01-TR-32C-FM-ALGT01-DE-32C,combo,53,0
FM-ALGT01-TR-32B-FM-ALGT01-DE-32B,combo,34,0
FM-ALGT01-XM-36B-FM-ALGT01-TR-36B,combo,8,0
FM-ALGT01-XM-36A-FM-ALGT01-TR-36A,combo,0,0
FM-ALGT01-XM-34C-FM-ALGT01-TR-34C,combo,41,0
FM-ALGT01-XM-34B-FM-ALGT01-TR-34B,combo,35,0
FM-ALGT01-XM-34A-FM-ALGT01-TR-34A,combo,25,0
FM-ALGT01-XM-32C-FM-ALGT01-TR-32C,combo,31,0
FM-ALGT01-XM-32B-FM-ALGT01-TR-32B,combo,17,0
FM-ALGT01-DA-36B-FM-ALGT01-XM-36B,combo,10,0
FM-ALGT01-DA-36A-FM-ALGT01-XM-36A,combo,0,0
FM-ALGT01-DA-34C-FM-ALGT01-XM-34C,combo,41,0
FM-ALGT01-DA-34B-FM-ALGT01-XM-34B,combo,37,0
FM-ALGT01-DA-34A-FM-ALGT01-XM-34A,combo,26,0
FM-ALGT01-DA-32C-FM-ALGT01-XM-32C,combo,32,0
FM-ALGT01-DA-32B-FM-ALGT01-XM-32B,combo,18,0
FM-ALGT01-DA-36B-FM-ALGT01-TR-36B,combo,47,0
FM-ALGT01-DA-36A-FM-ALGT01-TR-36A,combo,13,0
FM-ALGT01-DA-34C-FM-ALGT01-TR-34C,combo,76,0
FM-ALGT01-DA-34B-FM-ALGT01-TR-34B,combo,71,0
FM-ALGT01-DA-34A-FM-ALGT01-TR-34A,combo,75,0
FM-ALGT01-DA-32C-FM-ALGT01-TR-32C,combo,53,0
FM-ALGT01-DA-32B-FM-ALGT01-TR-32B,combo,34,0
FM-ALGT01-DA-36B-FM-ALGT01-DE-36B,combo,82,0
FM-ALGT01-DA-36A-FM-ALGT01-DE-36A,combo,80,0
FM-ALGT01-DA-34C-FM-ALGT01-DE-34C,combo,103,0
FM-ALGT01-DA-34B-FM-ALGT01-DE-34B,combo,83,0
FM-ALGT01-DA-34A-FM-ALGT01-DE-34A,combo,91,0
FM-ALGT01-DA-32C-FM-ALGT01-DE-32C,combo,93,0
FM-ALGT01-DA-32B-FM-ALGT01-DE-32B,combo,65,0
FM-BCTR01-WG-KL-FM-BDTN01-WG-KL,combo,192,0
FM-BCTR01-WG-KL-FM-BDTN01-BN-KL,combo,187,0
FM-BCTR01-WG-KL-FM-BDTN01-DE-KL,combo,185,0
FM-BCTR01-WG-KL-FM-BDTN01-TR-KL,combo,188,0
FM-BCTR01-BN-KL-FM-BDTN01-BN-KL,combo,207,0
FM-BCTR01-BN-KL-FM-BDTN01-WG-KL,combo,207,0
FM-BCTR01-BN-KL-FM-BDTN01-DE-KL,combo,207,0
FM-BCTR01-BN-KL-FM-BDTN01-TR-KL,combo,207,0
FM-BCTR01-TR-KL-FM-BDTN01-BN-KL,combo,239,0
FM-BCTR01-TR-KL-FM-BDTN01-WG-KL,combo,239,0
FM-BCTR01-TR-KL-FM-BDTN01-DE-KL,combo,239,0
FM-BCTR01-TR-KL-FM-BDTN01-TR-KL,combo,239,0
FM-BCTR01-DE-KL-FM-BDTN01-WG-KL,combo,232,0
FM-BCTR01-DE-KL-FM-BDTN01-BN-KL,combo,228,0
FM-BCTR01-DE-KL-FM-BDTN01-TR-KL,combo,229,0
FM-BCTR01-DE-KL-FM-BDTN01-DE-KL,combo,226,0
FM-BDTN01-WG-KL-10,normal,61.1,0
FM-BDTN01-BN-KL-10,normal,42.3,0
FM-BDTN01-DE-KL-10,normal,56,0
FM-BDTN01-TR-KL-10,normal,57.9,0
FM-BDTN01-WG-KL-05,normal,122.2,0
FM-BDTN01-BN-KL-05,normal,84.6,0
FM-BDTN01-DE-KL-05,normal,112,0
FM-BDTN01-TR-KL-05,normal,115.8,0
FM-BDTN01-WG-KL-03,normal,203.66660000000002,0
FM-BDTN01-BN-KL-03,normal,141,0
FM-BDTN01-DE-KL-03,normal,186.6667,0
FM-BDTN01-TR-KL-03,normal,193,0
FM-BCTR01-WG-KL-06,normal,32.5,0
FM-BCTR01-BN-KL-06,normal,34.5,0
FM-BCTR01-DE-KL-06,normal,38.6667,0
FM-BCTR01-TR-KL-06,normal,39.8333,0
FM-BCTR01-WG-KL-04,normal,48.75,0
FM-BCTR01-BN-KL-04,normal,51.75,0
FM-BCTR01-DE-KL-04,normal,58,0
FM-BCTR01-TR-KL-04,normal,59.75,0
FM-BCTR01-WG-KL-02,normal,97.5,0
FM-BCTR01-BN-KL-02,normal,103.5,0
FM-BCTR01-DE-KL-02,normal,116,0
FM-BCTR01-TR-KL-02,normal,119.5,0
FM-QDZT01-BE-L,normal,195,0
FM-QDZT01-BE-M,normal,98,0
FM-QDZT01-BE-S,normal,97,0
FM-QDZT01-BE-XL,normal,232,0
FM-QDZT01-BE-2XL,normal,189,0
FM-AKTG01-SM-S,normal,28,0
FM-AKTG01-SM-M,normal,27,0
FM-AKTG01-SM-L,normal,61,0
FM-AKTG01-SM-XL,normal,37,0
FM-ATSM01-XR-XL-FM-Q2NU01-XA-XL,combo,110,0
FM-ATSM01-XR-XL-FM-Q2NU01-XA-L,combo,159,0
FM-ATSM01-XR-XL-FM-Q2NU01-XA-M,combo,79,0
FM-ATSM01-XR-XL-FM-Q2NU01-XA-S,combo,131,0
FM-ATSM01-XR-L-FM-Q2NU01-XA-XL,combo,110,0
FM-ATSM01-XR-L-FM-Q2NU01-XA-L,combo,159,0
FM-ATSM01-XR-L-FM-Q2NU01-XA-M,combo,79,0
FM-ATSM01-XR-L-FM-Q2NU01-XA-S,combo,131,0
FM-ATSM01-XR-M-FM-Q2NU01-XA-XL,combo,110,0
FM-ATSM01-XR-M-FM-Q2NU01-XA-L,combo,157,0
FM-ATSM01-XR-M-FM-Q2NU01-XA-M,combo,77,0
FM-ATSM01-XR-M-FM-Q2NU01-XA-S,combo,129,0
FM-ATSM01-XR-S-FM-Q2NU01-XA-XL,combo,110,0
FM-ATSM01-XR-S-FM-Q2NU01-XA-L,combo,160,0
FM-ATSM01-XR-S-FM-Q2NU01-XA-M,combo,80,0
FM-ATSM01-XR-S-FM-Q2NU01-XA-S,combo,132,0
FM-BDTN01-WG-10,normal,129,0
FM-BDTN01-BN-10,normal,209.2,0
FM-BDTN01-DE-10,normal,127.2,0
FM-BDTN01-TR-10,normal,339.70000000000005,0
FM-BDTN01-WG-05,normal,258,0
FM-BDTN01-BN-05,normal,418.4,0
FM-BDTN01-DE-05,normal,254.4,0
FM-BDTN01-TR-05,normal,679.4000000000001,0
FM-BDTN01-WG-03,normal,430,0
FM-BDTN01-BN-03,normal,697.3333,0
FM-BDTN01-DE-03,normal,424,0
FM-BDTN01-TR-03,normal,1132.3333,0
FM-BCTR01-WG-FM-BDTN01-WG,combo,1012,0
FM-BCTR01-WG-FM-BDTN01-BN,combo,1004,0
FM-BCTR01-WG-FM-BDTN01-DE,combo,1004,0
FM-BCTR01-WG-FM-BDTN01-TR,combo,1005,0
FM-BCTR01-BN-B-FM-BDTN01-BN,combo,1073,0
FM-BCTR01-BN-B-FM-BDTN01-WG,combo,1073,0
FM-BCTR01-BN-B-FM-BDTN01-DE,combo,1073,0
FM-BCTR01-BN-B-FM-BDTN01-TR,combo,1073,0
FM-BCTR01-TR-FM-BDTN01-BN,combo,1147,0
FM-BCTR01-TR-FM-BDTN01-WG,combo,1147,0
FM-BCTR01-TR-FM-BDTN01-DE,combo,1147,0
FM-BCTR01-TR-FM-BDTN01-TR,combo,1147,0
FM-BCTR01-DE-FM-BDTN01-WG,combo,1062,0
FM-BCTR01-DE-FM-BDTN01-BN,combo,1062,0
FM-BCTR01-DE-FM-BDTN01-TR,combo,1062,0
FM-BCTR01-DE-FM-BDTN01-DE,combo,1062,0
FM-BCTR01-WG-06,normal,169,0
FM-BCTR01-BN-B-06,normal,178.8333,0
FM-BCTR01-DE-06,normal,177,0
FM-BCTR01-TR-06,normal,191.1667,0
FM-BCTR01-WG-04,normal,253.5,0
FM-BCTR01-BN-B-04,normal,268.25,0
FM-BCTR01-DE-04,normal,265.5,0
FM-BCTR01-TR-04,normal,286.75,0
FM-BCTR01-WG-02,normal,507,0
FM-BCTR01-BN-B-02,normal,536.5,0
FM-BCTR01-DE-02,normal,531,0
FM-BCTR01-TR-02,normal,573.5,0
FM-ATSM01-TR-XL-FM-Q2NU01-DE-XL,combo,262,0
FM-ATSM01-TR-XL-FM-Q2NU01-DE-L,combo,496,0
FM-ATSM01-TR-XL-FM-Q2NU01-DE-M,combo,372,0
FM-ATSM01-TR-XL-FM-Q2NU01-DE-S,combo,451,0
FM-ATSM01-TR-L-FM-Q2NU01-DE-XL,combo,262,0
FM-ATSM01-TR-L-FM-Q2NU01-DE-L,combo,464,0
FM-ATSM01-TR-L-FM-Q2NU01-DE-M,combo,372,0
FM-ATSM01-TR-L-FM-Q2NU01-DE-S,combo,451,0
FM-ATSM01-TR-M-FM-Q2NU01-DE-XL,combo,262,0
FM-ATSM01-TR-M-FM-Q2NU01-DE-L,combo,370,0
FM-ATSM01-TR-M-FM-Q2NU01-DE-M,combo,370,0
FM-ATSM01-TR-M-FM-Q2NU01-DE-S,combo,370,0
FM-ATSM01-TR-S-FM-Q2NU01-DE-XL,combo,262,0
FM-ATSM01-TR-S-FM-Q2NU01-DE-L,combo,297,0
FM-ATSM01-TR-S-FM-Q2NU01-DE-M,combo,297,0
FM-ATSM01-TR-S-FM-Q2NU01-DE-S,combo,297,0
FM-ATTS01-TP-XL-FM-QLTG01-DE-XL,combo,67,0
FM-ATTS01-TP-XL-FM-QLTG01-DE-L,combo,67,0
FM-ATTS01-TP-XL-FM-QLTG01-DE-M,combo,67,0
FM-ATTS01-TP-XL-FM-QLTG01-DE-S,combo,67,0
FM-ATTS01-TP-L-FM-QLTG01-DE-XL,combo,139,0
FM-ATTS01-TP-L-FM-QLTG01-DE-L,combo,139,0
FM-ATTS01-TP-L-FM-QLTG01-DE-M,combo,139,0
FM-ATTS01-TP-L-FM-QLTG01-DE-S,combo,139,0
FM-ATTS01-TP-M-FM-QLTG01-DE-XL,combo,12,0
FM-ATTS01-TP-M-FM-QLTG01-DE-L,combo,12,0
FM-ATTS01-TP-M-FM-QLTG01-DE-M,combo,12,0
FM-ATTS01-TP-M-FM-QLTG01-DE-S,combo,12,0
FM-ATTS01-TP-S-FM-QLTG01-DE-XL,combo,143,0
FM-ATTS01-TP-S-FM-QLTG01-DE-L,combo,143,0
FM-ATTS01-TP-S-FM-QLTG01-DE-M,combo,143,0
FM-ATTS01-TP-S-FM-QLTG01-DE-S,combo,143,0
FM-ATTS01-HP-XL-FM-Q2NU01-TR-XL,combo,0,0
FM-ATTS01-HP-XL-FM-Q2NU01-TR-L,combo,0,0
FM-ATTS01-HP-XL-FM-Q2NU01-TR-M,combo,0,0
FM-ATTS01-HP-XL-FM-Q2NU01-TR-S,combo,0,0
FM-ATTS01-HP-L-FM-Q2NU01-TR-XL,combo,0,0
FM-ATTS01-HP-L-FM-Q2NU01-TR-L,combo,0,0
FM-ATTS01-HP-L-FM-Q2NU01-TR-M,combo,0,0
FM-ATTS01-HP-L-FM-Q2NU01-TR-S,combo,0,0
FM-ATTS01-HP-M-FM-Q2NU01-TR-XL,combo,0,0
FM-ATTS01-HP-M-FM-Q2NU01-TR-L,combo,0,0
FM-ATTS01-HP-M-FM-Q2NU01-TR-M,combo,0,0
FM-ATTS01-HP-M-FM-Q2NU01-TR-S,combo,0,0
FM-ATTS01-HP-S-FM-Q2NU01-TR-XL,combo,0,0
FM-ATTS01-HP-S-FM-Q2NU01-TR-L,combo,0,0
FM-ATTS01-HP-S-FM-Q2NU01-TR-M,combo,0,0
FM-ATTS01-HP-S-FM-Q2NU01-TR-S,combo,0,0
FM-AKCV01-SM-XL-FM-VSFM01-TR-XL,combo,42,0
FM-AKCV01-SM-XL-FM-VSFM01-TR-L,combo,42,0
FM-AKCV01-SM-XL-FM-VSFM01-TR-M,combo,42,0
FM-AKCV01-SM-XL-FM-VSFM01-TR-S,combo,42,0
FM-AKCV01-SM-L-FM-VSFM01-TR-XL,combo,38,0
FM-AKCV01-SM-L-FM-VSFM01-TR-L,combo,38,0
FM-AKCV01-SM-L-FM-VSFM01-TR-M,combo,38,0
FM-AKCV01-SM-L-FM-VSFM01-TR-S,combo,38,0
FM-AKCV01-SM-M-FM-VSFM01-TR-XL,combo,0,0
FM-AKCV01-SM-M-FM-VSFM01-TR-L,combo,0,0
FM-AKCV01-SM-M-FM-VSFM01-TR-M,combo,0,0
FM-AKCV01-SM-M-FM-VSFM01-TR-S,combo,0,0
FM-AKCV01-SM-S-FM-VSFM01-TR-XL,combo,0,0
FM-AKCV01-SM-S-FM-VSFM01-TR-L,combo,0,0
FM-AKCV01-SM-S-FM-VSFM01-TR-M,combo,0,0
FM-AKCV01-SM-S-FM-VSFM01-TR-S,combo,0,0
FM-ABPL01-DT-XL-FM-VSFM01-TR-XL,combo,34,0
FM-ABPL01-DT-XL-FM-VSFM01-TR-L,combo,34,0
FM-ABPL01-DT-XL-FM-VSFM01-TR-M,combo,34,0
FM-ABPL01-DT-XL-FM-VSFM01-TR-S,combo,34,0
FM-ABPL01-DT-L-FM-VSFM01-TR-XL,combo,35,0
FM-ABPL01-DT-L-FM-VSFM01-TR-L,combo,35,0
FM-ABPL01-DT-L-FM-VSFM01-TR-M,combo,35,0
FM-ABPL01-DT-L-FM-VSFM01-TR-S,combo,35,0
FM-ABPL01-DT-M-FM-VSFM01-TR-XL,combo,28,0
FM-ABPL01-DT-M-FM-VSFM01-TR-L,combo,28,0
FM-ABPL01-DT-M-FM-VSFM01-TR-M,combo,28,0
FM-ABPL01-DT-M-FM-VSFM01-TR-S,combo,28,0
FM-ABPL01-DT-S-FM-VSFM01-TR-XL,combo,60,0
FM-ABPL01-DT-S-FM-VSFM01-TR-L,combo,60,0
FM-ABPL01-DT-S-FM-VSFM01-TR-M,combo,60,0
FM-ABPL01-DT-S-FM-VSFM01-TR-S,combo,60,0
FM-AKCV01-ES-XL-FM-VSFM01-TR-XL,combo,1,0
FM-AKCV01-ES-XL-FM-VSFM01-TR-L,combo,1,0
FM-AKCV01-ES-XL-FM-VSFM01-TR-M,combo,1,0
FM-AKCV01-ES-XL-FM-VSFM01-TR-S,combo,1,0
FM-AKCV01-ES-L-FM-VSFM01-TR-XL,combo,49,0
FM-AKCV01-ES-L-FM-VSFM01-TR-L,combo,49,0
FM-AKCV01-ES-L-FM-VSFM01-TR-M,combo,49,0
FM-AKCV01-ES-L-FM-VSFM01-TR-S,combo,49,0
FM-AKCV01-ES-M-FM-VSFM01-TR-XL,combo,40,0
FM-AKCV01-ES-M-FM-VSFM01-TR-L,combo,40,0
FM-AKCV01-ES-M-FM-VSFM01-TR-M,combo,40,0
FM-AKCV01-ES-M-FM-VSFM01-TR-S,combo,40,0
FM-AKCV01-ES-S-FM-VSFM01-TR-XL,combo,116,0
FM-AKCV01-ES-S-FM-VSFM01-TR-L,combo,116,0
FM-AKCV01-ES-S-FM-VSFM01-TR-M,combo,116,0
FM-AKCV01-ES-S-FM-VSFM01-TR-S,combo,116,0
FM-ABPL01-NT-XL-FM-VSFM01-TR-XL,combo,0,0
FM-ABPL01-NT-XL-FM-VSFM01-TR-L,combo,0,0
FM-ABPL01-NT-XL-FM-VSFM01-TR-M,combo,0,0
FM-ABPL01-NT-XL-FM-VSFM01-TR-S,combo,0,0
FM-ABPL01-NT-L-FM-VSFM01-TR-XL,combo,0,0
FM-ABPL01-NT-L-FM-VSFM01-TR-L,combo,0,0
FM-ABPL01-NT-L-FM-VSFM01-TR-M,combo,0,0
FM-ABPL01-NT-L-FM-VSFM01-TR-S,combo,0,0
FM-ABPL01-NT-M-FM-VSFM01-TR-XL,combo,0,0
FM-ABPL01-NT-M-FM-VSFM01-TR-L,combo,0,0
FM-ABPL01-NT-M-FM-VSFM01-TR-M,combo,0,0
FM-ABPL01-NT-M-FM-VSFM01-TR-S,combo,0,0
FM-ABPL01-NT-S-FM-VSFM01-TR-XL,combo,8,0
FM-ABPL01-NT-S-FM-VSFM01-TR-L,combo,8,0
FM-ABPL01-NT-S-FM-VSFM01-TR-M,combo,8,0
FM-ABPL01-NT-S-FM-VSFM01-TR-S,combo,8,0
FM-ATSM01-DE-XL-FM-Q2NU01-DE-XL,combo,264,0
FM-ATSM01-DE-XL-FM-Q2NU01-DE-L,combo,275,0
FM-ATSM01-DE-XL-FM-Q2NU01-DE-M,combo,275,0
FM-ATSM01-DE-XL-FM-Q2NU01-DE-S,combo,275,0
FM-ATSM01-DE-L-FM-Q2NU01-DE-XL,combo,262,0
FM-ATSM01-DE-L-FM-Q2NU01-DE-L,combo,468,0
FM-ATSM01-DE-L-FM-Q2NU01-DE-M,combo,372,0
FM-ATSM01-DE-L-FM-Q2NU01-DE-S,combo,451,0
FM-ATSM01-DE-M-FM-Q2NU01-DE-XL,combo,265,0
FM-ATSM01-DE-M-FM-Q2NU01-DE-L,combo,454,0
FM-ATSM01-DE-M-FM-Q2NU01-DE-M,combo,375,0
FM-ATSM01-DE-M-FM-Q2NU01-DE-S,combo,454,0
FM-ATSM01-DE-S-FM-Q2NU01-DE-XL,combo,112,0
FM-ATSM01-DE-S-FM-Q2NU01-DE-L,combo,112,0
FM-ATSM01-DE-S-FM-Q2NU01-DE-M,combo,112,0
FM-ATSM01-DE-S-FM-Q2NU01-DE-S,combo,112,0
FM-ATSM01-HD-XL-FM-Q2NU01-TR-XL,combo,121,0
FM-ATSM01-HD-XL-FM-Q2NU01-TR-L,combo,214,0
FM-ATSM01-HD-XL-FM-Q2NU01-TR-M,combo,169,0
FM-ATSM01-HD-XL-FM-Q2NU01-TR-S,combo,68,0
FM-ATSM01-HD-L-FM-Q2NU01-TR-XL,combo,120,0
FM-ATSM01-HD-L-FM-Q2NU01-TR-L,combo,147,0
FM-ATSM01-HD-L-FM-Q2NU01-TR-M,combo,147,0
FM-ATSM01-HD-L-FM-Q2NU01-TR-S,combo,67,0
FM-ATSM01-HD-M-FM-Q2NU01-TR-XL,combo,101,0
FM-ATSM01-HD-M-FM-Q2NU01-TR-L,combo,101,0
FM-ATSM01-HD-M-FM-Q2NU01-TR-M,combo,101,0
FM-ATSM01-HD-M-FM-Q2NU01-TR-S,combo,66,0
FM-ATSM01-HD-S-FM-Q2NU01-TR-XL,combo,122,0
FM-ATSM01-HD-S-FM-Q2NU01-TR-L,combo,176,0
FM-ATSM01-HD-S-FM-Q2NU01-TR-M,combo,170,0
FM-ATSM01-HD-S-FM-Q2NU01-TR-S,combo,68,0
FM-ATSM01-HP-XL-FM-Q2NU01-TR-XL,combo,70,0
FM-ATSM01-HP-XL-FM-Q2NU01-TR-L,combo,70,0
FM-ATSM01-HP-XL-FM-Q2NU01-TR-M,combo,70,0
FM-ATSM01-HP-XL-FM-Q2NU01-TR-S,combo,64,0
FM-ATSM01-HP-L-FM-Q2NU01-TR-XL,combo,59,0
FM-ATSM01-HP-L-FM-Q2NU01-TR-L,combo,59,0
FM-ATSM01-HP-L-FM-Q2NU01-TR-M,combo,59,0
FM-ATSM01-HP-L-FM-Q2NU01-TR-S,combo,59,0
FM-ATSM01-HP-M-FM-Q2NU01-TR-XL,combo,-3,0
FM-ATSM01-HP-M-FM-Q2NU01-TR-L,combo,-3,0
FM-ATSM01-HP-M-FM-Q2NU01-TR-M,combo,-3,0
FM-ATSM01-HP-M-FM-Q2NU01-TR-S,combo,-3,0
FM-ATSM01-HP-S-FM-Q2NU01-TR-XL,combo,0,0
FM-ATSM01-HP-S-FM-Q2NU01-TR-L,combo,0,0
FM-ATSM01-HP-S-FM-Q2NU01-TR-M,combo,0,0
FM-ATSM01-HP-S-FM-Q2NU01-TR-S,combo,0,0
VOFM01-HP-10,normal,0.4,0
VOFM01-DE-10,normal,27.4,0
VOFM01-TR-10,normal,388.40000000000003,0
VOFM01-HP-05,normal,0.8,0
VOFM01-DE-05,normal,54.8,0
VOFM01-TR-05,normal,776.8000000000001,0
FM-BRTT01-TR-XL-FM-QLTG01-BN-XL,combo,0,0
FM-BRTT01-TR-XL-FM-QLTG01-BN-L,combo,0,0
FM-BRTT01-TR-XL-FM-QLTG01-BN-M,combo,0,0
FM-BRTT01-TR-XL-FM-QLTG01-BN-S,combo,0,0
FM-BRTT01-TR-L-FM-QLTG01-BN-XL,combo,0,0
FM-BRTT01-TR-L-FM-QLTG01-BN-L,combo,0,0
FM-BRTT01-TR-L-FM-QLTG01-BN-M,combo,0,0
FM-BRTT01-TR-L-FM-QLTG01-BN-S,combo,0,0
FM-BRTT01-TR-M-FM-QLTG01-BN-XL,combo,0,0
FM-BRTT01-TR-M-FM-QLTG01-BN-L,combo,0,0
FM-BRTT01-TR-M-FM-QLTG01-BN-M,combo,0,0
FM-BRTT01-TR-M-FM-QLTG01-BN-S,combo,0,0
FM-BRTT01-TR-S-FM-QLTG01-BN-XL,combo,0,0
FM-BRTT01-TR-S-FM-QLTG01-BN-L,combo,0,0
FM-BRTT01-TR-S-FM-QLTG01-BN-M,combo,0,0
FM-BRTT01-TR-S-FM-QLTG01-BN-S,combo,0,0
FM-BRTT01-TR-XL-FM-QLTG01-SA-XL,combo,0,0
FM-BRTT01-TR-XL-FM-QLTG01-SA-L,combo,0,0
FM-BRTT01-TR-XL-FM-QLTG01-SA-M,combo,27,0
FM-BRTT01-TR-XL-FM-QLTG01-SA-S,combo,139,0
FM-BRTT01-TR-L-FM-QLTG01-SA-XL,combo,0,0
FM-BRTT01-TR-L-FM-QLTG01-SA-L,combo,0,0
FM-BRTT01-TR-L-FM-QLTG01-SA-M,combo,27,0
FM-BRTT01-TR-L-FM-QLTG01-SA-S,combo,136,0
FM-BRTT01-TR-M-FM-QLTG01-SA-XL,combo,0,0
FM-BRTT01-TR-M-FM-QLTG01-SA-L,combo,0,0
FM-BRTT01-TR-M-FM-QLTG01-SA-M,combo,27,0
FM-BRTT01-TR-M-FM-QLTG01-SA-S,combo,138,0
FM-BRTT01-TR-S-FM-QLTG01-SA-XL,combo,0,0
FM-BRTT01-TR-S-FM-QLTG01-SA-L,combo,0,0
FM-BRTT01-TR-S-FM-QLTG01-SA-M,combo,27,0
FM-BRTT01-TR-S-FM-QLTG01-SA-S,combo,137,0
FM-BRTT01-ES-XL-FM-QDZT01-ES-XL,combo,0,0
FM-BRTT01-ES-XL-FM-QDZT01-ES-L,combo,1,0
FM-BRTT01-ES-XL-FM-QDZT01-ES-M,combo,0,0
FM-BRTT01-ES-XL-FM-QDZT01-ES-S,combo,0,0
FM-BRTT01-ES-L-FM-QDZT01-ES-XL,combo,0,0
FM-BRTT01-ES-L-FM-QDZT01-ES-L,combo,1,0
FM-BRTT01-ES-L-FM-QDZT01-ES-M,combo,0,0
FM-BRTT01-ES-L-FM-QDZT01-ES-S,combo,0,0
FM-BRTT01-ES-M-FM-QDZT01-ES-XL,combo,-2,0
FM-BRTT01-ES-M-FM-QDZT01-ES-L,combo,-2,0
FM-BRTT01-ES-M-FM-QDZT01-ES-M,combo,-2,0
FM-BRTT01-ES-M-FM-QDZT01-ES-S,combo,-2,0
FM-BRTT01-ES-S-FM-QDZT01-ES-XL,combo,0,0
FM-BRTT01-ES-S-FM-QDZT01-ES-L,combo,1,0
FM-BRTT01-ES-S-FM-QDZT01-ES-M,combo,0,0
FM-BRTT01-ES-S-FM-QDZT01-ES-S,combo,0,0
FM-ATCT01-TR-XL-FM-VTNN02-TR-XL,combo,50,0
FM-ATCT01-TR-XL-FM-VTNN02-TR-L,combo,114,0
FM-ATCT01-TR-XL-FM-VTNN02-TR-M,combo,17,0
FM-ATCT01-TR-XL-FM-VTNN02-TR-S,combo,10,0
FM-ATCT01-TR-L-FM-VTNN02-TR-XL,combo,51,0
FM-ATCT01-TR-L-FM-VTNN02-TR-L,combo,115,0
FM-ATCT01-TR-L-FM-VTNN02-TR-M,combo,18,0
FM-ATCT01-TR-L-FM-VTNN02-TR-S,combo,11,0
FM-ATCT01-TR-M-FM-VTNN02-TR-XL,combo,50,0
FM-ATCT01-TR-M-FM-VTNN02-TR-L,combo,114,0
FM-ATCT01-TR-M-FM-VTNN02-TR-M,combo,17,0
FM-ATCT01-TR-M-FM-VTNN02-TR-S,combo,10,0
FM-ATCT01-TR-S-FM-VTNN02-TR-XL,combo,53,0
FM-ATCT01-TR-S-FM-VTNN02-TR-L,combo,117,0
FM-ATCT01-TR-S-FM-VTNN02-TR-M,combo,19,0
FM-ATCT01-TR-S-FM-VTNN02-TR-S,combo,12,0
FM-APTN01-BN-XL-FM-VTNN02-TR-XL,combo,40,0
FM-APTN01-BN-XL-FM-VTNN02-TR-L,combo,40,0
FM-APTN01-BN-XL-FM-VTNN02-TR-M,combo,17,0
FM-APTN01-BN-XL-FM-VTNN02-TR-S,combo,10,0
FM-APTN01-BN-L-FM-VTNN02-TR-XL,combo,53,0
FM-APTN01-BN-L-FM-VTNN02-TR-L,combo,95,0
FM-APTN01-BN-L-FM-VTNN02-TR-M,combo,19,0
FM-APTN01-BN-L-FM-VTNN02-TR-S,combo,12,0
FM-APTN01-BN-M-FM-VTNN02-TR-XL,combo,50,0
FM-APTN01-BN-M-FM-VTNN02-TR-L,combo,93,0
FM-APTN01-BN-M-FM-VTNN02-TR-M,combo,17,0
FM-APTN01-BN-M-FM-VTNN02-TR-S,combo,10,0
FM-APTN01-BN-S-FM-VTNN02-TR-XL,combo,53,0
FM-APTN01-BN-S-FM-VTNN02-TR-L,combo,76,0
FM-APTN01-BN-S-FM-VTNN02-TR-M,combo,19,0
FM-APTN01-BN-S-FM-VTNN02-TR-S,combo,12,0
VOFM01-HP-03,normal,1.3333,0
VOFM01-DE-03,normal,91.3333,0
VOFM01-TR-03,normal,1294.6667,0
VOFM01-TR-VOFM01-DE-VOFM01-HP,normal,4,0
FM-DTNN01-FG-L,normal,58,0
FM-DTNN01-FG-M,normal,19,0
FM-DTNN01-FG-S,normal,62,0
FM-DTNN01-FG-XL,normal,46,0
FM-ATSM01-TP-XL-FM-Q2NU01-TR-XL,combo,101,0
FM-ATSM01-TP-XL-FM-Q2NU01-TR-L,combo,101,0
FM-ATSM01-TP-XL-FM-Q2NU01-TR-M,combo,101,0
FM-ATSM01-TP-XL-FM-Q2NU01-TR-S,combo,64,0
FM-ATSM01-TP-L-FM-Q2NU01-TR-XL,combo,58,0
FM-ATSM01-TP-L-FM-Q2NU01-TR-L,combo,58,0
FM-ATSM01-TP-L-FM-Q2NU01-TR-M,combo,58,0
FM-ATSM01-TP-L-FM-Q2NU01-TR-S,combo,58,0
FM-ATSM01-TP-M-FM-Q2NU01-TR-XL,combo,24,0
FM-ATSM01-TP-M-FM-Q2NU01-TR-L,combo,24,0
FM-ATSM01-TP-M-FM-Q2NU01-TR-M,combo,24,0
FM-ATSM01-TP-M-FM-Q2NU01-TR-S,combo,24,0
FM-ATSM01-TP-S-FM-Q2NU01-TR-XL,combo,96,0
FM-ATSM01-TP-S-FM-Q2NU01-TR-L,combo,96,0
FM-ATSM01-TP-S-FM-Q2NU01-TR-M,combo,96,0
FM-ATSM01-TP-S-FM-Q2NU01-TR-S,combo,64,0
FM-ATSM01-TR-XL-FM-QDJG01-BN-XL,combo,26,0
FM-ATSM01-TR-XL-FM-QDJG01-BN-L,combo,8,0
FM-ATSM01-TR-XL-FM-QDJG01-BN-M,combo,54,0
FM-ATSM01-TR-XL-FM-QDJG01-BN-S,combo,96,0
FM-ATSM01-TR-L-FM-QDJG01-BN-XL,combo,26,0
FM-ATSM01-TR-L-FM-QDJG01-BN-L,combo,8,0
FM-ATSM01-TR-L-FM-QDJG01-BN-M,combo,54,0
FM-ATSM01-TR-L-FM-QDJG01-BN-S,combo,96,0
FM-ATSM01-TR-M-FM-QDJG01-BN-XL,combo,26,0
FM-ATSM01-TR-M-FM-QDJG01-BN-L,combo,8,0
FM-ATSM01-TR-M-FM-QDJG01-BN-M,combo,54,0
FM-ATSM01-TR-M-FM-QDJG01-BN-S,combo,96,0
FM-ATSM01-TR-S-FM-QDJG01-BN-XL,combo,26,0
FM-ATSM01-TR-S-FM-QDJG01-BN-L,combo,8,0
FM-ATSM01-TR-S-FM-QDJG01-BN-M,combo,54,0
FM-ATSM01-TR-S-FM-QDJG01-BN-S,combo,96,0
FM-AVBNU-XR-XL-FM-QNTG01-DE-XL,combo,0,0
FM-AVBNU-XR-XL-FM-QNTG01-DE-L,combo,0,0
FM-AVBNU-XR-XL-FM-QNTG01-DE-M,combo,0,0
FM-AVBNU-XR-XL-FM-QNTG01-DE-S,combo,0,0
FM-AVBNU-XR-L-FM-QNTG01-DE-XL,combo,0,0
FM-AVBNU-XR-L-FM-QNTG01-DE-L,combo,0,0
FM-AVBNU-XR-L-FM-QNTG01-DE-M,combo,0,0
FM-AVBNU-XR-L-FM-QNTG01-DE-S,combo,0,0
FM-AVBNU-XR-M-FM-QNTG01-DE-XL,combo,0,0
FM-AVBNU-XR-M-FM-QNTG01-DE-L,combo,0,0
FM-AVBNU-XR-M-FM-QNTG01-DE-M,combo,0,0
FM-AVBNU-XR-M-FM-QNTG01-DE-S,combo,0,0
FM-AVBNU-XR-S-FM-QNTG01-DE-XL,combo,93,0
FM-AVBNU-XR-S-FM-QNTG01-DE-L,combo,0,0
FM-AVBNU-XR-S-FM-QNTG01-DE-M,combo,0,0
FM-AVBNU-XR-S-FM-QNTG01-DE-S,combo,54,0
FM-QBHN01-DO-XL,normal,0,0
FM-QBHN01-DO-L,normal,0,0
FM-QBHN01-DO-M,normal,0,0
FM-QBHN01-DO-S,normal,0,0
FM-SCFM01-BN-FM-SCFM01-DE-FM-SCFM01-DO,normal,-1,0
FM-SCFM01-TR-FM-SCFM01-DO-FM-SCFM01-BN,normal,-1,0
FM-SCFM01-TR-FM-SCFM01-DE-FM-SCFM01-BN,normal,-1,0
FM-SCFM01-TR-FM-SCFM01-DE-FM-SCFM01-DO,normal,0,0
FM-ATTS01-XN-XL-FM-VXLN01-TR-XL,combo,52,0
FM-ATTS01-XN-XL-FM-VXLN01-TR-L,combo,52,0
FM-ATTS01-XN-XL-FM-VXLN01-TR-M,combo,52,0
FM-ATTS01-XN-XL-FM-VXLN01-TR-S,combo,52,0
FM-ATTS01-XN-L-FM-VXLN01-TR-XL,combo,53,0
FM-ATTS01-XN-L-FM-VXLN01-TR-L,combo,53,0
FM-ATTS01-XN-L-FM-VXLN01-TR-M,combo,53,0
FM-ATTS01-XN-L-FM-VXLN01-TR-S,combo,53,0
FM-ATTS01-XN-M-FM-VXLN01-TR-XL,combo,62,0
FM-ATTS01-XN-M-FM-VXLN01-TR-L,combo,62,0
FM-ATTS01-XN-M-FM-VXLN01-TR-M,combo,62,0
FM-ATTS01-XN-M-FM-VXLN01-TR-S,combo,62,0
FM-ATTS01-XN-S-FM-VXLN01-TR-XL,combo,195,0
FM-ATTS01-XN-S-FM-VXLN01-TR-L,combo,195,0
FM-ATTS01-XN-S-FM-VXLN01-TR-M,combo,195,0
FM-ATTS01-XN-S-FM-VXLN01-TR-S,combo,195,0
FM-BRSB01-DE-XL-FM-VXLN01-TR-XL,combo,60,0
FM-BRSB01-DE-XL-FM-VXLN01-TR-L,combo,60,0
FM-BRSB01-DE-XL-FM-VXLN01-TR-M,combo,60,0
FM-BRSB01-DE-XL-FM-VXLN01-TR-S,combo,60,0
FM-BRSB01-DE-L-FM-VXLN01-TR-XL,combo,67,0
FM-BRSB01-DE-L-FM-VXLN01-TR-L,combo,67,0
FM-BRSB01-DE-L-FM-VXLN01-TR-M,combo,67,0
FM-BRSB01-DE-L-FM-VXLN01-TR-S,combo,67,0
FM-BRSB01-DE-M-FM-VXLN01-TR-XL,combo,32,0
FM-BRSB01-DE-M-FM-VXLN01-TR-L,combo,32,0
FM-BRSB01-DE-M-FM-VXLN01-TR-M,combo,32,0
FM-BRSB01-DE-M-FM-VXLN01-TR-S,combo,32,0
FM-BRSB01-DE-S-FM-VXLN01-TR-XL,combo,0,0
FM-BRSB01-DE-S-FM-VXLN01-TR-L,combo,0,0
FM-BRSB01-DE-S-FM-VXLN01-TR-M,combo,0,0
FM-BRSB01-DE-S-FM-VXLN01-TR-S,combo,0,0
FM-ATSM01-XN-XL-FM-VXLN01-TR-XL,combo,161,0
FM-ATSM01-XN-XL-FM-VXLN01-TR-L,combo,161,0
FM-ATSM01-XN-XL-FM-VXLN01-TR-M,combo,161,0
FM-ATSM01-XN-XL-FM-VXLN01-TR-S,combo,161,0
FM-ATSM01-XN-L-FM-VXLN01-TR-XL,combo,215,0
FM-ATSM01-XN-L-FM-VXLN01-TR-L,combo,249,0
FM-ATSM01-XN-L-FM-VXLN01-TR-M,combo,249,0
FM-ATSM01-XN-L-FM-VXLN01-TR-S,combo,249,0
FM-ATSM01-XN-M-FM-VXLN01-TR-XL,combo,215,0
FM-ATSM01-XN-M-FM-VXLN01-TR-L,combo,288,0
FM-ATSM01-XN-M-FM-VXLN01-TR-M,combo,288,0
FM-ATSM01-XN-M-FM-VXLN01-TR-S,combo,288,0
FM-ATSM01-XN-S-FM-VXLN01-TR-XL,combo,215,0
FM-ATSM01-XN-S-FM-VXLN01-TR-L,combo,231,0
FM-ATSM01-XN-S-FM-VXLN01-TR-M,combo,231,0
FM-ATSM01-XN-S-FM-VXLN01-TR-S,combo,231,0
FM-BRTT01-ES-XL-FM-VXLN01-TR-XL,combo,148,0
FM-BRTT01-ES-XL-FM-VXLN01-TR-L,combo,148,0
FM-BRTT01-ES-XL-FM-VXLN01-TR-M,combo,148,0
FM-BRTT01-ES-XL-FM-VXLN01-TR-S,combo,148,0
FM-BRTT01-ES-L-FM-VXLN01-TR-XL,combo,94,0
FM-BRTT01-ES-L-FM-VXLN01-TR-L,combo,94,0
FM-BRTT01-ES-L-FM-VXLN01-TR-M,combo,94,0
FM-BRTT01-ES-L-FM-VXLN01-TR-S,combo,94,0
FM-BRTT01-ES-M-FM-VXLN01-TR-XL,combo,-2,0
FM-BRTT01-ES-M-FM-VXLN01-TR-L,combo,-2,0
FM-BRTT01-ES-M-FM-VXLN01-TR-M,combo,-2,0
FM-BRTT01-ES-M-FM-VXLN01-TR-S,combo,-2,0
FM-BRTT01-ES-S-FM-VXLN01-TR-XL,combo,0,0
FM-BRTT01-ES-S-FM-VXLN01-TR-L,combo,0,0
FM-BRTT01-ES-S-FM-VXLN01-TR-M,combo,0,0
FM-BRTT01-ES-S-FM-VXLN01-TR-S,combo,0,0
FM-ATXL01-TP-XL-FM-VXLN01-TR-XL,combo,93,0
FM-ATXL01-TP-XL-FM-VXLN01-TR-L,combo,93,0
FM-ATXL01-TP-XL-FM-VXLN01-TR-M,combo,93,0
FM-ATXL01-TP-XL-FM-VXLN01-TR-S,combo,93,0
FM-ATXL01-TP-L-FM-VXLN01-TR-XL,combo,0,0
FM-ATXL01-TP-L-FM-VXLN01-TR-L,combo,0,0
FM-ATXL01-TP-L-FM-VXLN01-TR-M,combo,0,0
FM-ATXL01-TP-L-FM-VXLN01-TR-S,combo,0,0
FM-ATXL01-TP-M-FM-VXLN01-TR-XL,combo,1,0
FM-ATXL01-TP-M-FM-VXLN01-TR-L,combo,1,0
FM-ATXL01-TP-M-FM-VXLN01-TR-M,combo,1,0
FM-ATXL01-TP-M-FM-VXLN01-TR-S,combo,1,0
FM-ATXL01-TP-S-FM-VXLN01-TR-XL,combo,94,0
FM-ATXL01-TP-S-FM-VXLN01-TR-L,combo,94,0
FM-ATXL01-TP-S-FM-VXLN01-TR-M,combo,94,0
FM-ATXL01-TP-S-FM-VXLN01-TR-S,combo,94,0
FM-AVBNU-TP-XL-FM-VXLN01-TR-XL,combo,52,0
FM-AVBNU-TP-XL-FM-VXLN01-TR-L,combo,52,0
FM-AVBNU-TP-XL-FM-VXLN01-TR-M,combo,52,0
FM-AVBNU-TP-XL-FM-VXLN01-TR-S,combo,52,0
FM-AVBNU-TP-L-FM-VXLN01-TR-XL,combo,0,0
FM-AVBNU-TP-L-FM-VXLN01-TR-L,combo,0,0
FM-AVBNU-TP-L-FM-VXLN01-TR-M,combo,0,0
FM-AVBNU-TP-L-FM-VXLN01-TR-S,combo,0,0
FM-AVBNU-TP-M-FM-VXLN01-TR-XL,combo,0,0
FM-AVBNU-TP-M-FM-VXLN01-TR-L,combo,0,0
FM-AVBNU-TP-M-FM-VXLN01-TR-M,combo,0,0
FM-AVBNU-TP-M-FM-VXLN01-TR-S,combo,0,0
FM-AVBNU-TP-S-FM-VXLN01-TR-XL,combo,0,0
FM-AVBNU-TP-S-FM-VXLN01-TR-L,combo,0,0
FM-AVBNU-TP-S-FM-VXLN01-TR-M,combo,0,0
FM-AVBNU-TP-S-FM-VXLN01-TR-S,combo,0,0
FM-QNTG01-MG-XL,normal,0,0
FM-QNTG01-MG-L,normal,0,0
FM-QNTG01-MG-M,normal,0,0
FM-QNTG01-MG-S,normal,29,0
FM-BRTT01-XX-XL-FM-QLTG01-XX-XL,combo,2,0
FM-BRTT01-XX-XL-FM-QLTG01-XX-L,combo,3,0
FM-BRTT01-XX-XL-FM-QLTG01-XX-M,combo,0,0
FM-BRTT01-XX-XL-FM-QLTG01-XX-S,combo,2,0
FM-BRTT01-XX-L-FM-QLTG01-XX-XL,combo,4,0
FM-BRTT01-XX-L-FM-QLTG01-XX-L,combo,6,0
FM-BRTT01-XX-L-FM-QLTG01-XX-M,combo,1,0
FM-BRTT01-XX-L-FM-QLTG01-XX-S,combo,4,0
FM-BRTT01-XX-M-FM-QLTG01-XX-XL,combo,0,0
FM-BRTT01-XX-M-FM-QLTG01-XX-L,combo,0,0
FM-BRTT01-XX-M-FM-QLTG01-XX-M,combo,0,0
FM-BRTT01-XX-M-FM-QLTG01-XX-S,combo,0,0
FM-BRTT01-XX-S-FM-QLTG01-XX-XL,combo,6,0
FM-BRTT01-XX-S-FM-QLTG01-XX-L,combo,4,0
FM-BRTT01-XX-S-FM-QLTG01-XX-M,combo,3,0
FM-BRTT01-XX-S-FM-QLTG01-XX-S,combo,6,0
FM-AVBNU-TP-XL-FM-Q2NU01-TR-XL,combo,56,0
FM-AVBNU-TP-XL-FM-Q2NU01-TR-L,combo,56,0
FM-AVBNU-TP-XL-FM-Q2NU01-TR-M,combo,56,0
FM-AVBNU-TP-XL-FM-Q2NU01-TR-S,combo,56,0
FM-AVBNU-TP-L-FM-Q2NU01-TR-XL,combo,3,0
FM-AVBNU-TP-L-FM-Q2NU01-TR-L,combo,3,0
FM-AVBNU-TP-L-FM-Q2NU01-TR-M,combo,3,0
FM-AVBNU-TP-L-FM-Q2NU01-TR-S,combo,3,0
FM-AVBNU-TP-M-FM-Q2NU01-TR-XL,combo,5,0
FM-AVBNU-TP-M-FM-Q2NU01-TR-L,combo,6,0
FM-AVBNU-TP-M-FM-Q2NU01-TR-M,combo,6,0
FM-AVBNU-TP-M-FM-Q2NU01-TR-S,combo,4,0
FM-AVBNU-TP-S-FM-Q2NU01-TR-XL,combo,5,0
FM-AVBNU-TP-S-FM-Q2NU01-TR-L,combo,5,0
FM-AVBNU-TP-S-FM-Q2NU01-TR-M,combo,5,0
FM-AVBNU-TP-S-FM-Q2NU01-TR-S,combo,4,0
FM-AVBNU-TR-XL-FM-Q2NU01-DE-XL,combo,235,0
FM-AVBNU-TR-XL-FM-Q2NU01-DE-L,combo,238,0
FM-AVBNU-TR-XL-FM-Q2NU01-DE-M,combo,236,0
FM-AVBNU-TR-XL-FM-Q2NU01-DE-S,combo,238,0
FM-AVBNU-TR-L-FM-Q2NU01-DE-XL,combo,108,0
FM-AVBNU-TR-L-FM-Q2NU01-DE-L,combo,111,0
FM-AVBNU-TR-L-FM-Q2NU01-DE-M,combo,109,0
FM-AVBNU-TR-L-FM-Q2NU01-DE-S,combo,111,0
FM-AVBNU-TR-M-FM-Q2NU01-DE-XL,combo,53,0
FM-AVBNU-TR-M-FM-Q2NU01-DE-L,combo,53,0
FM-AVBNU-TR-M-FM-Q2NU01-DE-M,combo,53,0
FM-AVBNU-TR-M-FM-Q2NU01-DE-S,combo,53,0
FM-AVBNU-TR-S-FM-Q2NU01-DE-XL,combo,89,0
FM-AVBNU-TR-S-FM-Q2NU01-DE-L,combo,91,0
FM-AVBNU-TR-S-FM-Q2NU01-DE-M,combo,90,0
FM-AVBNU-TR-S-FM-Q2NU01-DE-S,combo,91,0
FM-SCFM01-DO,normal,49,0
FM-SCFM01-BN,normal,14,0
FM-SCFM01-DE,normal,0,0
FM-SCFM01-TR,normal,0,0
FM-QLTG01-ES-S,normal,75,0
FM-QLTG01-ES-M,normal,18,0
FM-QLTG01-ES-L,normal,43,0
FM-QLTG01-ES-XL,normal,0,0
FM-QLTG01-ES-2XL,normal,21,0
FM-QLTG01-MG-2XL,normal,54,0
FM-QLTG01-MG-XL,normal,0,0
FM-QLTG01-MG-L,normal,0,0
FM-QLTG01-MG-M,normal,86,0
FM-QLTG01-MG-S,normal,127,0
FM-ABPL01-NT-XL-FM-ABPL01-TN-XL,combo,0,0
FM-ABPL01-NT-L-FM-ABPL01-TN-L,combo,0,0
FM-ABPL01-NT-M-FM-ABPL01-TN-M,combo,0,0
FM-ABPL01-NT-S-FM-ABPL01-TN-S,combo,8,0
FM-ABPL01-NT-XL-FM-ABPL01-TD-XL,combo,0,0
FM-ABPL01-NT-L-FM-ABPL01-TD-L,combo,0,0
FM-ABPL01-NT-M-FM-ABPL01-TD-M,combo,0,0
FM-ABPL01-NT-S-FM-ABPL01-TD-S,combo,8,0
FM-ABPL01-TD-XL-FM-ABPL01-TN-XL,combo,45,0
FM-ABPL01-TD-L-FM-ABPL01-TN-L,combo,59,0
FM-ABPL01-TD-M-FM-ABPL01-TN-M,combo,22,0
FM-ABPL01-TD-S-FM-ABPL01-TN-S,combo,11,0
FM-ABPL01-TD-XL-FM-ABPL01-NT-XL,combo,0,0
FM-ABPL01-TD-L-FM-ABPL01-NT-L,combo,0,0
FM-ABPL01-TD-M-FM-ABPL01-NT-M,combo,0,0
FM-ABPL01-TD-S-FM-ABPL01-NT-S,combo,8,0
FM-ABPL01-DT-XL-FM-ABPL01-TN-XL,combo,34,0
FM-ABPL01-DT-L-FM-ABPL01-TN-L,combo,35,0
FM-ABPL01-DT-M-FM-ABPL01-TN-M,combo,22,0
FM-ABPL01-DT-S-FM-ABPL01-TN-S,combo,11,0
FM-ABPL01-DT-XL-FM-ABPL01-NT-XL,combo,0,0
FM-ABPL01-DT-L-FM-ABPL01-NT-L,combo,0,0
FM-ABPL01-DT-M-FM-ABPL01-NT-M,combo,0,0
FM-ABPL01-DT-S-FM-ABPL01-NT-S,combo,8,0
FM-ABPL01-DT-XL-FM-ABPL01-TD-XL,combo,34,0
FM-ABPL01-DT-L-FM-ABPL01-TD-L,combo,35,0
FM-ABPL01-DT-M-FM-ABPL01-TD-M,combo,28,0
FM-ABPL01-DT-S-FM-ABPL01-TD-S,combo,60,0
FM-AKCV01-ES-L,normal,49,0
FM-AKCV01-ES-M,normal,40,0
FM-AKCV01-ES-S,normal,116,0
FM-AKCV01-ES-XL,normal,1,0
FM-AKCV01-SM-L,normal,38,0
FM-AKCV01-SM-M,normal,0,0
FM-AKCV01-SM-S,normal,0,0
FM-AKCV01-SM-XL,normal,42,0
FM-ATSP01-XR-XL-FM-VXLN01-TR-XL,combo,81,0
FM-ATSP01-XR-XL-FM-VXLN01-TR-L,combo,81,0
FM-ATSP01-XR-XL-FM-VXLN01-TR-M,combo,81,0
FM-ATSP01-XR-XL-FM-VXLN01-TR-S,combo,81,0
FM-ATSP01-XR-L-FM-VXLN01-TR-XL,combo,192,0
FM-ATSP01-XR-L-FM-VXLN01-TR-L,combo,192,0
FM-ATSP01-XR-L-FM-VXLN01-TR-M,combo,192,0
FM-ATSP01-XR-L-FM-VXLN01-TR-S,combo,192,0
FM-ATSP01-XR-M-FM-VXLN01-TR-XL,combo,120,0
FM-ATSP01-XR-M-FM-VXLN01-TR-L,combo,120,0
FM-ATSP01-XR-M-FM-VXLN01-TR-M,combo,120,0
FM-ATSP01-XR-M-FM-VXLN01-TR-S,combo,120,0
FM-ATSP01-XR-S-FM-VXLN01-TR-XL,combo,215,0
FM-ATSP01-XR-S-FM-VXLN01-TR-L,combo,233,0
FM-ATSP01-XR-S-FM-VXLN01-TR-M,combo,233,0
FM-ATSP01-XR-S-FM-VXLN01-TR-S,combo,233,0
FM-ATSP01-DE-XL-FM-VXLN01-TR-XL,combo,130,0
FM-ATSP01-DE-XL-FM-VXLN01-TR-L,combo,130,0
FM-ATSP01-DE-XL-FM-VXLN01-TR-M,combo,130,0
FM-ATSP01-DE-XL-FM-VXLN01-TR-S,combo,130,0
FM-ATSP01-DE-L-FM-VXLN01-TR-XL,combo,155,0
FM-ATSP01-DE-L-FM-VXLN01-TR-L,combo,155,0
FM-ATSP01-DE-L-FM-VXLN01-TR-M,combo,155,0
FM-ATSP01-DE-L-FM-VXLN01-TR-S,combo,155,0
FM-ATSP01-DE-M-FM-VXLN01-TR-XL,combo,156,0
FM-ATSP01-DE-M-FM-VXLN01-TR-L,combo,156,0
FM-ATSP01-DE-M-FM-VXLN01-TR-M,combo,156,0
FM-ATSP01-DE-M-FM-VXLN01-TR-S,combo,156,0
FM-ATSP01-DE-S-FM-VXLN01-TR-XL,combo,215,0
FM-ATSP01-DE-S-FM-VXLN01-TR-L,combo,258,0
FM-ATSP01-DE-S-FM-VXLN01-TR-M,combo,258,0
FM-ATSP01-DE-S-FM-VXLN01-TR-S,combo,258,0
FM-BRZT01-DE-XL-FM-VXLN01-TR-XL,combo,209,0
FM-BRZT01-DE-XL-FM-VXLN01-TR-L,combo,209,0
FM-BRZT01-DE-XL-FM-VXLN01-TR-M,combo,209,0
FM-BRZT01-DE-XL-FM-VXLN01-TR-S,combo,209,0
FM-BRZT01-DE-L-FM-VXLN01-TR-XL,combo,215,0
FM-BRZT01-DE-L-FM-VXLN01-TR-L,combo,388,0
FM-BRZT01-DE-L-FM-VXLN01-TR-M,combo,388,0
FM-BRZT01-DE-L-FM-VXLN01-TR-S,combo,388,0
FM-BRZT01-DE-M-FM-VXLN01-TR-XL,combo,215,0
FM-BRZT01-DE-M-FM-VXLN01-TR-L,combo,232,0
FM-BRZT01-DE-M-FM-VXLN01-TR-M,combo,232,0
FM-BRZT01-DE-M-FM-VXLN01-TR-S,combo,232,0
FM-BRZT01-DE-S-FM-VXLN01-TR-XL,combo,180,0
FM-BRZT01-DE-S-FM-VXLN01-TR-L,combo,180,0
FM-BRZT01-DE-S-FM-VXLN01-TR-M,combo,180,0
FM-BRZT01-DE-S-FM-VXLN01-TR-S,combo,180,0
FM-BRZT01-TR-XL-FM-VXLN01-BN-XL,combo,309,0
FM-BRZT01-TR-XL-FM-VXLN01-BN-L,combo,309,0
FM-BRZT01-TR-XL-FM-VXLN01-BN-M,combo,309,0
FM-BRZT01-TR-XL-FM-VXLN01-BN-S,combo,244,0
FM-BRZT01-TR-L-FM-VXLN01-BN-XL,combo,417,0
FM-BRZT01-TR-L-FM-VXLN01-BN-L,combo,349,0
FM-BRZT01-TR-L-FM-VXLN01-BN-M,combo,417,0
FM-BRZT01-TR-L-FM-VXLN01-BN-S,combo,244,0
FM-BRZT01-TR-M-FM-VXLN01-BN-XL,combo,254,0
FM-BRZT01-TR-M-FM-VXLN01-BN-L,combo,254,0
FM-BRZT01-TR-M-FM-VXLN01-BN-M,combo,254,0
FM-BRZT01-TR-M-FM-VXLN01-BN-S,combo,244,0
FM-BRZT01-TR-S-FM-VXLN01-BN-XL,combo,141,0
FM-BRZT01-TR-S-FM-VXLN01-BN-L,combo,141,0
FM-BRZT01-TR-S-FM-VXLN01-BN-M,combo,141,0
FM-BRZT01-TR-S-FM-VXLN01-BN-S,combo,141,0
FM-ATSM01-XR-2XL-FM-ATSM01-XN-2XL,combo,216,0
FM-ATSM01-XR-XL-FM-ATSM01-XN-XL,combo,161,0
FM-ATSM01-XR-L-FM-ATSM01-XN-L,combo,249,0
FM-ATSM01-XR-M-FM-ATSM01-XN-M,combo,288,0
FM-ATSM01-XR-S-FM-ATSM01-XN-S,combo,183,0
FM-ATSM01-DE-2XL-FM-ATSM01-HD-2XL,combo,0,0
FM-ATSM01-DE-XL-FM-ATSM01-HD-XL,combo,212,0
FM-ATSM01-DE-L-FM-ATSM01-HD-L,combo,144,0
FM-ATSM01-DE-M-FM-ATSM01-HD-M,combo,101,0
FM-ATSM01-DE-S-FM-ATSM01-HD-S,combo,112,0
FM-ATSM01-DE-2XL-FM-ATSM01-HP-2XL,combo,0,0
FM-ATSM01-DE-XL-FM-ATSM01-HP-XL,combo,70,0
FM-ATSM01-DE-L-FM-ATSM01-HP-L,combo,59,0
FM-ATSM01-DE-M-FM-ATSM01-HP-M,combo,-3,0
FM-ATSM01-DE-S-FM-ATSM01-HP-S,combo,0,0
FM-ATSM01-DE-2XL-FM-ATSM01-XR-2XL,combo,0,0
FM-ATSM01-DE-XL-FM-ATSM01-XR-XL,combo,275,0
FM-ATSM01-DE-L-FM-ATSM01-XR-L,combo,468,0
FM-ATSM01-DE-M-FM-ATSM01-XR-M,combo,437,0
FM-ATSM01-DE-S-FM-ATSM01-XR-S,combo,112,0
FM-ATSM01-DE-2XL-FM-ATSM01-XN-2XL,combo,0,0
FM-ATSM01-DE-XL-FM-ATSM01-XN-XL,combo,161,0
FM-ATSM01-DE-L-FM-ATSM01-XN-L,combo,249,0
FM-ATSM01-DE-M-FM-ATSM01-XN-M,combo,288,0
FM-ATSM01-DE-S-FM-ATSM01-XN-S,combo,110,0
FM-ATSM01-HP-2XL-FM-ATSM01-HD-2XL,combo,62,0
FM-ATSM01-HP-XL-FM-ATSM01-HD-XL,combo,70,0
FM-ATSM01-HP-L-FM-ATSM01-HD-L,combo,59,0
FM-ATSM01-HP-M-FM-ATSM01-HD-M,combo,-3,0
FM-ATSM01-HP-S-FM-ATSM01-HD-S,combo,0,0
FM-ATSM01-HP-2XL-FM-ATSM01-TP-2XL,combo,62,0
FM-ATSM01-HP-XL-FM-ATSM01-TP-XL,combo,70,0
FM-ATSM01-HP-L-FM-ATSM01-TP-L,combo,58,0
FM-ATSM01-HP-M-FM-ATSM01-TP-M,combo,-3,0
FM-ATSM01-HP-S-FM-ATSM01-TP-S,combo,0,0
FM-ATSM01-XR-2XL-FM-ATSM01-TR-2XL,combo,287,0
FM-ATSM01-XR-XL-FM-ATSM01-TR-XL,combo,283,0
FM-ATSM01-XR-L-FM-ATSM01-TR-L,combo,464,0
FM-ATSM01-XR-M-FM-ATSM01-TR-M,combo,370,0
FM-ATSM01-XR-S-FM-ATSM01-TR-S,combo,182,0
FM-ATSM01-HD-2XL-FM-ATSM01-TR-2XL,combo,107,0
FM-ATSM01-HD-XL-FM-ATSM01-TR-XL,combo,210,0
FM-ATSM01-HD-L-FM-ATSM01-TR-L,combo,144,0
FM-ATSM01-HD-M-FM-ATSM01-TR-M,combo,99,0
FM-ATSM01-HD-S-FM-ATSM01-TR-S,combo,172,0
FM-ATSM01-TR-2XL-FM-ATSM01-HP-2XL,combo,62,0
FM-ATSM01-TR-XL-FM-ATSM01-HP-XL,combo,70,0
FM-ATSM01-TR-L-FM-ATSM01-HP-L,combo,59,0
FM-ATSM01-TR-M-FM-ATSM01-HP-M,combo,-3,0
FM-ATSM01-TR-S-FM-ATSM01-HP-S,combo,0,0
FM-ATSM01-TR-2XL-FM-ATSM01-XN-2XL,combo,216,0
FM-ATSM01-TR-XL-FM-ATSM01-XN-XL,combo,161,0
FM-ATSM01-TR-L-FM-ATSM01-XN-L,combo,249,0
FM-ATSM01-TR-M-FM-ATSM01-XN-M,combo,288,0
FM-ATSM01-TR-S-FM-ATSM01-XN-S,combo,231,0
FM-ATSM01-TR-2XL-FM-ATSM01-DE-2XL,combo,0,0
FM-ATSM01-TR-XL-FM-ATSM01-DE-XL,combo,273,0
FM-ATSM01-TR-L-FM-ATSM01-DE-L,combo,464,0
FM-ATSM01-TR-M-FM-ATSM01-DE-M,combo,370,0
FM-ATSM01-TR-S-FM-ATSM01-DE-S,combo,109,0
FM-QDZT01-MG-2XL,normal,7,0
FM-QDZT01-MG-XL,normal,2,0
FM-QDZT01-MG-S,normal,21,0
FM-QDZT01-MG-M,normal,0,0
FM-QDZT01-MG-L,normal,8,0
FM-QDZT01-ES-2XL,normal,76,0
FM-QDZT01-ES-XL,normal,0,0
FM-QDZT01-ES-S,normal,0,0
FM-QDZT01-ES-M,normal,0,0
FM-QDZT01-ES-L,normal,1,0
FM-ACTD01-BN-XL-FM-VTHN01-BN-XL,combo,25,0
FM-ACTD01-BN-XL-FM-VTHN01-BN-L,combo,25,0
FM-ACTD01-BN-XL-FM-VTHN01-BN-M,combo,25,0
FM-ACTD01-BN-XL-FM-VTHN01-BN-S,combo,25,0
FM-ACTD01-BN-L-FM-VTHN01-BN-XL,combo,35,0
FM-ACTD01-BN-L-FM-VTHN01-BN-L,combo,51,0
FM-ACTD01-BN-L-FM-VTHN01-BN-M,combo,51,0
FM-ACTD01-BN-L-FM-VTHN01-BN-S,combo,51,0
FM-ACTD01-BN-M-FM-VTHN01-BN-XL,combo,35,0
FM-ACTD01-BN-M-FM-VTHN01-BN-L,combo,48,0
FM-ACTD01-BN-M-FM-VTHN01-BN-M,combo,48,0
FM-ACTD01-BN-M-FM-VTHN01-BN-S,combo,48,0
FM-ACTD01-BN-S-FM-VTHN01-BN-XL,combo,24,0
FM-ACTD01-BN-S-FM-VTHN01-BN-L,combo,24,0
FM-ACTD01-BN-S-FM-VTHN01-BN-M,combo,24,0
FM-ACTD01-BN-S-FM-VTHN01-BN-S,combo,24,0
FM-APTN01-TR-XL-FM-VTNN01-TR-XL,combo,49,0
FM-APTN01-TR-XL-FM-VTNN01-TR-L,combo,56,0
FM-APTN01-TR-XL-FM-VTNN01-TR-M,combo,73,0
FM-APTN01-TR-XL-FM-VTNN01-TR-S,combo,37,0
FM-APTN01-TR-L-FM-VTNN01-TR-XL,combo,51,0
FM-APTN01-TR-L-FM-VTNN01-TR-L,combo,58,0
FM-APTN01-TR-L-FM-VTNN01-TR-M,combo,76,0
FM-APTN01-TR-L-FM-VTNN01-TR-S,combo,37,0
FM-APTN01-TR-M-FM-VTNN01-TR-XL,combo,51,0
FM-APTN01-TR-M-FM-VTNN01-TR-L,combo,58,0
FM-APTN01-TR-M-FM-VTNN01-TR-M,combo,77,0
FM-APTN01-TR-M-FM-VTNN01-TR-S,combo,37,0
FM-APTN01-TR-S-FM-VTNN01-TR-XL,combo,48,0
FM-APTN01-TR-S-FM-VTNN01-TR-L,combo,55,0
FM-APTN01-TR-S-FM-VTNN01-TR-M,combo,73,0
FM-APTN01-TR-S-FM-VTNN01-TR-S,combo,36,0
FM-ATCT01-RB-XL-FM-VTHN01-RB-XL,combo,27,0
FM-ATCT01-RB-XL-FM-VTHN01-RB-L,combo,73,0
FM-ATCT01-RB-XL-FM-VTHN01-RB-M,combo,18,0
FM-ATCT01-RB-XL-FM-VTHN01-RB-S,combo,57,0
FM-ATCT01-RB-L-FM-VTHN01-RB-XL,combo,27,0
FM-ATCT01-RB-L-FM-VTHN01-RB-L,combo,73,0
FM-ATCT01-RB-L-FM-VTHN01-RB-M,combo,18,0
FM-ATCT01-RB-L-FM-VTHN01-RB-S,combo,57,0
FM-ATCT01-RB-M-FM-VTHN01-RB-XL,combo,27,0
FM-ATCT01-RB-M-FM-VTHN01-RB-L,combo,73,0
FM-ATCT01-RB-M-FM-VTHN01-RB-M,combo,18,0
FM-ATCT01-RB-M-FM-VTHN01-RB-S,combo,57,0
FM-ATCT01-RB-S-FM-VTHN01-RB-XL,combo,25,0
FM-ATCT01-RB-S-FM-VTHN01-RB-L,combo,73,0
FM-ATCT01-RB-S-FM-VTHN01-RB-M,combo,18,0
FM-ATCT01-RB-S-FM-VTHN01-RB-S,combo,57,0
FM-AKTN01-BN-XL-FM-VTHN01-BN-XL,combo,8,0
FM-AKTN01-BN-XL-FM-VTHN01-BN-L,combo,8,0
FM-AKTN01-BN-XL-FM-VTHN01-BN-M,combo,8,0
FM-AKTN01-BN-XL-FM-VTHN01-BN-S,combo,8,0
FM-AKTN01-BN-L-FM-VTHN01-BN-XL,combo,35,0
FM-AKTN01-BN-L-FM-VTHN01-BN-L,combo,71,0
FM-AKTN01-BN-L-FM-VTHN01-BN-M,combo,70,0
FM-AKTN01-BN-L-FM-VTHN01-BN-S,combo,61,0
FM-AKTN01-BN-M-FM-VTHN01-BN-XL,combo,35,0
FM-AKTN01-BN-M-FM-VTHN01-BN-L,combo,60,0
FM-AKTN01-BN-M-FM-VTHN01-BN-M,combo,60,0
FM-AKTN01-BN-M-FM-VTHN01-BN-S,combo,60,0
FM-AKTN01-BN-S-FM-VTHN01-BN-XL,combo,35,0
FM-AKTN01-BN-S-FM-VTHN01-BN-L,combo,62,0
FM-AKTN01-BN-S-FM-VTHN01-BN-M,combo,62,0
FM-AKTN01-BN-S-FM-VTHN01-BN-S,combo,61,0
FM-APTN01-NB-XL-FM-VTNN01-NB-XL,combo,47,0
FM-APTN01-NB-XL-FM-VTNN01-NB-L,combo,47,0
FM-APTN01-NB-XL-FM-VTNN01-NB-M,combo,47,0
FM-APTN01-NB-XL-FM-VTNN01-NB-S,combo,47,0
FM-APTN01-NB-L-FM-VTNN01-NB-XL,combo,45,0
FM-APTN01-NB-L-FM-VTNN01-NB-L,combo,45,0
FM-APTN01-NB-L-FM-VTNN01-NB-M,combo,45,0
FM-APTN01-NB-L-FM-VTNN01-NB-S,combo,44,0
FM-APTN01-NB-M-FM-VTNN01-NB-XL,combo,40,0
FM-APTN01-NB-M-FM-VTNN01-NB-L,combo,40,0
FM-APTN01-NB-M-FM-VTNN01-NB-M,combo,40,0
FM-APTN01-NB-M-FM-VTNN01-NB-S,combo,40,0
FM-APTN01-NB-S-FM-VTNN01-NB-XL,combo,70,0
FM-APTN01-NB-S-FM-VTNN01-NB-L,combo,68,0
FM-APTN01-NB-S-FM-VTNN01-NB-M,combo,74,0
FM-APTN01-NB-S-FM-VTNN01-NB-S,combo,67,0
VV-DXSP01-NN-L,normal,0,0
VV-DXSP01-NN-M,normal,0,0
VV-DXSP01-NN-S,normal,0,0
VV-DXSP01-NN-XS,normal,0,0
VV-DXSP01-BN-L,normal,0,0
VV-DXSP01-BN-M,normal,0,0
VV-DXSP01-BN-S,normal,0,0
VV-DXSP01-BN-XS,normal,0,0
VV-DXSP01-TR-L,normal,0,0
VV-DXSP01-TR-M,normal,0,0
VV-DXSP01-TR-S,normal,0,0
VV-DXSP01-TR-XS,normal,0,0
FM-VTNN02-BN-L,normal,181,0
FM-VTNN02-BN-M,normal,142,0
FM-VTNN02-BN-S,normal,125,0
FM-VTNN02-BN-XL,normal,5,0
FM-VTNN02-DO-L,normal,60,0
FM-VTNN02-DO-M,normal,2,0
FM-VTNN02-DO-S,normal,103,0
FM-VTNN02-DO-XL,normal,85,0
VV-ACSP01-NT-L,normal,0,0
VV-ACSP01-NT-M,normal,0,0
VV-ACSP01-NT-S,normal,0,0
VV-ACSP01-NT-XL,normal,0,0
VV-ACSP01-TR-L,normal,0,0
VV-ACSP01-TR-M,normal,0,0
VV-ACSP01-TR-S,normal,0,0
VV-ACSP01-TR-XS,normal,0,0
VV-DNSP02-NN-L,normal,0,0
VV-DNSP02-NN-M,normal,0,0
VV-DNSP02-NN-S,normal,0,0
VV-DNSP02-NN-XS,normal,0,0
VV-DNSP02-TR-L,normal,0,0
VV-DNSP02-TR-M,normal,0,0
VV-DNSP02-TR-S,normal,0,0
VV-DNSP02-TR-XS,normal,0,0
VV-DPSP01-NN-L,normal,0,0
VV-DPSP01-NN-M,normal,0,0
VV-DPSP01-NN-S,normal,0,0
VV-DPSP01-NN-XS,normal,0,0
VV-DPSP01-TR-L,normal,0,0
VV-DPSP01-TR-M,normal,0,0
VV-DPSP01-TR-S,normal,0,0
VV-DPSP01-TR-XS,normal,0,0
VV-DSSP02-NN-L,normal,0,0
VV-DSSP02-NN-M,normal,0,0
VV-DSSP02-NN-S,normal,0,0
VV-DSSP02-NN-XS,normal,0,0
VV-DSSP02-BN-L,normal,0,0
VV-DSSP02-BN-M,normal,0,0
VV-DSSP02-BN-S,normal,0,0
VV-DSSP02-BN-XS,normal,0,0
VV-DSSP02-TR-L,normal,0,0
VV-DSSP02-TR-M,normal,0,0
VV-DSSP02-TR-S,normal,0,0
VV-DSSP02-TR-XS,normal,0,0
VV-MNDN01-BN-KL,normal,0,0
VV-MNDN01-TR-KL,normal,0,0
VV-MNDN01-BN,normal,0,0
VV-MNDN01-TR,normal,0,0
VV-APSP01-NT-L,normal,0,0
VV-APSP01-NT-M,normal,0,0
VV-APSP01-NT-S,normal,0,0
VV-APSP01-NT-XS,normal,0,0
VV-APSP01-TR-L,normal,0,0
VV-APSP01-TR-M,normal,0,0
VV-APSP01-TR-S,normal,0,0
VV-APSP01-TR-XS,normal,0,0
VV-DSSP01-BN-L,normal,0,0
VV-DSSP01-BN-M,normal,0,0
VV-DSSP01-BN-S,normal,0,0
VV-DSSP01-BN-XS,normal,0,0
VV-DSSP01-TR-L,normal,0,0
VV-DSSP01-TR-M,normal,0,0
VV-DSSP01-TR-S,normal,0,0
VV-DSSP01-TR-XS,normal,0,0
VV-DNSP01-BN-L,normal,0,0
VV-DNSP01-BN-M,normal,0,0
VV-DNSP01-BN-S,normal,0,0
VV-DNSP01-BN-XS,normal,0,0
VV-DNSP01-TR-L,normal,0,0
VV-DNSP01-TR-M,normal,0,0
VV-DNSP01-TR-S,normal,0,0
VV-DNSP01-TR-XS,normal,0,0
VV-VXSP01-NT-L,normal,0,0
VV-VXSP01-NT-M,normal,0,0
VV-VXSP01-NT-S,normal,0,0
VV-VXSP01-NT-XS,normal,0,0
VV-VXSP01-TR-L,normal,0,0
VV-VXSP01-TR-M,normal,0,0
VV-VXSP01-TR-S,normal,0,0
VV-VXSP01-TR-XS,normal,0,0
VV-VVSP01-NT-L,normal,0,0
VV-VVSP01-NT-M,normal,0,0
VV-VVSP01-NT-S,normal,0,0
VV-VVSP01-NT-XS,normal,0,0
VV-VVSP01-TR-L,normal,0,0
VV-VVSP01-TR-M,normal,0,0
VV-VVSP01-TR-S,normal,0,0
VV-VVSP01-TR-XS,normal,0,0
VV-ACSP02-BN-L,normal,0,0
VV-ACSP02-BN-M,normal,0,0
VV-ACSP02-BN-S,normal,0,0
VV-ACSP02-BN-XS,normal,0,0
VV-ACSP02-TR-L,normal,0,0
VV-ACSP02-TR-M,normal,0,0
VV-ACSP02-TR-S,normal,0,0
VV-ACSP02-TR-XS,normal,0,0
VV-APSP02-TR-L,normal,0,0
VV-APSP02-TR-M,normal,0,0
VV-APSP02-TR-S,normal,0,0
VV-APSP02-TR-XS,normal,0,0
VV-APSP02-BN-L,normal,0,0
VV-APSP02-BN-M,normal,0,0
VV-APSP02-BN-S,normal,0,0
VV-APSP02-BN-XS,normal,0,0
VV-VXSP02-TR-L,normal,0,0
VV-VXSP02-TR-M,normal,0,0
VV-VXSP02-TR-S,normal,0,0
VV-VXSP02-TR-XS,normal,0,0
VV-VXSP02-BN-L,normal,0,0
VV-VXSP02-BN-M,normal,0,0
VV-VXSP02-BN-S,normal,0,0
VV-VXSP02-BN-XS,normal,0,0
FM-ATXL01-DE-XL-FM-QDZT01-DE-XL,combo,0,0
FM-ATXL01-DE-XL-FM-QDZT01-DE-L,combo,0,0
FM-ATXL01-DE-XL-FM-QDZT01-DE-M,combo,0,0
FM-ATXL01-DE-XL-FM-QDZT01-DE-S,combo,0,0
FM-ATXL01-DE-L-FM-QDZT01-DE-XL,combo,0,0
FM-ATXL01-DE-L-FM-QDZT01-DE-L,combo,0,0
FM-ATXL01-DE-L-FM-QDZT01-DE-M,combo,0,0
FM-ATXL01-DE-L-FM-QDZT01-DE-S,combo,0,0
FM-ATXL01-DE-M-FM-QDZT01-DE-XL,combo,0,0
FM-ATXL01-DE-M-FM-QDZT01-DE-L,combo,0,0
FM-ATXL01-DE-M-FM-QDZT01-DE-M,combo,0,0
FM-ATXL01-DE-M-FM-QDZT01-DE-S,combo,0,0
FM-ATXL01-DE-S-FM-QDZT01-DE-XL,combo,0,0
FM-ATXL01-DE-S-FM-QDZT01-DE-L,combo,0,0
FM-ATXL01-DE-S-FM-QDZT01-DE-M,combo,0,0
FM-ATXL01-DE-S-FM-QDZT01-DE-S,combo,0,0
FM-BRTT01-ES-XL,normal,151,0
FM-BRTT01-ES-L,normal,95,0
FM-BRTT01-ES-M,normal,-2,0
FM-BRTT01-ES-S,normal,8,0
FM-ATTS01-HD-XL-FM-Q2NU01-TR-XL,combo,20,0
FM-ATTS01-HD-XL-FM-Q2NU01-TR-L,combo,20,0
FM-ATTS01-HD-XL-FM-Q2NU01-TR-M,combo,20,0
FM-ATTS01-HD-XL-FM-Q2NU01-TR-S,combo,20,0
FM-ATTS01-HD-L-FM-Q2NU01-TR-XL,combo,101,0
FM-ATTS01-HD-L-FM-Q2NU01-TR-L,combo,101,0
FM-ATTS01-HD-L-FM-Q2NU01-TR-M,combo,101,0
FM-ATTS01-HD-L-FM-Q2NU01-TR-S,combo,64,0
FM-ATTS01-HD-M-FM-Q2NU01-TR-XL,combo,117,0
FM-ATTS01-HD-M-FM-Q2NU01-TR-L,combo,138,0
FM-ATTS01-HD-M-FM-Q2NU01-TR-M,combo,138,0
FM-ATTS01-HD-M-FM-Q2NU01-TR-S,combo,64,0
FM-ATTS01-HD-S-FM-Q2NU01-TR-XL,combo,86,0
FM-ATTS01-HD-S-FM-Q2NU01-TR-L,combo,86,0
FM-ATTS01-HD-S-FM-Q2NU01-TR-M,combo,86,0
FM-ATTS01-HD-S-FM-Q2NU01-TR-S,combo,64,0
FM-ATSP01-TP-XL-FM-Q2NU01-TR-XL,combo,117,0
FM-ATSP01-TP-XL-FM-Q2NU01-TR-L,combo,149,0
FM-ATSP01-TP-XL-FM-Q2NU01-TR-M,combo,149,0
FM-ATSP01-TP-XL-FM-Q2NU01-TR-S,combo,64,0
FM-ATSP01-TP-L-FM-Q2NU01-TR-XL,combo,117,0
FM-ATSP01-TP-L-FM-Q2NU01-TR-L,combo,144,0
FM-ATSP01-TP-L-FM-Q2NU01-TR-M,combo,144,0
FM-ATSP01-TP-L-FM-Q2NU01-TR-S,combo,64,0
FM-ATSP01-TP-M-FM-Q2NU01-TR-XL,combo,87,0
FM-ATSP01-TP-M-FM-Q2NU01-TR-L,combo,87,0
FM-ATSP01-TP-M-FM-Q2NU01-TR-M,combo,87,0
FM-ATSP01-TP-M-FM-Q2NU01-TR-S,combo,64,0
FM-ATSP01-TP-S-FM-Q2NU01-TR-XL,combo,117,0
FM-ATSP01-TP-S-FM-Q2NU01-TR-L,combo,195,0
FM-ATSP01-TP-S-FM-Q2NU01-TR-M,combo,165,0
FM-ATSP01-TP-S-FM-Q2NU01-TR-S,combo,64,0
FM-ATXL01-TR-XL-FM-QDJG01-BN-XL,combo,26,0
FM-ATXL01-TR-XL-FM-QDJG01-BN-L,combo,8,0
FM-ATXL01-TR-XL-FM-QDJG01-BN-M,combo,54,0
FM-ATXL01-TR-XL-FM-QDJG01-BN-S,combo,96,0
FM-ATXL01-TR-L-FM-QDJG01-BN-XL,combo,26,0
FM-ATXL01-TR-L-FM-QDJG01-BN-L,combo,8,0
FM-ATXL01-TR-L-FM-QDJG01-BN-M,combo,54,0
FM-ATXL01-TR-L-FM-QDJG01-BN-S,combo,96,0
FM-ATXL01-TR-M-FM-QDJG01-BN-XL,combo,0,0
FM-ATXL01-TR-M-FM-QDJG01-BN-L,combo,0,0
FM-ATXL01-TR-M-FM-QDJG01-BN-M,combo,0,0
FM-ATXL01-TR-M-FM-QDJG01-BN-S,combo,0,0
FM-ATXL01-TR-S-FM-QDJG01-BN-XL,combo,1,0
FM-ATXL01-TR-S-FM-QDJG01-BN-L,combo,1,0
FM-ATXL01-TR-S-FM-QDJG01-BN-M,combo,1,0
FM-ATXL01-TR-S-FM-QDJG01-BN-S,combo,1,0
FM-ATXL01-HP-XL-FM-QDJG01-TR-XL,combo,53,0
FM-ATXL01-HP-XL-FM-QDJG01-TR-L,combo,26,0
FM-ATXL01-HP-XL-FM-QDJG01-TR-M,combo,32,0
FM-ATXL01-HP-XL-FM-QDJG01-TR-S,combo,53,0
FM-ATXL01-HP-L-FM-QDJG01-TR-XL,combo,53,0
FM-ATXL01-HP-L-FM-QDJG01-TR-L,combo,26,0
FM-ATXL01-HP-L-FM-QDJG01-TR-M,combo,32,0
FM-ATXL01-HP-L-FM-QDJG01-TR-S,combo,53,0
FM-ATXL01-HP-M-FM-QDJG01-TR-XL,combo,53,0
FM-ATXL01-HP-M-FM-QDJG01-TR-L,combo,26,0
FM-ATXL01-HP-M-FM-QDJG01-TR-M,combo,32,0
FM-ATXL01-HP-M-FM-QDJG01-TR-S,combo,53,0
FM-ATXL01-HP-S-FM-QDJG01-TR-XL,combo,53,0
FM-ATXL01-HP-S-FM-QDJG01-TR-L,combo,26,0
FM-ATXL01-HP-S-FM-QDJG01-TR-M,combo,32,0
FM-ATXL01-HP-S-FM-QDJG01-TR-S,combo,53,0
FM-VVSP01-TX-L,normal,62,0
FM-VVSP01-TX-M,normal,62,0
FM-VVSP01-TX-S,normal,64,0
FM-VVSP01-TX-XL,normal,19,0
FM-VVSP01-DN-L,normal,43,0
FM-VVSP01-DN-M,normal,24,0
FM-VVSP01-DN-S,normal,55,0
FM-VVSP01-DN-XL,normal,61,0
FM-VVSP01-DD-L,normal,50,0
FM-VVSP01-DD-M,normal,17,0
FM-VVSP01-DD-S,normal,46,0
FM-VVSP01-DD-XL,normal,53,0
FM-ATXL01-TR-XL-FM-QLTG01-DE-S,combo,295,0
FM-ATXL01-TR-L-FM-QLTG01-DE-S,combo,147,0
FM-ATXL01-TR-M-FM-QLTG01-DE-S,combo,2,0
FM-ATXL01-TR-S-FM-QLTG01-DE-S,combo,5,0
FM-ATSP01-TP-XL-FM-VXLN01-TR-XL,combo,149,0
FM-ATSP01-TP-XL-FM-VXLN01-TR-L,combo,149,0
FM-ATSP01-TP-XL-FM-VXLN01-TR-M,combo,149,0
FM-ATSP01-TP-XL-FM-VXLN01-TR-S,combo,149,0
FM-ATSP01-TP-L-FM-VXLN01-TR-XL,combo,144,0
FM-ATSP01-TP-L-FM-VXLN01-TR-L,combo,144,0
FM-ATSP01-TP-L-FM-VXLN01-TR-M,combo,144,0
FM-ATSP01-TP-L-FM-VXLN01-TR-S,combo,144,0
FM-ATSP01-TP-M-FM-VXLN01-TR-XL,combo,87,0
FM-ATSP01-TP-M-FM-VXLN01-TR-L,combo,87,0
FM-ATSP01-TP-M-FM-VXLN01-TR-M,combo,87,0
FM-ATSP01-TP-M-FM-VXLN01-TR-S,combo,87,0
FM-ATSP01-TP-S-FM-VXLN01-TR-XL,combo,195,0
FM-ATSP01-TP-S-FM-VXLN01-TR-L,combo,195,0
FM-ATSP01-TP-S-FM-VXLN01-TR-M,combo,195,0
FM-ATSP01-TP-S-FM-VXLN01-TR-S,combo,195,0
FM-AKHZC-BN-XL-FM-QLTG01-DE-XL,combo,0,0
FM-AKHZC-BN-XL-FM-QLTG01-DE-L,combo,0,0
FM-AKHZC-BN-XL-FM-QLTG01-DE-M,combo,0,0
FM-AKHZC-BN-XL-FM-QLTG01-DE-S,combo,0,0
FM-AKHZC-BN-L-FM-QLTG01-DE-XL,combo,101,0
FM-AKHZC-BN-L-FM-QLTG01-DE-L,combo,101,0
FM-AKHZC-BN-L-FM-QLTG01-DE-M,combo,101,0
FM-AKHZC-BN-L-FM-QLTG01-DE-S,combo,101,0
FM-AKHZC-BN-M-FM-QLTG01-DE-XL,combo,125,0
FM-AKHZC-BN-M-FM-QLTG01-DE-L,combo,125,0
FM-AKHZC-BN-M-FM-QLTG01-DE-M,combo,125,0
FM-AKHZC-BN-M-FM-QLTG01-DE-S,combo,125,0
FM-AKHZC-BN-S-FM-QLTG01-DE-XL,combo,159,0
FM-AKHZC-BN-S-FM-QLTG01-DE-L,combo,159,0
FM-AKHZC-BN-S-FM-QLTG01-DE-M,combo,159,0
FM-AKHZC-BN-S-FM-QLTG01-DE-S,combo,159,0
FM-ATXL01-TR-XL-FM-QLTG01-DE-XL,combo,162,0
FM-ATXL01-TR-XL-FM-QLTG01-DE-L,combo,288,0
FM-ATXL01-TR-XL-FM-QLTG01-DE-M,combo,238,0
FM-ATXL01-TR-L-FM-QLTG01-DE-XL,combo,147,0
FM-ATXL01-TR-L-FM-QLTG01-DE-L,combo,147,0
FM-ATXL01-TR-L-FM-QLTG01-DE-M,combo,147,0
FM-ATXL01-TR-M-FM-QLTG01-DE-XL,combo,0,0
FM-ATXL01-TR-M-FM-QLTG01-DE-L,combo,2,0
FM-ATXL01-TR-M-FM-QLTG01-DE-M,combo,2,0
FM-ATXL01-TR-S-FM-QLTG01-DE-XL,combo,1,0
FM-ATXL01-TR-S-FM-QLTG01-DE-L,combo,3,0
FM-ATXL01-TR-S-FM-QLTG01-DE-M,combo,5,0
FM-ATSP01-DE-XL-FM-QDZT01-DE-XL,combo,130,0
FM-ATSP01-DE-XL-FM-QDZT01-DE-L,combo,130,0
FM-ATSP01-DE-XL-FM-QDZT01-DE-M,combo,130,0
FM-ATSP01-DE-XL-FM-QDZT01-DE-S,combo,130,0
FM-ATSP01-DE-L-FM-QDZT01-DE-XL,combo,155,0
FM-ATSP01-DE-L-FM-QDZT01-DE-L,combo,155,0
FM-ATSP01-DE-L-FM-QDZT01-DE-M,combo,155,0
FM-ATSP01-DE-L-FM-QDZT01-DE-S,combo,155,0
FM-ATSP01-DE-M-FM-QDZT01-DE-XL,combo,156,0
FM-ATSP01-DE-M-FM-QDZT01-DE-L,combo,156,0
FM-ATSP01-DE-M-FM-QDZT01-DE-M,combo,156,0
FM-ATSP01-DE-M-FM-QDZT01-DE-S,combo,156,0
FM-ATSP01-DE-S-FM-QDZT01-DE-XL,combo,258,0
FM-ATSP01-DE-S-FM-QDZT01-DE-L,combo,258,0
FM-ATSP01-DE-S-FM-QDZT01-DE-M,combo,258,0
FM-ATSP01-DE-S-FM-QDZT01-DE-S,combo,258,0
FM-ATSP01-TR-XL-FM-VSFM01-BN-XL,combo,166,0
FM-ATSP01-TR-XL-FM-VSFM01-BN-L,combo,166,0
FM-ATSP01-TR-XL-FM-VSFM01-BN-M,combo,155,0
FM-ATSP01-TR-XL-FM-VSFM01-BN-S,combo,166,0
FM-ATSP01-TR-L-FM-VSFM01-BN-XL,combo,84,0
FM-ATSP01-TR-L-FM-VSFM01-BN-L,combo,84,0
FM-ATSP01-TR-L-FM-VSFM01-BN-M,combo,84,0
FM-ATSP01-TR-L-FM-VSFM01-BN-S,combo,84,0
FM-ATSP01-TR-M-FM-VSFM01-BN-XL,combo,0,0
FM-ATSP01-TR-M-FM-VSFM01-BN-L,combo,0,0
FM-ATSP01-TR-M-FM-VSFM01-BN-M,combo,0,0
FM-ATSP01-TR-M-FM-VSFM01-BN-S,combo,0,0
FM-ATSP01-TR-S-FM-VSFM01-BN-XL,combo,90,0
FM-ATSP01-TR-S-FM-VSFM01-BN-L,combo,90,0
FM-ATSP01-TR-S-FM-VSFM01-BN-M,combo,90,0
FM-ATSP01-TR-S-FM-VSFM01-BN-S,combo,90,0
FM-VXSP01-DN-L,normal,77,0
FM-VXSP01-DN-M,normal,79,0
FM-VXSP01-DN-S,normal,70,0
FM-VXSP01-DN-XL,normal,53,0
FM-VXSP01-DD-L,normal,0,0
FM-VXSP01-DD-M,normal,0,0
FM-VXSP01-DD-S,normal,55,0
FM-VXSP01-DD-XL,normal,10,0
FM-VXSP01-TX-L,normal,74,0
FM-VXSP01-TX-M,normal,71,0
FM-VXSP01-TX-S,normal,77,0
FM-VXSP01-TX-XL,normal,80,0
FM-APSP01-TX-L,normal,80,0
FM-APSP01-TX-M,normal,80,0
FM-APSP01-TX-S,normal,80,0
FM-APSP01-TX-XL,normal,80,0
FM-DNSP01-TX-L,normal,53,0
FM-DNSP01-TX-M,normal,0,0
FM-DNSP01-TX-S,normal,3,0
FM-DNSP01-TX-XL,normal,50,0
FM-APSP01-TN-XL-FM-VVSP01-BN-XL,combo,-1,0
FM-APSP01-TN-XL-FM-VVSP01-BN-L,combo,-1,0
FM-APSP01-TN-XL-FM-VVSP01-BN-M,combo,-1,0
FM-APSP01-TN-XL-FM-VVSP01-BN-S,combo,-1,0
FM-APSP01-TN-L-FM-VVSP01-BN-XL,combo,1,0
FM-APSP01-TN-L-FM-VVSP01-BN-L,combo,1,0
FM-APSP01-TN-L-FM-VVSP01-BN-M,combo,1,0
FM-APSP01-TN-L-FM-VVSP01-BN-S,combo,1,0
FM-APSP01-TN-M-FM-VVSP01-BN-XL,combo,0,0
FM-APSP01-TN-M-FM-VVSP01-BN-L,combo,0,0
FM-APSP01-TN-M-FM-VVSP01-BN-M,combo,0,0
FM-APSP01-TN-M-FM-VVSP01-BN-S,combo,0,0
FM-APSP01-TN-S-FM-VVSP01-BN-XL,combo,-1,0
FM-APSP01-TN-S-FM-VVSP01-BN-L,combo,-1,0
FM-APSP01-TN-S-FM-VVSP01-BN-M,combo,-1,0
FM-APSP01-TN-S-FM-VVSP01-BN-S,combo,-1,0
FM-AHZD01-BN-L,normal,9,0
FM-AHZD01-BN-M,normal,0,0
FM-AHZD01-BN-S,normal,43,0
FM-AHZD01-BN-XL,normal,37,0
FM-ATSP01-TP-L,normal,144,0
FM-ATSP01-TP-M,normal,87,0
FM-ATSP01-TP-S,normal,195,0
FM-ATSP01-TP-XL,normal,149,0
FM-APSP02-TR-XL-FM-VXSP02-TR-XL,combo,86,0
FM-APSP02-TR-XL-FM-VXSP02-TR-L,combo,68,0
FM-APSP02-TR-XL-FM-VXSP02-TR-M,combo,84,0
FM-APSP02-TR-XL-FM-VXSP02-TR-S,combo,86,0
FM-APSP02-TR-L-FM-VXSP02-TR-XL,combo,88,0
FM-APSP02-TR-L-FM-VXSP02-TR-L,combo,68,0
FM-APSP02-TR-L-FM-VXSP02-TR-M,combo,84,0
FM-APSP02-TR-L-FM-VXSP02-TR-S,combo,104,0
FM-APSP02-TR-M-FM-VXSP02-TR-XL,combo,64,0
FM-APSP02-TR-M-FM-VXSP02-TR-L,combo,64,0
FM-APSP02-TR-M-FM-VXSP02-TR-M,combo,64,0
FM-APSP02-TR-M-FM-VXSP02-TR-S,combo,64,0
FM-APSP02-TR-S-FM-VXSP02-TR-XL,combo,31,0
FM-APSP02-TR-S-FM-VXSP02-TR-L,combo,31,0
FM-APSP02-TR-S-FM-VXSP02-TR-M,combo,31,0
FM-APSP02-TR-S-FM-VXSP02-TR-S,combo,31,0
FM-APSP02-NN-XL-FM-VXSP02-NN-XL,combo,0,0
FM-APSP02-NN-XL-FM-VXSP02-NN-L,combo,0,0
FM-APSP02-NN-XL-FM-VXSP02-NN-M,combo,0,0
FM-APSP02-NN-XL-FM-VXSP02-NN-S,combo,0,0
FM-APSP02-NN-L-FM-VXSP02-NN-XL,combo,28,0
FM-APSP02-NN-L-FM-VXSP02-NN-L,combo,28,0
FM-APSP02-NN-L-FM-VXSP02-NN-M,combo,0,0
FM-APSP02-NN-L-FM-VXSP02-NN-S,combo,28,0
FM-APSP02-NN-M-FM-VXSP02-NN-XL,combo,0,0
FM-APSP02-NN-M-FM-VXSP02-NN-L,combo,0,0
FM-APSP02-NN-M-FM-VXSP02-NN-M,combo,0,0
FM-APSP02-NN-M-FM-VXSP02-NN-S,combo,0,0
FM-APSP02-NN-S-FM-VXSP02-NN-XL,combo,13,0
FM-APSP02-NN-S-FM-VXSP02-NN-L,combo,13,0
FM-APSP02-NN-S-FM-VXSP02-NN-M,combo,0,0
FM-APSP02-NN-S-FM-VXSP02-NN-S,combo,13,0
FM-APSP02-BN-XL-FM-VXSP02-BN-XL,combo,19,0
FM-APSP02-BN-XL-FM-VXSP02-BN-L,combo,19,0
FM-APSP02-BN-XL-FM-VXSP02-BN-M,combo,19,0
FM-APSP02-BN-XL-FM-VXSP02-BN-S,combo,19,0
FM-APSP02-BN-L-FM-VXSP02-BN-XL,combo,14,0
FM-APSP02-BN-L-FM-VXSP02-BN-L,combo,14,0
FM-APSP02-BN-L-FM-VXSP02-BN-M,combo,14,0
FM-APSP02-BN-L-FM-VXSP02-BN-S,combo,14,0
FM-APSP02-BN-M-FM-VXSP02-BN-XL,combo,34,0
FM-APSP02-BN-M-FM-VXSP02-BN-L,combo,37,0
FM-APSP02-BN-M-FM-VXSP02-BN-M,combo,37,0
FM-APSP02-BN-M-FM-VXSP02-BN-S,combo,37,0
FM-APSP02-BN-S-FM-VXSP02-BN-XL,combo,9,0
FM-APSP02-BN-S-FM-VXSP02-BN-L,combo,9,0
FM-APSP02-BN-S-FM-VXSP02-BN-M,combo,9,0
FM-APSP02-BN-S-FM-VXSP02-BN-S,combo,9,0
FM-ACSP02-TR-XL-FM-VXSP02-TR-XL,combo,31,0
FM-ACSP02-TR-XL-FM-VXSP02-TR-L,combo,31,0
FM-ACSP02-TR-XL-FM-VXSP02-TR-M,combo,31,0
FM-ACSP02-TR-XL-FM-VXSP02-TR-S,combo,31,0
FM-ACSP02-TR-L-FM-VXSP02-TR-XL,combo,8,0
FM-ACSP02-TR-L-FM-VXSP02-TR-L,combo,8,0
FM-ACSP02-TR-L-FM-VXSP02-TR-M,combo,8,0
FM-ACSP02-TR-L-FM-VXSP02-TR-S,combo,8,0
FM-ACSP02-TR-M-FM-VXSP02-TR-XL,combo,7,0
FM-ACSP02-TR-M-FM-VXSP02-TR-L,combo,7,0
FM-ACSP02-TR-M-FM-VXSP02-TR-M,combo,7,0
FM-ACSP02-TR-M-FM-VXSP02-TR-S,combo,7,0
FM-ACSP02-TR-S-FM-VXSP02-TR-XL,combo,1,0
FM-ACSP02-TR-S-FM-VXSP02-TR-L,combo,1,0
FM-ACSP02-TR-S-FM-VXSP02-TR-M,combo,1,0
FM-ACSP02-TR-S-FM-VXSP02-TR-S,combo,1,0
FM-ACSP02-NN-XL-FM-VXSP02-NN-XL,combo,0,0
FM-ACSP02-NN-XL-FM-VXSP02-NN-L,combo,0,0
FM-ACSP02-NN-XL-FM-VXSP02-NN-M,combo,0,0
FM-ACSP02-NN-XL-FM-VXSP02-NN-S,combo,0,0
FM-ACSP02-NN-L-FM-VXSP02-NN-XL,combo,0,0
FM-ACSP02-NN-L-FM-VXSP02-NN-L,combo,0,0
FM-ACSP02-NN-L-FM-VXSP02-NN-M,combo,0,0
FM-ACSP02-NN-L-FM-VXSP02-NN-S,combo,0,0
FM-ACSP02-NN-M-FM-VXSP02-NN-XL,combo,0,0
FM-ACSP02-NN-M-FM-VXSP02-NN-L,combo,0,0
FM-ACSP02-NN-M-FM-VXSP02-NN-M,combo,0,0
FM-ACSP02-NN-M-FM-VXSP02-NN-S,combo,0,0
FM-ACSP02-NN-S-FM-VXSP02-NN-XL,combo,-1,0
FM-ACSP02-NN-S-FM-VXSP02-NN-L,combo,-1,0
FM-ACSP02-NN-S-FM-VXSP02-NN-M,combo,-1,0
FM-ACSP02-NN-S-FM-VXSP02-NN-S,combo,-1,0
FM-APSP01-DT-L,normal,151,0
FM-APSP01-DT-M,normal,176,0
FM-APSP01-DT-S,normal,142,0
FM-APSP01-DT-XL,normal,117,0
FM-DNSP01-DD-XL,normal,0,0
FM-DNSP01-DD-S,normal,0,0
FM-DNSP01-DD-M,normal,0,0
FM-DNSP01-DD-L,normal,0,0
FM-DNSP01-DN-L,normal,0,0
FM-DNSP01-DN-M,normal,0,0
FM-DNSP01-DN-S,normal,0,0
FM-DNSP01-DN-XL,normal,0,0
FM-APSP01-TT-L,normal,0,0
FM-APSP01-TT-M,normal,0,0
FM-APSP01-TT-S,normal,0,0
FM-APSP01-TT-XL,normal,0,0
FM-DNSP01-NT-L,normal,100,0
FM-DNSP01-NT-M,normal,54,0
FM-DNSP01-NT-S,normal,317,0
FM-DNSP01-NT-XL,normal,38,0
FM-QDJG01-BN-2XL,normal,20,0
FM-QDJG01-BN-XL,normal,26,0
FM-QDJG01-BN-L,normal,8,0
FM-QDJG01-BN-M,normal,54,0
FM-QDJG01-BN-S,normal,96,0
FM-QDJG01-TR-2XL,normal,77,0
FM-QDJG01-TR-XL,normal,53,0
FM-QDJG01-TR-L,normal,26,0
FM-QDJG01-TR-M,normal,32,0
FM-QDJG01-TR-S,normal,53,0
FM-ACSP01-NT-XL-FM-VVSP01-NT-XL,combo,5,0
FM-ACSP01-NT-XL-FM-VVSP01-NT-L,combo,2,0
FM-ACSP01-NT-XL-FM-VVSP01-NT-M,combo,3,0
FM-ACSP01-NT-XL-FM-VVSP01-NT-S,combo,5,0
FM-ACSP01-NT-L-FM-VVSP01-NT-XL,combo,0,0
FM-ACSP01-NT-L-FM-VVSP01-NT-L,combo,0,0
FM-ACSP01-NT-L-FM-VVSP01-NT-M,combo,0,0
FM-ACSP01-NT-L-FM-VVSP01-NT-S,combo,0,0
FM-ACSP01-NT-M-FM-VVSP01-NT-XL,combo,3,0
FM-ACSP01-NT-M-FM-VVSP01-NT-L,combo,2,0
FM-ACSP01-NT-M-FM-VVSP01-NT-M,combo,3,0
FM-ACSP01-NT-M-FM-VVSP01-NT-S,combo,3,0
FM-ACSP01-NT-S-FM-VVSP01-NT-XL,combo,-2,0
FM-ACSP01-NT-S-FM-VVSP01-NT-L,combo,-2,0
FM-ACSP01-NT-S-FM-VVSP01-NT-M,combo,-2,0
FM-ACSP01-NT-S-FM-VVSP01-NT-S,combo,-2,0
FM-HQFM01,normal,0,0
FM-APSP01-TR-XL-FM-VXSP01-TR-XL,combo,41,0
FM-APSP01-TR-XL-FM-VXSP01-TR-L,combo,41,0
FM-APSP01-TR-XL-FM-VXSP01-TR-M,combo,41,0
FM-APSP01-TR-XL-FM-VXSP01-TR-S,combo,41,0
FM-APSP01-TR-L-FM-VXSP01-TR-XL,combo,21,0
FM-APSP01-TR-L-FM-VXSP01-TR-L,combo,21,0
FM-APSP01-TR-L-FM-VXSP01-TR-M,combo,21,0
FM-APSP01-TR-L-FM-VXSP01-TR-S,combo,21,0
FM-APSP01-TR-M-FM-VXSP01-TR-XL,combo,99,0
FM-APSP01-TR-M-FM-VXSP01-TR-L,combo,61,0
FM-APSP01-TR-M-FM-VXSP01-TR-M,combo,52,0
FM-APSP01-TR-M-FM-VXSP01-TR-S,combo,78,0
FM-APSP01-TR-S-FM-VXSP01-TR-XL,combo,118,0
FM-APSP01-TR-S-FM-VXSP01-TR-L,combo,59,0
FM-APSP01-TR-S-FM-VXSP01-TR-M,combo,51,0
FM-APSP01-TR-S-FM-VXSP01-TR-S,combo,76,0
FM-APSP01-TR-XL-FM-VXSP01-NT-XL,combo,41,0
FM-APSP01-TR-XL-FM-VXSP01-NT-L,combo,41,0
FM-APSP01-TR-XL-FM-VXSP01-NT-M,combo,41,0
FM-APSP01-TR-XL-FM-VXSP01-NT-S,combo,27,0
FM-APSP01-TR-L-FM-VXSP01-NT-XL,combo,21,0
FM-APSP01-TR-L-FM-VXSP01-NT-L,combo,21,0
FM-APSP01-TR-L-FM-VXSP01-NT-M,combo,21,0
FM-APSP01-TR-L-FM-VXSP01-NT-S,combo,20,0
FM-APSP01-TR-M-FM-VXSP01-NT-XL,combo,67,0
FM-APSP01-TR-M-FM-VXSP01-NT-L,combo,99,0
FM-APSP01-TR-M-FM-VXSP01-NT-M,combo,99,0
FM-APSP01-TR-M-FM-VXSP01-NT-S,combo,27,0
FM-APSP01-TR-S-FM-VXSP01-NT-XL,combo,65,0
FM-APSP01-TR-S-FM-VXSP01-NT-L,combo,121,0
FM-APSP01-TR-S-FM-VXSP01-NT-M,combo,243,0
FM-APSP01-TR-S-FM-VXSP01-NT-S,combo,27,0
FM-APSP01-TN-XL-FM-VVSP01-TN-XL,combo,-1,0
FM-APSP01-TN-XL-FM-VVSP01-TN-L,combo,-1,0
FM-APSP01-TN-XL-FM-VVSP01-TN-M,combo,-1,0
FM-APSP01-TN-XL-FM-VVSP01-TN-S,combo,-1,0
FM-APSP01-TN-L-FM-VVSP01-TN-XL,combo,1,0
FM-APSP01-TN-L-FM-VVSP01-TN-L,combo,1,0
FM-APSP01-TN-L-FM-VVSP01-TN-M,combo,1,0
FM-APSP01-TN-L-FM-VVSP01-TN-S,combo,1,0
FM-APSP01-TN-M-FM-VVSP01-TN-XL,combo,0,0
FM-APSP01-TN-M-FM-VVSP01-TN-L,combo,0,0
FM-APSP01-TN-M-FM-VVSP01-TN-M,combo,0,0
FM-APSP01-TN-M-FM-VVSP01-TN-S,combo,0,0
FM-APSP01-TN-S-FM-VVSP01-TN-XL,combo,-1,0
FM-APSP01-TN-S-FM-VVSP01-TN-L,combo,-1,0
FM-APSP01-TN-S-FM-VVSP01-TN-M,combo,-1,0
FM-APSP01-TN-S-FM-VVSP01-TN-S,combo,-1,0
FM-APSP01-TN-XL-FM-VVSP01-NT-XL,combo,-1,0
FM-APSP01-TN-XL-FM-VVSP01-NT-L,combo,-1,0
FM-APSP01-TN-XL-FM-VVSP01-NT-M,combo,-1,0
FM-APSP01-TN-XL-FM-VVSP01-NT-S,combo,-1,0
FM-APSP01-TN-L-FM-VVSP01-NT-XL,combo,1,0
FM-APSP01-TN-L-FM-VVSP01-NT-L,combo,1,0
FM-APSP01-TN-L-FM-VVSP01-NT-M,combo,1,0
FM-APSP01-TN-L-FM-VVSP01-NT-S,combo,1,0
FM-APSP01-TN-M-FM-VVSP01-NT-XL,combo,0,0
FM-APSP01-TN-M-FM-VVSP01-NT-L,combo,0,0
FM-APSP01-TN-M-FM-VVSP01-NT-M,combo,0,0
FM-APSP01-TN-M-FM-VVSP01-NT-S,combo,0,0
FM-APSP01-TN-S-FM-VVSP01-NT-XL,combo,-1,0
FM-APSP01-TN-S-FM-VVSP01-NT-L,combo,-1,0
FM-APSP01-TN-S-FM-VVSP01-NT-M,combo,-1,0
FM-APSP01-TN-S-FM-VVSP01-NT-S,combo,-1,0
FM-APSP01-NT-XL-FM-VXSP01-NT-XL,combo,37,0
FM-APSP01-NT-XL-FM-VXSP01-NT-L,combo,37,0
FM-APSP01-NT-XL-FM-VXSP01-NT-M,combo,37,0
FM-APSP01-NT-XL-FM-VXSP01-NT-S,combo,27,0
FM-APSP01-NT-L-FM-VXSP01-NT-XL,combo,67,0
FM-APSP01-NT-L-FM-VXSP01-NT-L,combo,123,0
FM-APSP01-NT-L-FM-VXSP01-NT-M,combo,196,0
FM-APSP01-NT-L-FM-VXSP01-NT-S,combo,27,0
FM-APSP01-NT-M-FM-VXSP01-NT-XL,combo,67,0
FM-APSP01-NT-M-FM-VXSP01-NT-L,combo,124,0
FM-APSP01-NT-M-FM-VXSP01-NT-M,combo,200,0
FM-APSP01-NT-M-FM-VXSP01-NT-S,combo,27,0
FM-APSP01-NT-S-FM-VXSP01-NT-XL,combo,67,0
FM-APSP01-NT-S-FM-VXSP01-NT-L,combo,126,0
FM-APSP01-NT-S-FM-VXSP01-NT-M,combo,248,0
FM-APSP01-NT-S-FM-VXSP01-NT-S,combo,27,0
FM-ACSP01-TR-XL-FM-VVSP01-TR-XL,combo,4,0
FM-ACSP01-TR-XL-FM-VVSP01-TR-L,combo,3,0
FM-ACSP01-TR-XL-FM-VVSP01-TR-M,combo,1,0
FM-ACSP01-TR-XL-FM-VVSP01-TR-S,combo,4,0
FM-ACSP01-TR-L-FM-VVSP01-TR-XL,combo,0,0
FM-ACSP01-TR-L-FM-VVSP01-TR-L,combo,0,0
FM-ACSP01-TR-L-FM-VVSP01-TR-M,combo,0,0
FM-ACSP01-TR-L-FM-VVSP01-TR-S,combo,0,0
FM-ACSP01-TR-M-FM-VVSP01-TR-XL,combo,0,0
FM-ACSP01-TR-M-FM-VVSP01-TR-L,combo,0,0
FM-ACSP01-TR-M-FM-VVSP01-TR-M,combo,0,0
FM-ACSP01-TR-M-FM-VVSP01-TR-S,combo,0,0
FM-ACSP01-TR-S-FM-VVSP01-TR-XL,combo,0,0
FM-ACSP01-TR-S-FM-VVSP01-TR-L,combo,0,0
FM-ACSP01-TR-S-FM-VVSP01-TR-M,combo,0,0
FM-ACSP01-TR-S-FM-VVSP01-TR-S,combo,0,0
FM-ACSP01-TN-XL-FM-VXSP01-TN-XL,combo,30,0
FM-ACSP01-TN-XL-FM-VXSP01-TN-L,combo,30,0
FM-ACSP01-TN-XL-FM-VXSP01-TN-M,combo,29,0
FM-ACSP01-TN-XL-FM-VXSP01-TN-S,combo,30,0
FM-ACSP01-TN-L-FM-VXSP01-TN-XL,combo,2,0
FM-ACSP01-TN-L-FM-VXSP01-TN-L,combo,2,0
FM-ACSP01-TN-L-FM-VXSP01-TN-M,combo,2,0
FM-ACSP01-TN-L-FM-VXSP01-TN-S,combo,2,0
FM-ACSP01-TN-M-FM-VXSP01-TN-XL,combo,0,0
FM-ACSP01-TN-M-FM-VXSP01-TN-L,combo,0,0
FM-ACSP01-TN-M-FM-VXSP01-TN-M,combo,0,0
FM-ACSP01-TN-M-FM-VXSP01-TN-S,combo,0,0
FM-ACSP01-TN-S-FM-VXSP01-TN-XL,combo,0,0
FM-ACSP01-TN-S-FM-VXSP01-TN-L,combo,0,0
FM-ACSP01-TN-S-FM-VXSP01-TN-M,combo,0,0
FM-ACSP01-TN-S-FM-VXSP01-TN-S,combo,0,0
FM-ACSP01-TN-XL-FM-VVSP01-BN-XL,combo,30,0
FM-ACSP01-TN-XL-FM-VVSP01-BN-L,combo,30,0
FM-ACSP01-TN-XL-FM-VVSP01-BN-M,combo,30,0
FM-ACSP01-TN-XL-FM-VVSP01-BN-S,combo,29,0
FM-ACSP01-TN-L-FM-VVSP01-BN-XL,combo,2,0
FM-ACSP01-TN-L-FM-VVSP01-BN-L,combo,2,0
FM-ACSP01-TN-L-FM-VVSP01-BN-M,combo,2,0
FM-ACSP01-TN-L-FM-VVSP01-BN-S,combo,2,0
FM-ACSP01-TN-M-FM-VVSP01-BN-XL,combo,0,0
FM-ACSP01-TN-M-FM-VVSP01-BN-L,combo,0,0
FM-ACSP01-TN-M-FM-VVSP01-BN-M,combo,0,0
FM-ACSP01-TN-M-FM-VVSP01-BN-S,combo,0,0
FM-ACSP01-TN-S-FM-VVSP01-BN-XL,combo,0,0
FM-ACSP01-TN-S-FM-VVSP01-BN-L,combo,0,0
FM-ACSP01-TN-S-FM-VVSP01-BN-M,combo,0,0
FM-ACSP01-TN-S-FM-VVSP01-BN-S,combo,0,0
FM-ACSP01-BN-XL-FM-VVSP01-BN-XL,combo,3,0
FM-ACSP01-BN-XL-FM-VVSP01-BN-L,combo,3,0
FM-ACSP01-BN-XL-FM-VVSP01-BN-M,combo,3,0
FM-ACSP01-BN-XL-FM-VVSP01-BN-S,combo,2,0
FM-ACSP01-BN-L-FM-VVSP01-BN-XL,combo,1,0
FM-ACSP01-BN-L-FM-VVSP01-BN-L,combo,1,0
FM-ACSP01-BN-L-FM-VVSP01-BN-M,combo,1,0
FM-ACSP01-BN-L-FM-VVSP01-BN-S,combo,1,0
FM-ACSP01-BN-M-FM-VVSP01-BN-XL,combo,0,0
FM-ACSP01-BN-M-FM-VVSP01-BN-L,combo,0,0
FM-ACSP01-BN-M-FM-VVSP01-BN-M,combo,0,0
FM-ACSP01-BN-M-FM-VVSP01-BN-S,combo,0,0
FM-ACSP01-BN-S-FM-VVSP01-BN-XL,combo,0,0
FM-ACSP01-BN-S-FM-VVSP01-BN-L,combo,0,0
FM-ACSP01-BN-S-FM-VVSP01-BN-M,combo,0,0
FM-ACSP01-BN-S-FM-VVSP01-BN-S,combo,0,0
FM-APSP01-TN-XL,normal,-1,0
FM-APSP01-TN-S,normal,-1,0
FM-APSP01-TN-M,normal,0,0
FM-APSP01-TN-L,normal,1,0
FM-APSP01-BN-L,normal,52,0
FM-APSP01-BN-M,normal,340,0
FM-APSP01-BN-S,normal,286,0
FM-APSP01-BN-XL,normal,103,0
FM-VVSP01-BN-L,normal,251,0
FM-VVSP01-BN-M,normal,247,0
FM-VVSP01-BN-S,normal,178,0
FM-VVSP01-BN-XL,normal,195,0
FM-DSSP01-TN-XL,normal,43,0
FM-DSSP01-TN-S,normal,0,0
FM-DSSP01-TN-M,normal,0,0
FM-DSSP01-TN-L,normal,0,0
FM-AVBNU-SS-2XL-FM-Q2NU01-DE-XL,combo,-1,0
FM-AVBNU-SS-2XL-FM-Q2NU01-DE-L,combo,-1,0
FM-AVBNU-SS-2XL-FM-Q2NU01-DE-M,combo,-1,0
FM-AVBNU-SS-2XL-FM-Q2NU01-DE-S,combo,-1,0
FM-AVBNU-SS-XL-FM-Q2NU01-DE-XL,combo,3,0
FM-AVBNU-SS-XL-FM-Q2NU01-DE-L,combo,3,0
FM-AVBNU-SS-XL-FM-Q2NU01-DE-M,combo,3,0
FM-AVBNU-SS-XL-FM-Q2NU01-DE-S,combo,3,0
FM-AVBNU-SS-L-FM-Q2NU01-DE-XL,combo,0,0
FM-AVBNU-SS-L-FM-Q2NU01-DE-L,combo,0,0
FM-AVBNU-SS-L-FM-Q2NU01-DE-M,combo,0,0
FM-AVBNU-SS-L-FM-Q2NU01-DE-S,combo,0,0
FM-AVBNU-SS-M-FM-Q2NU01-DE-XL,combo,1,0
FM-AVBNU-SS-M-FM-Q2NU01-DE-L,combo,1,0
FM-AVBNU-SS-M-FM-Q2NU01-DE-M,combo,1,0
FM-AVBNU-SS-M-FM-Q2NU01-DE-S,combo,1,0
FM-AVBNU-SS-S-FM-Q2NU01-DE-XL,combo,4,0
FM-AVBNU-SS-S-FM-Q2NU01-DE-L,combo,4,0
FM-AVBNU-SS-S-FM-Q2NU01-DE-M,combo,4,0
FM-AVBNU-SS-S-FM-Q2NU01-DE-S,combo,4,0
FM-ACPV01-NT-XL-FM-VSFM01-TR-XL,combo,0,0
FM-ACPV01-NT-XL-FM-VSFM01-TR-L,combo,0,0
FM-ACPV01-NT-XL-FM-VSFM01-TR-M,combo,0,0
FM-ACPV01-NT-XL-FM-VSFM01-TR-S,combo,0,0
FM-ACPV01-NT-L-FM-VSFM01-TR-XL,combo,0,0
FM-ACPV01-NT-L-FM-VSFM01-TR-L,combo,0,0
FM-ACPV01-NT-L-FM-VSFM01-TR-M,combo,0,0
FM-ACPV01-NT-L-FM-VSFM01-TR-S,combo,0,0
FM-ACPV01-NT-M-FM-VSFM01-TR-XL,combo,0,0
FM-ACPV01-NT-M-FM-VSFM01-TR-L,combo,0,0
FM-ACPV01-NT-M-FM-VSFM01-TR-M,combo,0,0
FM-ACPV01-NT-M-FM-VSFM01-TR-S,combo,0,0
FM-ACPV01-NT-S-FM-VSFM01-TR-XL,combo,0,0
FM-ACPV01-NT-S-FM-VSFM01-TR-L,combo,0,0
FM-ACPV01-NT-S-FM-VSFM01-TR-M,combo,0,0
FM-ACPV01-NT-S-FM-VSFM01-TR-S,combo,0,0
FM-ABPL01-TD-XL-FM-VSFM01-DE-XL,combo,45,0
FM-ABPL01-TD-XL-FM-VSFM01-DE-L,combo,45,0
FM-ABPL01-TD-XL-FM-VSFM01-DE-M,combo,45,0
FM-ABPL01-TD-XL-FM-VSFM01-DE-S,combo,45,0
FM-ABPL01-TD-L-FM-VSFM01-DE-XL,combo,79,0
FM-ABPL01-TD-L-FM-VSFM01-DE-L,combo,79,0
FM-ABPL01-TD-L-FM-VSFM01-DE-M,combo,79,0
FM-ABPL01-TD-L-FM-VSFM01-DE-S,combo,79,0
FM-ABPL01-TD-M-FM-VSFM01-DE-XL,combo,72,0
FM-ABPL01-TD-M-FM-VSFM01-DE-L,combo,72,0
FM-ABPL01-TD-M-FM-VSFM01-DE-M,combo,72,0
FM-ABPL01-TD-M-FM-VSFM01-DE-S,combo,72,0
FM-ABPL01-TD-S-FM-VSFM01-DE-XL,combo,342,0
FM-ABPL01-TD-S-FM-VSFM01-DE-L,combo,342,0
FM-ABPL01-TD-S-FM-VSFM01-DE-M,combo,342,0
FM-ABPL01-TD-S-FM-VSFM01-DE-S,combo,247,0
FM-BRTT01-LG-XL-FM-QLTG01-LG-2XL,combo,8,0
FM-BRTT01-LG-XL-FM-QLTG01-LG-XL,combo,8,0
FM-BRTT01-LG-XL-FM-QLTG01-LG-L,combo,8,0
FM-BRTT01-LG-XL-FM-QLTG01-LG-M,combo,8,0
FM-BRTT01-LG-XL-FM-QLTG01-LG-S,combo,2,0
FM-BRTT01-LG-L-FM-QLTG01-LG-2XL,combo,1,0
FM-BRTT01-LG-L-FM-QLTG01-LG-XL,combo,1,0
FM-BRTT01-LG-L-FM-QLTG01-LG-L,combo,1,0
FM-BRTT01-LG-L-FM-QLTG01-LG-M,combo,1,0
FM-BRTT01-LG-L-FM-QLTG01-LG-S,combo,1,0
FM-BRTT01-LG-M-FM-QLTG01-LG-2XL,combo,55,0
FM-BRTT01-LG-M-FM-QLTG01-LG-XL,combo,54,0
FM-BRTT01-LG-M-FM-QLTG01-LG-L,combo,14,0
FM-BRTT01-LG-M-FM-QLTG01-LG-M,combo,16,0
FM-BRTT01-LG-M-FM-QLTG01-LG-S,combo,6,0
FM-BRTT01-LG-S-FM-QLTG01-LG-2XL,combo,28,0
FM-BRTT01-LG-S-FM-QLTG01-LG-XL,combo,27,0
FM-BRTT01-LG-S-FM-QLTG01-LG-L,combo,13,0
FM-BRTT01-LG-S-FM-QLTG01-LG-M,combo,16,0
FM-BRTT01-LG-S-FM-QLTG01-LG-S,combo,5,0
FM-AKCV01-TR-XL-FM-QDOL01-DE-XL,combo,148,0
FM-AKCV01-TR-XL-FM-QDOL01-DE-L,combo,148,0
FM-AKCV01-TR-XL-FM-QDOL01-DE-M,combo,148,0
FM-AKCV01-TR-XL-FM-QDOL01-DE-S,combo,148,0
FM-AKCV01-TR-L-FM-QDOL01-DE-XL,combo,26,0
FM-AKCV01-TR-L-FM-QDOL01-DE-L,combo,26,0
FM-AKCV01-TR-L-FM-QDOL01-DE-M,combo,26,0
FM-AKCV01-TR-L-FM-QDOL01-DE-S,combo,26,0
FM-AKCV01-TR-M-FM-QDOL01-DE-XL,combo,9,0
FM-AKCV01-TR-M-FM-QDOL01-DE-L,combo,9,0
FM-AKCV01-TR-M-FM-QDOL01-DE-M,combo,9,0
FM-AKCV01-TR-M-FM-QDOL01-DE-S,combo,9,0
FM-AKCV01-TR-S-FM-QDOL01-DE-XL,combo,0,0
FM-AKCV01-TR-S-FM-QDOL01-DE-L,combo,0,0
FM-AKCV01-TR-S-FM-QDOL01-DE-M,combo,0,0
FM-AKCV01-TR-S-FM-QDOL01-DE-S,combo,0,0
FM-AKCV01-DE-XL-FM-QLTG01-LG-2XL,combo,30,0
FM-AKCV01-DE-XL-FM-QLTG01-LG-XL,combo,30,0
FM-AKCV01-DE-XL-FM-QLTG01-LG-L,combo,10,0
FM-AKCV01-DE-XL-FM-QLTG01-LG-M,combo,13,0
FM-AKCV01-DE-XL-FM-QLTG01-LG-S,combo,2,0
FM-AKCV01-DE-L-FM-QLTG01-LG-2XL,combo,144,0
FM-AKCV01-DE-L-FM-QLTG01-LG-XL,combo,99,0
FM-AKCV01-DE-L-FM-QLTG01-LG-L,combo,12,0
FM-AKCV01-DE-L-FM-QLTG01-LG-M,combo,15,0
FM-AKCV01-DE-L-FM-QLTG01-LG-S,combo,4,0
FM-AKCV01-DE-M-FM-QLTG01-LG-2XL,combo,144,0
FM-AKCV01-DE-M-FM-QLTG01-LG-XL,combo,99,0
FM-AKCV01-DE-M-FM-QLTG01-LG-L,combo,12,0
FM-AKCV01-DE-M-FM-QLTG01-LG-M,combo,15,0
FM-AKCV01-DE-M-FM-QLTG01-LG-S,combo,4,0
FM-AKCV01-DE-S-FM-QLTG01-LG-2XL,combo,119,0
FM-AKCV01-DE-S-FM-QLTG01-LG-XL,combo,99,0
FM-AKCV01-DE-S-FM-QLTG01-LG-L,combo,14,0
FM-AKCV01-DE-S-FM-QLTG01-LG-M,combo,16,0
FM-AKCV01-DE-S-FM-QLTG01-LG-S,combo,6,0
FM-QLTG01-BN-L,normal,0,0
FM-QLTG01-BN-M,normal,0,0
FM-QLTG01-BN-S,normal,0,0
FM-QLTG01-BN-XL,normal,0,0
FM-QLTG01-BN-2XL,normal,0,0
FM-QNTG01-BN-L,normal,0,0
FM-QNTG01-BN-M,normal,0,0
FM-QNTG01-BN-S,normal,0,0
FM-QNTG01-BN-XL,normal,0,0
FM-ACDB01-BN-2XL,normal,0,0
FM-ACDB01-BN-XL,normal,32,0
FM-ACDB01-BN-L,normal,42,0
FM-ACDB01-BN-M,normal,24,0
FM-ACDB01-BN-S,normal,33,0
FM-BRRB01-BN-S,normal,17,0
FM-BRRB01-BN-M,normal,24,0
FM-BRRB01-BN-L,normal,21,0
FM-BRRB01-BN-XL,normal,4,0
FM-ACCV01-BN-S,normal,0,0
FM-ACCV01-BN-M,normal,0,0
FM-ACCV01-BN-L,normal,0,0
FM-ACCV01-BN-XL,normal,0,0
FM-ACCV01-BN-2XL,normal,0,0
FM-QDTT01-BN-S,normal,0,0
FM-QDTT01-BN-M,normal,0,0
FM-QDTT01-BN-L,normal,0,0
FM-QDTT01-BN-XL,normal,0,0
FM-QDPK01-BN-S,normal,0,0
FM-QDPK01-BN-M,normal,0,0
FM-QDPK01-BN-L,normal,1,0
FM-QDPK01-BN-XL,normal,0,0
FM-QDOL01-BN-S,normal,20,0
FM-QDOL01-BN-M,normal,209,0
FM-QDOL01-BN-L,normal,219,0
FM-QDOL01-BN-XL,normal,95,0
FM-QDCV01-BN-S,normal,6,0
FM-QDCV01-BN-M,normal,0,0
FM-QDCV01-BN-L,normal,0,0
FM-QDCV01-BN-XL,normal,8,0
FM-QDCV01-BN-2XL,normal,0,0
FM-BRZT01-BN-S,normal,75,0
FM-BRZT01-BN-M,normal,74,0
FM-BRZT01-BN-L,normal,92,0
FM-BRZT01-BN-XL,normal,67,0
FM-BRTT01-BN-XL,normal,293,0
FM-BRTT01-BN-S,normal,339,0
FM-BRTT01-BN-M,normal,396,0
FM-BRTT01-BN-L,normal,414,0
FM-BRSB01-BN-S,normal,23,0
FM-BRSB01-BN-M,normal,28,0
FM-BRSB01-BN-L,normal,59,0
FM-BRSB01-BN-XL,normal,21,0
FM-BRTT01-AB-XL-FM-VSFM01-TR-XL,combo,0,0
FM-BRTT01-AB-XL-FM-VSFM01-TR-L,combo,0,0
FM-BRTT01-AB-XL-FM-VSFM01-TR-M,combo,0,0
FM-BRTT01-AB-XL-FM-VSFM01-TR-S,combo,0,0
FM-BRTT01-AB-L-FM-VSFM01-TR-XL,combo,0,0
FM-BRTT01-AB-L-FM-VSFM01-TR-L,combo,0,0
FM-BRTT01-AB-L-FM-VSFM01-TR-M,combo,0,0
FM-BRTT01-AB-L-FM-VSFM01-TR-S,combo,0,0
FM-BRTT01-AB-M-FM-VSFM01-TR-XL,combo,0,0
FM-BRTT01-AB-M-FM-VSFM01-TR-L,combo,0,0
FM-BRTT01-AB-M-FM-VSFM01-TR-M,combo,0,0
FM-BRTT01-AB-M-FM-VSFM01-TR-S,combo,0,0
FM-BRTT01-AB-S-FM-VSFM01-TR-XL,combo,0,0
FM-BRTT01-AB-S-FM-VSFM01-TR-L,combo,0,0
FM-BRTT01-AB-S-FM-VSFM01-TR-M,combo,0,0
FM-BRTT01-AB-S-FM-VSFM01-TR-S,combo,0,0
FM-ATTS01-HP-XL-FM-QLTG01-DE-2XL,combo,0,0
FM-ATTS01-HP-XL-FM-QLTG01-DE-XL,combo,0,0
FM-ATTS01-HP-XL-FM-QLTG01-DE-L,combo,0,0
FM-ATTS01-HP-XL-FM-QLTG01-DE-M,combo,0,0
FM-ATTS01-HP-XL-FM-QLTG01-DE-S,combo,0,0
FM-ATTS01-HP-L-FM-QLTG01-DE-2XL,combo,0,0
FM-ATTS01-HP-L-FM-QLTG01-DE-XL,combo,0,0
FM-ATTS01-HP-L-FM-QLTG01-DE-L,combo,0,0
FM-ATTS01-HP-L-FM-QLTG01-DE-M,combo,0,0
FM-ATTS01-HP-L-FM-QLTG01-DE-S,combo,0,0
FM-ATTS01-HP-M-FM-QLTG01-DE-2XL,combo,0,0
FM-ATTS01-HP-M-FM-QLTG01-DE-XL,combo,0,0
FM-ATTS01-HP-M-FM-QLTG01-DE-L,combo,0,0
FM-ATTS01-HP-M-FM-QLTG01-DE-M,combo,0,0
FM-ATTS01-HP-M-FM-QLTG01-DE-S,combo,0,0
FM-ATTS01-HP-S-FM-QLTG01-DE-2XL,combo,0,0
FM-ATTS01-HP-S-FM-QLTG01-DE-XL,combo,0,0
FM-ATTS01-HP-S-FM-QLTG01-DE-L,combo,0,0
FM-ATTS01-HP-S-FM-QLTG01-DE-M,combo,0,0
FM-ATTS01-HP-S-FM-QLTG01-DE-S,combo,0,0
FM-ACNB01-AB-XL-FM-VSFM01-DE-XL,combo,0,0
FM-ACNB01-AB-XL-FM-VSFM01-DE-L,combo,0,0
FM-ACNB01-AB-XL-FM-VSFM01-DE-M,combo,0,0
FM-ACNB01-AB-XL-FM-VSFM01-DE-S,combo,0,0
FM-ACNB01-AB-L-FM-VSFM01-DE-XL,combo,1,0
FM-ACNB01-AB-L-FM-VSFM01-DE-L,combo,1,0
FM-ACNB01-AB-L-FM-VSFM01-DE-M,combo,1,0
FM-ACNB01-AB-L-FM-VSFM01-DE-S,combo,1,0
FM-ACNB01-AB-M-FM-VSFM01-DE-XL,combo,3,0
FM-ACNB01-AB-M-FM-VSFM01-DE-L,combo,3,0
FM-ACNB01-AB-M-FM-VSFM01-DE-M,combo,3,0
FM-ACNB01-AB-M-FM-VSFM01-DE-S,combo,3,0
FM-ACNB01-AB-S-FM-VSFM01-DE-XL,combo,3,0
FM-ACNB01-AB-S-FM-VSFM01-DE-L,combo,3,0
FM-ACNB01-AB-S-FM-VSFM01-DE-M,combo,3,0
FM-ACNB01-AB-S-FM-VSFM01-DE-S,combo,3,0
FM-AKCV01-TR-XL-FM-VXLN01-BN-XL,combo,147,0
FM-AKCV01-TR-XL-FM-VXLN01-BN-L,combo,147,0
FM-AKCV01-TR-XL-FM-VXLN01-BN-M,combo,147,0
FM-AKCV01-TR-XL-FM-VXLN01-BN-S,combo,147,0
FM-AKCV01-TR-L-FM-VXLN01-BN-XL,combo,24,0
FM-AKCV01-TR-L-FM-VXLN01-BN-L,combo,24,0
FM-AKCV01-TR-L-FM-VXLN01-BN-M,combo,24,0
FM-AKCV01-TR-L-FM-VXLN01-BN-S,combo,24,0
FM-AKCV01-TR-M-FM-VXLN01-BN-XL,combo,7,0
FM-AKCV01-TR-M-FM-VXLN01-BN-L,combo,7,0
FM-AKCV01-TR-M-FM-VXLN01-BN-M,combo,7,0
FM-AKCV01-TR-M-FM-VXLN01-BN-S,combo,7,0
FM-AKCV01-TR-S-FM-VXLN01-BN-XL,combo,0,0
FM-AKCV01-TR-S-FM-VXLN01-BN-L,combo,0,0
FM-AKCV01-TR-S-FM-VXLN01-BN-M,combo,0,0
FM-AKCV01-TR-S-FM-VXLN01-BN-S,combo,0,0
FM-AVBNU-HP-2XL-FM-Q2NU01-TR-XL,combo,27,0
FM-AVBNU-HP-2XL-FM-Q2NU01-TR-L,combo,27,0
FM-AVBNU-HP-2XL-FM-Q2NU01-TR-M,combo,27,0
FM-AVBNU-HP-2XL-FM-Q2NU01-TR-S,combo,27,0
FM-AVBNU-HP-XL-FM-Q2NU01-TR-XL,combo,0,0
FM-AVBNU-HP-XL-FM-Q2NU01-TR-L,combo,0,0
FM-AVBNU-HP-XL-FM-Q2NU01-TR-M,combo,0,0
FM-AVBNU-HP-XL-FM-Q2NU01-TR-S,combo,0,0
FM-AVBNU-HP-L-FM-Q2NU01-TR-XL,combo,0,0
FM-AVBNU-HP-L-FM-Q2NU01-TR-L,combo,0,0
FM-AVBNU-HP-L-FM-Q2NU01-TR-M,combo,0,0
FM-AVBNU-HP-L-FM-Q2NU01-TR-S,combo,0,0
FM-AVBNU-HP-M-FM-Q2NU01-TR-XL,combo,-1,0
FM-AVBNU-HP-M-FM-Q2NU01-TR-L,combo,-1,0
FM-AVBNU-HP-M-FM-Q2NU01-TR-M,combo,-1,0
FM-AVBNU-HP-M-FM-Q2NU01-TR-S,combo,-1,0
FM-AVBNU-HP-S-FM-Q2NU01-TR-XL,combo,0,0
FM-AVBNU-HP-S-FM-Q2NU01-TR-L,combo,0,0
FM-AVBNU-HP-S-FM-Q2NU01-TR-M,combo,0,0
FM-AVBNU-HP-S-FM-Q2NU01-TR-S,combo,0,0
FM-BRTT01-TR-XL-FM-QDZT01-AB-2XL,combo,0,0
FM-BRTT01-TR-XL-FM-QDZT01-AB-XL,combo,0,0
FM-BRTT01-TR-XL-FM-QDZT01-AB-L,combo,0,0
FM-BRTT01-TR-XL-FM-QDZT01-AB-M,combo,0,0
FM-BRTT01-TR-XL-FM-QDZT01-AB-S,combo,0,0
FM-BRTT01-TR-L-FM-QDZT01-AB-2XL,combo,0,0
FM-BRTT01-TR-L-FM-QDZT01-AB-XL,combo,0,0
FM-BRTT01-TR-L-FM-QDZT01-AB-L,combo,0,0
FM-BRTT01-TR-L-FM-QDZT01-AB-M,combo,0,0
FM-BRTT01-TR-L-FM-QDZT01-AB-S,combo,0,0
FM-BRTT01-TR-M-FM-QDZT01-AB-2XL,combo,0,0
FM-BRTT01-TR-M-FM-QDZT01-AB-XL,combo,0,0
FM-BRTT01-TR-M-FM-QDZT01-AB-L,combo,0,0
FM-BRTT01-TR-M-FM-QDZT01-AB-M,combo,0,0
FM-BRTT01-TR-M-FM-QDZT01-AB-S,combo,0,0
FM-BRTT01-TR-S-FM-QDZT01-AB-2XL,combo,0,0
FM-BRTT01-TR-S-FM-QDZT01-AB-XL,combo,0,0
FM-BRTT01-TR-S-FM-QDZT01-AB-L,combo,0,0
FM-BRTT01-TR-S-FM-QDZT01-AB-M,combo,0,0
FM-BRTT01-TR-S-FM-QDZT01-AB-S,combo,0,0
FM-BRTT01-MR-XL-FM-QDZT01-MR-2XL,combo,0,0
FM-BRTT01-MR-XL-FM-QDZT01-MR-XL,combo,1,0
FM-BRTT01-MR-XL-FM-QDZT01-MR-L,combo,0,0
FM-BRTT01-MR-XL-FM-QDZT01-MR-M,combo,0,0
FM-BRTT01-MR-XL-FM-QDZT01-MR-S,combo,15,0
FM-BRTT01-MR-L-FM-QDZT01-MR-2XL,combo,0,0
FM-BRTT01-MR-L-FM-QDZT01-MR-XL,combo,1,0
FM-BRTT01-MR-L-FM-QDZT01-MR-L,combo,0,0
FM-BRTT01-MR-L-FM-QDZT01-MR-M,combo,0,0
FM-BRTT01-MR-L-FM-QDZT01-MR-S,combo,15,0
FM-BRTT01-MR-M-FM-QDZT01-MR-2XL,combo,0,0
FM-BRTT01-MR-M-FM-QDZT01-MR-XL,combo,1,0
FM-BRTT01-MR-M-FM-QDZT01-MR-L,combo,0,0
FM-BRTT01-MR-M-FM-QDZT01-MR-M,combo,0,0
FM-BRTT01-MR-M-FM-QDZT01-MR-S,combo,15,0
FM-BRTT01-MR-S-FM-QDZT01-MR-2XL,combo,0,0
FM-BRTT01-MR-S-FM-QDZT01-MR-XL,combo,1,0
FM-BRTT01-MR-S-FM-QDZT01-MR-L,combo,0,0
FM-BRTT01-MR-S-FM-QDZT01-MR-M,combo,0,0
FM-BRTT01-MR-S-FM-QDZT01-MR-S,combo,15,0
FM-ASNB01-DE-XL-FM-VSFM01-TR-XL,combo,0,0
FM-ASNB01-DE-XL-FM-VSFM01-TR-L,combo,0,0
FM-ASNB01-DE-XL-FM-VSFM01-TR-M,combo,0,0
FM-ASNB01-DE-XL-FM-VSFM01-TR-S,combo,0,0
FM-ASNB01-DE-L-FM-VSFM01-TR-XL,combo,0,0
FM-ASNB01-DE-L-FM-VSFM01-TR-L,combo,0,0
FM-ASNB01-DE-L-FM-VSFM01-TR-M,combo,0,0
FM-ASNB01-DE-L-FM-VSFM01-TR-S,combo,0,0
FM-ASNB01-DE-M-FM-VSFM01-TR-XL,combo,0,0
FM-ASNB01-DE-M-FM-VSFM01-TR-L,combo,0,0
FM-ASNB01-DE-M-FM-VSFM01-TR-M,combo,0,0
FM-ASNB01-DE-M-FM-VSFM01-TR-S,combo,0,0
FM-ASNB01-DE-S-FM-VSFM01-TR-XL,combo,0,0
FM-ASNB01-DE-S-FM-VSFM01-TR-L,combo,0,0
FM-ASNB01-DE-S-FM-VSFM01-TR-M,combo,0,0
FM-ASNB01-DE-S-FM-VSFM01-TR-S,combo,0,0
FM-QBHN01-LG-XL,normal,13,0
FM-QBHN01-LG-S,normal,19,0
FM-QBHN01-LG-M,normal,0,0
FM-QBHN01-LG-L,normal,0,0
FM-QBHN01-TR-XL,normal,57,0
FM-QBHN01-TR-S,normal,44,0
FM-QBHN01-TR-M,normal,0,0
FM-QBHN01-TR-L,normal,6,0
FM-QBHN01-DE-XL,normal,0,0
FM-QBHN01-DE-S,normal,14,0
FM-QBHN01-DE-M,normal,40,0
FM-QBHN01-DE-L,normal,0,0
FM-QBHN01-BN-XL,normal,-2,0
FM-QBHN01-BN-S,normal,25,0
FM-QBHN01-BN-M,normal,0,0
FM-QBHN01-BN-L,normal,0,0
FM-QBHN01-WG-XL,normal,25,0
FM-QBHN01-WG-S,normal,22,0
FM-QBHN01-WG-M,normal,4,0
FM-QBHN01-WG-L,normal,0,0
FM-AKHZC-BN-S,normal,159,0
FM-AKHZC-BN-M,normal,125,0
FM-AKHZC-BN-L,normal,101,0
FM-AKHZC-BN-XL,normal,0,0
FM-AKHZC-BN-2XL,normal,61,0
FM-ACVN01-TN-XL,normal,0,0
FM-ACVN01-TN-S,normal,0,0
FM-ACVN01-TN-M,normal,0,0
FM-ACVN01-TN-L,normal,0,0
FM-ACVN01-NT-XL,normal,0,0
FM-ACVN01-NT-S,normal,0,0
FM-ACVN01-NT-M,normal,0,0
FM-ACVN01-NT-L,normal,1,0
FM-ACVN01-DT-XL,normal,0,0
FM-ACVN01-DT-S,normal,0,0
FM-ACVN01-DT-M,normal,0,0
FM-ACVN01-DT-L,normal,0,0
FM-APSN01-CR-XL,normal,0,0
FM-APSN01-CR-S,normal,0,0
FM-APSN01-CR-M,normal,0,0
FM-APSN01-CR-L,normal,0,0
FM-APSN01-TR-XL,normal,0,0
FM-APSN01-TR-S,normal,0,0
FM-APSN01-TR-M,normal,0,0
FM-APSN01-TR-L,normal,0,0
FM-APSN01-DE-XL,normal,0,0
FM-APSN01-DE-S,normal,0,0
FM-APSN01-DE-M,normal,0,0
FM-APSN01-DE-L,normal,0,0
FM-VTNN01-DE-XL,normal,0,0
FM-VTNN01-DE-S,normal,0,0
FM-VTNN01-DE-M,normal,0,0
FM-VTNN01-DE-L,normal,0,0
FM-BCTR01-BN,normal,1073,0
FM-QDZT01-BN-L,normal,0,0
FM-QDZT01-BN-M,normal,0,0
FM-QDZT01-BN-S,normal,0,0
FM-QDZT01-BN-XL,normal,0,0
FM-QDZT01-BN-2XL,normal,0,0
FM-ANCD01-HP-XL,normal,94,0
FM-ANCD01-HP-S,normal,265,0
FM-ANCD01-HP-M,normal,307,0
FM-ANCD01-HP-L,normal,309,0
FM-ANCD01-XM-XL,normal,31,0
FM-ANCD01-XM-S,normal,14,0
FM-ANCD01-XM-M,normal,8,0
FM-ANCD01-XM-L,normal,48,0
FM-AKTG01-BN-2XL,normal,0,0
FM-AKTG01-BN-XL,normal,19,0
FM-AKTG01-BN-L,normal,84,0
FM-AKTG01-BN-M,normal,0,0
FM-AKTG01-BN-S,normal,42,0
FM-AKCV01-BN-XL,normal,28,0
FM-AKCV01-BN-S,normal,112,0
FM-AKCV01-BN-M,normal,39,0
FM-AKCV01-BN-L,normal,41,0
FM-ACPV01-TN-XL-FM-VSFM01-BN-XL,combo,0,0
FM-ACPV01-TN-XL-FM-VSFM01-BN-L,combo,0,0
FM-ACPV01-TN-XL-FM-VSFM01-BN-M,combo,0,0
FM-ACPV01-TN-XL-FM-VSFM01-BN-S,combo,0,0
FM-ACPV01-TN-L-FM-VSFM01-BN-XL,combo,0,0
FM-ACPV01-TN-L-FM-VSFM01-BN-L,combo,0,0
FM-ACPV01-TN-L-FM-VSFM01-BN-M,combo,0,0
FM-ACPV01-TN-L-FM-VSFM01-BN-S,combo,0,0
FM-ACPV01-TN-M-FM-VSFM01-BN-XL,combo,0,0
FM-ACPV01-TN-M-FM-VSFM01-BN-L,combo,0,0
FM-ACPV01-TN-M-FM-VSFM01-BN-M,combo,0,0
FM-ACPV01-TN-M-FM-VSFM01-BN-S,combo,0,0
FM-ACPV01-TN-S-FM-VSFM01-BN-XL,combo,0,0
FM-ACPV01-TN-S-FM-VSFM01-BN-L,combo,0,0
FM-ACPV01-TN-S-FM-VSFM01-BN-M,combo,0,0
FM-ACPV01-TN-S-FM-VSFM01-BN-S,combo,0,0
FM-AKCV01-DE-XL-FM-Q2NU01-XA-XL,combo,29,0
FM-AKCV01-DE-XL-FM-Q2NU01-XA-L,combo,30,0
FM-AKCV01-DE-XL-FM-Q2NU01-XA-M,combo,30,0
FM-AKCV01-DE-XL-FM-Q2NU01-XA-S,combo,30,0
FM-AKCV01-DE-L-FM-Q2NU01-XA-XL,combo,110,0
FM-AKCV01-DE-L-FM-Q2NU01-XA-L,combo,154,0
FM-AKCV01-DE-L-FM-Q2NU01-XA-M,combo,79,0
FM-AKCV01-DE-L-FM-Q2NU01-XA-S,combo,131,0
FM-AKCV01-DE-M-FM-Q2NU01-XA-XL,combo,110,0
FM-AKCV01-DE-M-FM-Q2NU01-XA-L,combo,159,0
FM-AKCV01-DE-M-FM-Q2NU01-XA-M,combo,79,0
FM-AKCV01-DE-M-FM-Q2NU01-XA-S,combo,131,0
FM-AKCV01-DE-S-FM-Q2NU01-XA-XL,combo,110,0
FM-AKCV01-DE-S-FM-Q2NU01-XA-L,combo,119,0
FM-AKCV01-DE-S-FM-Q2NU01-XA-M,combo,81,0
FM-AKCV01-DE-S-FM-Q2NU01-XA-S,combo,120,0
FM-AKHZC-XX-2XL-FM-VSFM01-TR-XL,combo,67,0
FM-AKHZC-XX-2XL-FM-VSFM01-TR-L,combo,67,0
FM-AKHZC-XX-2XL-FM-VSFM01-TR-M,combo,67,0
FM-AKHZC-XX-2XL-FM-VSFM01-TR-S,combo,67,0
FM-AKHZC-XX-XL-FM-VSFM01-TR-XL,combo,110,0
FM-AKHZC-XX-XL-FM-VSFM01-TR-L,combo,110,0
FM-AKHZC-XX-XL-FM-VSFM01-TR-M,combo,110,0
FM-AKHZC-XX-XL-FM-VSFM01-TR-S,combo,110,0
FM-AKHZC-XX-L-FM-VSFM01-TR-XL,combo,166,0
FM-AKHZC-XX-L-FM-VSFM01-TR-L,combo,166,0
FM-AKHZC-XX-L-FM-VSFM01-TR-M,combo,166,0
FM-AKHZC-XX-L-FM-VSFM01-TR-S,combo,166,0
FM-AKHZC-XX-M-FM-VSFM01-TR-XL,combo,169,0
FM-AKHZC-XX-M-FM-VSFM01-TR-L,combo,169,0
FM-AKHZC-XX-M-FM-VSFM01-TR-M,combo,169,0
FM-AKHZC-XX-M-FM-VSFM01-TR-S,combo,169,0
FM-AKHZC-XX-S-FM-VSFM01-TR-XL,combo,86,0
FM-AKHZC-XX-S-FM-VSFM01-TR-L,combo,86,0
FM-AKHZC-XX-S-FM-VSFM01-TR-M,combo,86,0
FM-AKHZC-XX-S-FM-VSFM01-TR-S,combo,86,0
FM-APLT01-TR-XL-FM-VSFM01-WG-XL,combo,51,0
FM-APLT01-TR-XL-FM-VSFM01-WG-L,combo,51,0
FM-APLT01-TR-XL-FM-VSFM01-WG-M,combo,51,0
FM-APLT01-TR-XL-FM-VSFM01-WG-S,combo,51,0
FM-APLT01-TR-L-FM-VSFM01-WG-XL,combo,44,0
FM-APLT01-TR-L-FM-VSFM01-WG-L,combo,44,0
FM-APLT01-TR-L-FM-VSFM01-WG-M,combo,44,0
FM-APLT01-TR-L-FM-VSFM01-WG-S,combo,44,0
FM-APLT01-TR-M-FM-VSFM01-WG-XL,combo,39,0
FM-APLT01-TR-M-FM-VSFM01-WG-L,combo,39,0
FM-APLT01-TR-M-FM-VSFM01-WG-M,combo,39,0
FM-APLT01-TR-M-FM-VSFM01-WG-S,combo,39,0
FM-APLT01-TR-S-FM-VSFM01-WG-XL,combo,29,0
FM-APLT01-TR-S-FM-VSFM01-WG-L,combo,29,0
FM-APLT01-TR-S-FM-VSFM01-WG-M,combo,29,0
FM-APLT01-TR-S-FM-VSFM01-WG-S,combo,29,0
FM-APLT01-XN-XL-FM-VSFM01-TR-XL,combo,67,0
FM-APLT01-XN-XL-FM-VSFM01-TR-L,combo,67,0
FM-APLT01-XN-XL-FM-VSFM01-TR-M,combo,67,0
FM-APLT01-XN-XL-FM-VSFM01-TR-S,combo,67,0
FM-APLT01-XN-L-FM-VSFM01-TR-XL,combo,94,0
FM-APLT01-XN-L-FM-VSFM01-TR-L,combo,94,0
FM-APLT01-XN-L-FM-VSFM01-TR-M,combo,94,0
FM-APLT01-XN-L-FM-VSFM01-TR-S,combo,94,0
FM-APLT01-XN-M-FM-VSFM01-TR-XL,combo,75,0
FM-APLT01-XN-M-FM-VSFM01-TR-L,combo,75,0
FM-APLT01-XN-M-FM-VSFM01-TR-M,combo,75,0
FM-APLT01-XN-M-FM-VSFM01-TR-S,combo,75,0
FM-APLT01-XN-S-FM-VSFM01-TR-XL,combo,68,0
FM-APLT01-XN-S-FM-VSFM01-TR-L,combo,68,0
FM-APLT01-XN-S-FM-VSFM01-TR-M,combo,68,0
FM-APLT01-XN-S-FM-VSFM01-TR-S,combo,68,0
FM-ASNB01-SA-XL-FM-VXLN01-TR-XL,combo,0,0
FM-ASNB01-SA-XL-FM-VXLN01-TR-L,combo,0,0
FM-ASNB01-SA-XL-FM-VXLN01-TR-M,combo,0,0
FM-ASNB01-SA-XL-FM-VXLN01-TR-S,combo,0,0
FM-ASNB01-SA-L-FM-VXLN01-TR-XL,combo,0,0
FM-ASNB01-SA-L-FM-VXLN01-TR-L,combo,0,0
FM-ASNB01-SA-L-FM-VXLN01-TR-M,combo,0,0
FM-ASNB01-SA-L-FM-VXLN01-TR-S,combo,0,0
FM-ASNB01-SA-M-FM-VXLN01-TR-XL,combo,0,0
FM-ASNB01-SA-M-FM-VXLN01-TR-L,combo,0,0
FM-ASNB01-SA-M-FM-VXLN01-TR-M,combo,0,0
FM-ASNB01-SA-M-FM-VXLN01-TR-S,combo,0,0
FM-ASNB01-SA-S-FM-VXLN01-TR-XL,combo,0,0
FM-ASNB01-SA-S-FM-VXLN01-TR-L,combo,0,0
FM-ASNB01-SA-S-FM-VXLN01-TR-M,combo,0,0
FM-ASNB01-SA-S-FM-VXLN01-TR-S,combo,0,0
FM-ASNB01-TR-XL-FM-VSFM01-WG-XL,combo,0,0
FM-ASNB01-TR-XL-FM-VSFM01-WG-L,combo,0,0
FM-ASNB01-TR-XL-FM-VSFM01-WG-M,combo,0,0
FM-ASNB01-TR-XL-FM-VSFM01-WG-S,combo,0,0
FM-ASNB01-TR-L-FM-VSFM01-WG-XL,combo,0,0
FM-ASNB01-TR-L-FM-VSFM01-WG-L,combo,0,0
FM-ASNB01-TR-L-FM-VSFM01-WG-M,combo,0,0
FM-ASNB01-TR-L-FM-VSFM01-WG-S,combo,0,0
FM-ASNB01-TR-M-FM-VSFM01-WG-XL,combo,0,0
FM-ASNB01-TR-M-FM-VSFM01-WG-L,combo,0,0
FM-ASNB01-TR-M-FM-VSFM01-WG-M,combo,0,0
FM-ASNB01-TR-M-FM-VSFM01-WG-S,combo,0,0
FM-ASNB01-TR-S-FM-VSFM01-WG-XL,combo,0,0
FM-ASNB01-TR-S-FM-VSFM01-WG-L,combo,0,0
FM-ASNB01-TR-S-FM-VSFM01-WG-M,combo,0,0
FM-ASNB01-TR-S-FM-VSFM01-WG-S,combo,0,0
FM-ASPV01-DT-XL-FM-VSFM01-DE-XL,combo,3,0
FM-ASPV01-DT-XL-FM-VSFM01-DE-L,combo,3,0
FM-ASPV01-DT-XL-FM-VSFM01-DE-M,combo,3,0
FM-ASPV01-DT-XL-FM-VSFM01-DE-S,combo,3,0
FM-ASPV01-DT-L-FM-VSFM01-DE-XL,combo,3,0
FM-ASPV01-DT-L-FM-VSFM01-DE-L,combo,3,0
FM-ASPV01-DT-L-FM-VSFM01-DE-M,combo,3,0
FM-ASPV01-DT-L-FM-VSFM01-DE-S,combo,3,0
FM-ASPV01-DT-M-FM-VSFM01-DE-XL,combo,3,0
FM-ASPV01-DT-M-FM-VSFM01-DE-L,combo,3,0
FM-ASPV01-DT-M-FM-VSFM01-DE-M,combo,3,0
FM-ASPV01-DT-M-FM-VSFM01-DE-S,combo,3,0
FM-ASPV01-DT-S-FM-VSFM01-DE-XL,combo,2,0
FM-ASPV01-DT-S-FM-VSFM01-DE-L,combo,2,0
FM-ASPV01-DT-S-FM-VSFM01-DE-M,combo,2,0
FM-ASPV01-DT-S-FM-VSFM01-DE-S,combo,2,0
FM-ASPV01-TN-XL-FM-VSFM01-BN-XL,combo,3,0
FM-ASPV01-TN-XL-FM-VSFM01-BN-L,combo,3,0
FM-ASPV01-TN-XL-FM-VSFM01-BN-M,combo,3,0
FM-ASPV01-TN-XL-FM-VSFM01-BN-S,combo,3,0
FM-ASPV01-TN-L-FM-VSFM01-BN-XL,combo,3,0
FM-ASPV01-TN-L-FM-VSFM01-BN-L,combo,3,0
FM-ASPV01-TN-L-FM-VSFM01-BN-M,combo,3,0
FM-ASPV01-TN-L-FM-VSFM01-BN-S,combo,3,0
FM-ASPV01-TN-M-FM-VSFM01-BN-XL,combo,3,0
FM-ASPV01-TN-M-FM-VSFM01-BN-L,combo,3,0
FM-ASPV01-TN-M-FM-VSFM01-BN-M,combo,3,0
FM-ASPV01-TN-M-FM-VSFM01-BN-S,combo,3,0
FM-ASPV01-TN-S-FM-VSFM01-BN-XL,combo,2,0
FM-ASPV01-TN-S-FM-VSFM01-BN-L,combo,2,0
FM-ASPV01-TN-S-FM-VSFM01-BN-M,combo,2,0
FM-ASPV01-TN-S-FM-VSFM01-BN-S,combo,2,0
FM-ATSM01-HD-2XL-FM-VXLN01-TR-XL,combo,107,0
FM-ATSM01-HD-2XL-FM-VXLN01-TR-L,combo,107,0
FM-ATSM01-HD-2XL-FM-VXLN01-TR-M,combo,107,0
FM-ATSM01-HD-2XL-FM-VXLN01-TR-S,combo,107,0
FM-ATSM01-HD-XL-FM-VXLN01-TR-XL,combo,210,0
FM-ATSM01-HD-XL-FM-VXLN01-TR-L,combo,210,0
FM-ATSM01-HD-XL-FM-VXLN01-TR-M,combo,210,0
FM-ATSM01-HD-XL-FM-VXLN01-TR-S,combo,210,0
FM-ATSM01-HD-L-FM-VXLN01-TR-XL,combo,144,0
FM-ATSM01-HD-L-FM-VXLN01-TR-L,combo,144,0
FM-ATSM01-HD-L-FM-VXLN01-TR-M,combo,144,0
FM-ATSM01-HD-L-FM-VXLN01-TR-S,combo,144,0
FM-ATSM01-HD-M-FM-VXLN01-TR-XL,combo,99,0
FM-ATSM01-HD-M-FM-VXLN01-TR-L,combo,99,0
FM-ATSM01-HD-M-FM-VXLN01-TR-M,combo,99,0
FM-ATSM01-HD-M-FM-VXLN01-TR-S,combo,99,0
FM-ATSM01-HD-S-FM-VXLN01-TR-XL,combo,171,0
FM-ATSM01-HD-S-FM-VXLN01-TR-L,combo,171,0
FM-ATSM01-HD-S-FM-VXLN01-TR-M,combo,171,0
FM-ATSM01-HD-S-FM-VXLN01-TR-S,combo,171,0
FM-AVBNU-TP-2XL-FM-Q2NU01-DE-XL,combo,103,0
FM-AVBNU-TP-2XL-FM-Q2NU01-DE-L,combo,103,0
FM-AVBNU-TP-2XL-FM-Q2NU01-DE-M,combo,103,0
FM-AVBNU-TP-2XL-FM-Q2NU01-DE-S,combo,103,0
FM-AVBNU-TP-XL-FM-Q2NU01-DE-XL,combo,56,0
FM-AVBNU-TP-XL-FM-Q2NU01-DE-L,combo,56,0
FM-AVBNU-TP-XL-FM-Q2NU01-DE-M,combo,56,0
FM-AVBNU-TP-XL-FM-Q2NU01-DE-S,combo,56,0
FM-AVBNU-TP-L-FM-Q2NU01-DE-XL,combo,3,0
FM-AVBNU-TP-L-FM-Q2NU01-DE-L,combo,3,0
FM-AVBNU-TP-L-FM-Q2NU01-DE-M,combo,3,0
FM-AVBNU-TP-L-FM-Q2NU01-DE-S,combo,3,0
FM-AVBNU-TP-M-FM-Q2NU01-DE-XL,combo,4,0
FM-AVBNU-TP-M-FM-Q2NU01-DE-L,combo,6,0
FM-AVBNU-TP-M-FM-Q2NU01-DE-M,combo,5,0
FM-AVBNU-TP-M-FM-Q2NU01-DE-S,combo,6,0
FM-AVBNU-TP-S-FM-Q2NU01-DE-XL,combo,4,0
FM-AVBNU-TP-S-FM-Q2NU01-DE-L,combo,5,0
FM-AVBNU-TP-S-FM-Q2NU01-DE-M,combo,5,0
FM-AVBNU-TP-S-FM-Q2NU01-DE-S,combo,5,0
FM-BRTT01-TR-XL-FM-VXLN01-DE-XL,combo,225,0
FM-BRTT01-TR-XL-FM-VXLN01-DE-L,combo,396,0
FM-BRTT01-TR-XL-FM-VXLN01-DE-M,combo,395,0
FM-BRTT01-TR-XL-FM-VXLN01-DE-S,combo,266,0
FM-BRTT01-TR-L-FM-VXLN01-DE-XL,combo,225,0
FM-BRTT01-TR-L-FM-VXLN01-DE-L,combo,396,0
FM-BRTT01-TR-L-FM-VXLN01-DE-M,combo,395,0
FM-BRTT01-TR-L-FM-VXLN01-DE-S,combo,266,0
FM-BRTT01-TR-M-FM-VXLN01-DE-XL,combo,225,0
FM-BRTT01-TR-M-FM-VXLN01-DE-L,combo,298,0
FM-BRTT01-TR-M-FM-VXLN01-DE-M,combo,298,0
FM-BRTT01-TR-M-FM-VXLN01-DE-S,combo,266,0
FM-BRTT01-TR-S-FM-VXLN01-DE-XL,combo,225,0
FM-BRTT01-TR-S-FM-VXLN01-DE-L,combo,396,0
FM-BRTT01-TR-S-FM-VXLN01-DE-M,combo,395,0
FM-BRTT01-TR-S-FM-VXLN01-DE-S,combo,266,0
FM-ACRT01-DE-XL-FM-QLTG01-DE-XL,combo,0,0
FM-ACRT01-DE-XL-FM-QLTG01-DE-L,combo,0,0
FM-ACRT01-DE-XL-FM-QLTG01-DE-M,combo,0,0
FM-ACRT01-DE-XL-FM-QLTG01-DE-S,combo,0,0
FM-ACRT01-DE-L-FM-QLTG01-DE-XL,combo,0,0
FM-ACRT01-DE-L-FM-QLTG01-DE-L,combo,0,0
FM-ACRT01-DE-L-FM-QLTG01-DE-M,combo,0,0
FM-ACRT01-DE-L-FM-QLTG01-DE-S,combo,2,0
FM-ACRT01-DE-M-FM-QLTG01-DE-XL,combo,0,0
FM-ACRT01-DE-M-FM-QLTG01-DE-L,combo,0,0
FM-ACRT01-DE-M-FM-QLTG01-DE-M,combo,0,0
FM-ACRT01-DE-M-FM-QLTG01-DE-S,combo,1,0
FM-ACRT01-DE-S-FM-QLTG01-DE-XL,combo,0,0
FM-ACRT01-DE-S-FM-QLTG01-DE-L,combo,0,0
FM-ACRT01-DE-S-FM-QLTG01-DE-M,combo,0,0
FM-ACRT01-DE-S-FM-QLTG01-DE-S,combo,0,0
FM-ASNB01-SA-S,normal,0,0
FM-ASNB01-DE-XL,normal,0,0
FM-ASNB01-DE-S,normal,0,0
FM-ASNB01-DE-M,normal,0,0
FM-ASNB01-DE-L,normal,0,0
FM-ASNB01-TR-S,normal,0,0
FM-ABLN01-CR-2XL,normal,0,0
FM-ABLN01-CR-XL,normal,19,0
FM-ABLN01-CR-L,normal,46,0
FM-ABLN01-CR-M,normal,15,0
FM-ABLN01-CR-S,normal,22,0
FM-ATXL01-TP-L,normal,0,0
FM-ATXL01-TP-M,normal,3,0
FM-ATXL01-TP-S,normal,96,0
FM-ATXL01-TP-XL,normal,93,0
FM-ATXL01-HP-L,normal,244,0
FM-ATXL01-HP-M,normal,156,0
FM-ATXL01-HP-S,normal,209,0
FM-ATXL01-HP-XL,normal,385,0
FM-ACRT01-MR-L,normal,0,0
FM-ACRT01-MR-M,normal,0,0
FM-ACRT01-MR-S,normal,0,0
FM-ACRT01-MR-XL,normal,0,0
FM-BRTT01-DE-XL-FM-VSFM01-DE-XL,combo,320,0
FM-BRTT01-DE-XL-FM-VSFM01-DE-L,combo,320,0
FM-BRTT01-DE-XL-FM-VSFM01-DE-M,combo,321,0
FM-BRTT01-DE-XL-FM-VSFM01-DE-S,combo,250,0
FM-BRTT01-DE-L-FM-VSFM01-DE-XL,combo,386,0
FM-BRTT01-DE-L-FM-VSFM01-DE-L,combo,436,0
FM-BRTT01-DE-L-FM-VSFM01-DE-M,combo,436,0
FM-BRTT01-DE-L-FM-VSFM01-DE-S,combo,250,0
FM-BRTT01-DE-M-FM-VSFM01-DE-XL,combo,386,0
FM-BRTT01-DE-M-FM-VSFM01-DE-L,combo,584,0
FM-BRTT01-DE-M-FM-VSFM01-DE-M,combo,468,0
FM-BRTT01-DE-M-FM-VSFM01-DE-S,combo,250,0
FM-BRTT01-DE-S-FM-VSFM01-DE-XL,combo,386,0
FM-BRTT01-DE-S-FM-VSFM01-DE-L,combo,584,0
FM-BRTT01-DE-S-FM-VSFM01-DE-M,combo,468,0
FM-BRTT01-DE-S-FM-VSFM01-DE-S,combo,250,0
FM-ACPV01-TN-XL-FM-VSFM01-TR-XL,combo,0,0
FM-ACPV01-TN-XL-FM-VSFM01-TR-L,combo,0,0
FM-ACPV01-TN-XL-FM-VSFM01-TR-M,combo,0,0
FM-ACPV01-TN-XL-FM-VSFM01-TR-S,combo,0,0
FM-ACPV01-TN-L-FM-VSFM01-TR-XL,combo,0,0
FM-ACPV01-TN-L-FM-VSFM01-TR-L,combo,0,0
FM-ACPV01-TN-L-FM-VSFM01-TR-M,combo,0,0
FM-ACPV01-TN-L-FM-VSFM01-TR-S,combo,0,0
FM-ACPV01-TN-M-FM-VSFM01-TR-XL,combo,0,0
FM-ACPV01-TN-M-FM-VSFM01-TR-L,combo,0,0
FM-ACPV01-TN-M-FM-VSFM01-TR-M,combo,0,0
FM-ACPV01-TN-M-FM-VSFM01-TR-S,combo,0,0
FM-ACPV01-TN-S-FM-VSFM01-TR-XL,combo,0,0
FM-ACPV01-TN-S-FM-VSFM01-TR-L,combo,0,0
FM-ACPV01-TN-S-FM-VSFM01-TR-M,combo,0,0
FM-ACPV01-TN-S-FM-VSFM01-TR-S,combo,0,0
FM-ACPV01-TD-XL-FM-VSFM01-DE-XL,combo,0,0
FM-ACPV01-TD-XL-FM-VSFM01-DE-L,combo,0,0
FM-ACPV01-TD-XL-FM-VSFM01-DE-M,combo,0,0
FM-ACPV01-TD-XL-FM-VSFM01-DE-S,combo,0,0
FM-ACPV01-TD-L-FM-VSFM01-DE-XL,combo,0,0
FM-ACPV01-TD-L-FM-VSFM01-DE-L,combo,0,0
FM-ACPV01-TD-L-FM-VSFM01-DE-M,combo,0,0
FM-ACPV01-TD-L-FM-VSFM01-DE-S,combo,0,0
FM-ACPV01-TD-M-FM-VSFM01-DE-XL,combo,0,0
FM-ACPV01-TD-M-FM-VSFM01-DE-L,combo,0,0
FM-ACPV01-TD-M-FM-VSFM01-DE-M,combo,0,0
FM-ACPV01-TD-M-FM-VSFM01-DE-S,combo,0,0
FM-ACPV01-TD-S-FM-VSFM01-DE-XL,combo,0,0
FM-ACPV01-TD-S-FM-VSFM01-DE-L,combo,0,0
FM-ACPV01-TD-S-FM-VSFM01-DE-M,combo,0,0
FM-ACPV01-TD-S-FM-VSFM01-DE-S,combo,0,0
FM-ACPV01-DT-XL-FM-VSFM01-TR-XL,combo,0,0
FM-ACPV01-DT-XL-FM-VSFM01-TR-L,combo,0,0
FM-ACPV01-DT-XL-FM-VSFM01-TR-M,combo,0,0
FM-ACPV01-DT-XL-FM-VSFM01-TR-S,combo,0,0
FM-ACPV01-DT-L-FM-VSFM01-TR-XL,combo,0,0
FM-ACPV01-DT-L-FM-VSFM01-TR-L,combo,0,0
FM-ACPV01-DT-L-FM-VSFM01-TR-M,combo,0,0
FM-ACPV01-DT-L-FM-VSFM01-TR-S,combo,0,0
FM-ACPV01-DT-M-FM-VSFM01-TR-XL,combo,0,0
FM-ACPV01-DT-M-FM-VSFM01-TR-L,combo,0,0
FM-ACPV01-DT-M-FM-VSFM01-TR-M,combo,0,0
FM-ACPV01-DT-M-FM-VSFM01-TR-S,combo,0,0
FM-ACPV01-DT-S-FM-VSFM01-TR-XL,combo,0,0
FM-ACPV01-DT-S-FM-VSFM01-TR-L,combo,0,0
FM-ACPV01-DT-S-FM-VSFM01-TR-M,combo,0,0
FM-ACPV01-DT-S-FM-VSFM01-TR-S,combo,0,0
FM-ABPL01-TD-XL-FM-VXLN01-DE-XL,combo,45,0
FM-ABPL01-TD-XL-FM-VXLN01-DE-L,combo,45,0
FM-ABPL01-TD-XL-FM-VXLN01-DE-M,combo,45,0
FM-ABPL01-TD-XL-FM-VXLN01-DE-S,combo,45,0
FM-ABPL01-TD-L-FM-VXLN01-DE-XL,combo,79,0
FM-ABPL01-TD-L-FM-VXLN01-DE-L,combo,79,0
FM-ABPL01-TD-L-FM-VXLN01-DE-M,combo,79,0
FM-ABPL01-TD-L-FM-VXLN01-DE-S,combo,79,0
FM-ABPL01-TD-M-FM-VXLN01-DE-XL,combo,72,0
FM-ABPL01-TD-M-FM-VXLN01-DE-L,combo,72,0
FM-ABPL01-TD-M-FM-VXLN01-DE-M,combo,72,0
FM-ABPL01-TD-M-FM-VXLN01-DE-S,combo,72,0
FM-ABPL01-TD-S-FM-VXLN01-DE-XL,combo,225,0
FM-ABPL01-TD-S-FM-VXLN01-DE-L,combo,342,0
FM-ABPL01-TD-S-FM-VXLN01-DE-M,combo,342,0
FM-ABPL01-TD-S-FM-VXLN01-DE-S,combo,266,0
FM-ABPL01-NT-XL-FM-VXLN01-TR-XL,combo,0,0
FM-ABPL01-NT-XL-FM-VXLN01-TR-L,combo,0,0
FM-ABPL01-NT-XL-FM-VXLN01-TR-M,combo,0,0
FM-ABPL01-NT-XL-FM-VXLN01-TR-S,combo,0,0
FM-ABPL01-NT-L-FM-VXLN01-TR-XL,combo,0,0
FM-ABPL01-NT-L-FM-VXLN01-TR-L,combo,0,0
FM-ABPL01-NT-L-FM-VXLN01-TR-M,combo,0,0
FM-ABPL01-NT-L-FM-VXLN01-TR-S,combo,0,0
FM-ABPL01-NT-M-FM-VXLN01-TR-XL,combo,0,0
FM-ABPL01-NT-M-FM-VXLN01-TR-L,combo,0,0
FM-ABPL01-NT-M-FM-VXLN01-TR-M,combo,0,0
FM-ABPL01-NT-M-FM-VXLN01-TR-S,combo,0,0
FM-ABPL01-NT-S-FM-VXLN01-TR-XL,combo,8,0
FM-ABPL01-NT-S-FM-VXLN01-TR-L,combo,8,0
FM-ABPL01-NT-S-FM-VXLN01-TR-M,combo,8,0
FM-ABPL01-NT-S-FM-VXLN01-TR-S,combo,8,0
FM-DTSN01-LG-XL,normal,72,0
FM-DTSN01-LG-S,normal,19,0
FM-DTSN01-LG-M,normal,22,0
FM-DTSN01-LG-L,normal,47,0
FM-DTSN01-WG-XL,normal,56,0
FM-DTSN01-WG-S,normal,0,0
FM-DTSN01-WG-M,normal,0,0
FM-DTSN01-WG-L,normal,0,0
FM-DTSN01-BN-XL,normal,73,0
FM-DTSN01-BN-S,normal,223,0
FM-DTSN01-BN-M,normal,227,0
FM-DTSN01-BN-L,normal,71,0
FM-DTNN01-WG-XL,normal,0,0
FM-DTNN01-WG-S,normal,0,0
FM-DTNN01-WG-M,normal,0,0
FM-DTNN01-WG-L,normal,0,0
FM-DTNN01-BN-XL,normal,848,0
FM-DTNN01-BN-S,normal,708,0
FM-DTNN01-BN-M,normal,1608,0
FM-DTNN01-BN-L,normal,1067,0
FM-CKFM01,normal,0,0
FM-VSFM01-WG-L,normal,95,0
FM-VSFM01-WG-M,normal,91,0
FM-VSFM01-WG-S,normal,224,0
FM-VSFM01-WG-XL,normal,117,0
FM-VSFM01-BN-L,normal,322,0
FM-VSFM01-BN-M,normal,158,0
FM-VSFM01-BN-S,normal,179,0
FM-VSFM01-BN-XL,normal,189,0
FM-VSFM01-TR-L,normal,501,0
FM-VSFM01-TR-M,normal,492,0
FM-VSFM01-TR-S,normal,208,0
FM-VSFM01-TR-XL,normal,209,0
FM-VSFM01-DE-L,normal,584,0
FM-VSFM01-DE-M,normal,469,0
FM-VSFM01-DE-S,normal,250,0
FM-VSFM01-DE-XL,normal,386,0
FM-VXLN01-WG-L,normal,51,0
FM-VXLN01-WG-M,normal,45,0
FM-VXLN01-WG-S,normal,303,0
FM-VXLN01-WG-XL,normal,81,0
FM-VXLN01-BN-L,normal,349,0
FM-VXLN01-BN-M,normal,873,0
FM-VXLN01-BN-S,normal,244,0
FM-VXLN01-BN-XL,normal,440,0
FM-VXLN01-TR-L,normal,631,0
FM-VXLN01-TR-M,normal,527,0
FM-VXLN01-TR-S,normal,474,0
FM-VXLN01-TR-XL,normal,215,0
FM-VXLN01-DE-L,normal,396,0
FM-VXLN01-DE-M,normal,395,0
FM-VXLN01-DE-S,normal,266,0
FM-VXLN01-DE-XL,normal,225,0
FM-ANCD01-DE-L,normal,90,0
FM-ANCD01-DE-M,normal,6,0
FM-ANCD01-DE-S,normal,126,0
FM-ANCD01-DE-XL,normal,26,0
FM-DTSN01-TR-L,normal,95,0
FM-DTSN01-TR-M,normal,150,0
FM-DTSN01-TR-S,normal,54,0
FM-DTSN01-TR-XL,normal,158,0
FM-DTSN01-DE-L,normal,153,0
FM-DTSN01-DE-M,normal,10,0
FM-DTSN01-DE-S,normal,68,0
FM-DTSN01-DE-XL,normal,215,0
FM-DTNN01-TR-L,normal,226,0
FM-DTNN01-TR-M,normal,904,0
FM-DTNN01-TR-S,normal,397,0
FM-DTNN01-TR-XL,normal,283,0
FM-DTNN01-DE-L,normal,301,0
FM-DTNN01-DE-M,normal,1208,0
FM-DTNN01-DE-S,normal,464,0
FM-DTNN01-DE-XL,normal,288,0
FM-ABPL01-NT-L,normal,0,0
FM-ABPL01-NT-M,normal,0,0
FM-ABPL01-NT-S,normal,8,0
FM-ABPL01-NT-XL,normal,0,0
FM-ABPL01-TD-L,normal,79,0
FM-ABPL01-TD-M,normal,72,0
FM-ABPL01-TD-S,normal,342,0
FM-ABPL01-TD-XL,normal,45,0
FM-ABPL01-DT-L,normal,35,0
FM-ABPL01-DT-M,normal,28,0
FM-ABPL01-DT-S,normal,60,0
FM-ABPL01-DT-XL,normal,34,0
FM-QLKV01-XM-XL-4,normal,22,0
FM-QLKV01-XM-L-4,normal,31,0
FM-QLKV01-XM-M-4,normal,32.25,0
FM-QLKV01-XM-S-4,normal,37.75,0
FM-QLKV01-TR-XL-4,normal,22,0
FM-QLKV01-TR-L-4,normal,31,0
FM-QLKV01-TR-M-4,normal,32.25,0
FM-QLKV01-TR-S-4,normal,37.75,0
FM-QLKV01-DE-XL-4,normal,22,0
FM-QLKV01-DE-L-4,normal,31,0
FM-QLKV01-DE-M-4,normal,32.25,0
FM-QLKV01-DE-S-4,normal,37.75,0
FM-QLKV01-DA-XL-4,normal,22,0
FM-QLKV01-DA-L-4,normal,30,0
FM-QLKV01-DA-M-4,normal,32.25,0
FM-QLKV01-DA-S-4,normal,37.75,0
FM-QLKV01-DA-XL,normal,88,0
FM-QLKV01-DA-L,normal,120,0
FM-QLKV01-DA-M,normal,129,0
FM-QLKV01-DA-S,normal,151,0
FM-QLKV01-XM-XL,normal,88,0
FM-QLKV01-XM-L,normal,124,0
FM-QLKV01-XM-M,normal,129,0
FM-QLKV01-XM-S,normal,151,0
FM-QLKV01-DE-XL,normal,88,0
FM-QLKV01-DE-L,normal,124,0
FM-QLKV01-DE-M,normal,129,0
FM-QLKV01-DE-S,normal,151,0
FM-QLKV01-TR-XL,normal,88,0
FM-QLKV01-TR-L,normal,124,0
FM-QLKV01-TR-M,normal,129,0
FM-QLKV01-TR-S,normal,151,0
FM-BRLT01-TR-XL,normal,0,0
FM-BRLT01-TR-L,normal,0,0
FM-BRLT01-TR-M,normal,0,0
FM-BRLT01-TR-S,normal,0,0
FM-ALGT01-TR-36B,normal,47,0
FM-ALGT01-TR-36A,normal,13,0
FM-ALGT01-TR-34C,normal,76,0
FM-ALGT01-TR-34B,normal,71,0
FM-ALGT01-TR-34A,normal,75,0
FM-ALGT01-TR-32C,normal,53,0
FM-ALGT01-TR-32B,normal,34,0
FM-ALQS01-TR-M,normal,50,0
FM-ALQS01-TR-L,normal,63,0
FM-ALQS01-TR-XL,normal,74,0
FM-ALND01-XM-S,normal,0,0
FM-ALND01-XM-M,normal,0,0
FM-ALND01-XM-L,normal,0,0
FM-ALND01-DA-S,normal,0,0
FM-ALND01-DA-M,normal,0,0
FM-ALND01-DA-L,normal,0,0
FM-ALND01-TR-S,normal,0,0
FM-ALND01-TR-M,normal,0,0
FM-ALND01-TR-L,normal,0,0
FM-ALND01-DE-S,normal,0,0
FM-ALND01-DE-M,normal,0,0
FM-ALND01-DE-L,normal,0,0
FM-ACDB01-LG-S,normal,0,0
FM-ACDB01-LG-M,normal,9,0
FM-ACDB01-LG-L,normal,25,0
FM-ACDB01-LG-XL,normal,26,0
FM-ACDB01-LG-2XL,normal,0,0
FM-ACNB01-TR-2XL,normal,0,0
FM-QNTG01-FR-L,normal,0,0
FM-QNTG01-FR-M,normal,0,0
FM-QNTG01-FR-S,normal,34,0
FM-QNTG01-FR-XL,normal,0,0
FM-QNTG01-AB-L,normal,0,0
FM-QNTG01-AB-M,normal,0,0
FM-QNTG01-AB-S,normal,0,0
FM-QNTG01-AB-XL,normal,0,0
FM-QNTG01-RC-L,normal,0,0
FM-QNTG01-RC-M,normal,0,0
FM-QNTG01-RC-S,normal,10,0
FM-QNTG01-RC-XL,normal,9,0
FM-ACDB01-MR-2XL,normal,0,0
FM-ACDB01-MR-XL,normal,18,0
FM-ACDB01-MR-L,normal,0,0
FM-ACDB01-MR-M,normal,0,0
FM-ACDB01-MR-S,normal,3,0
FM-ACDB01-FR-2XL,normal,0,0
FM-ACDB01-FR-XL,normal,3,0
FM-ACDB01-FR-L,normal,2,0
FM-ACDB01-FR-M,normal,0,0
FM-ACDB01-FR-S,normal,3,0
FM-ACNB01-FR-2XL,normal,0,0
FM-ACNB01-FR-XL,normal,19,0
FM-ACNB01-FR-L,normal,18,0
FM-ACNB01-FR-M,normal,4,0
FM-ACNB01-FR-S,normal,19,0
FM-ACNB01-AB-2XL,normal,0,0
FM-ACCV01-MR-S,normal,0,0
FM-ACCV01-MR-M,normal,0,0
FM-ACCV01-MR-L,normal,0,0
FM-ACCV01-MR-XL,normal,0,0
FM-ACCV01-MR-2XL,normal,0,0
FM-BRLT01-FR-S,normal,0,0
FM-BRLT01-FR-M,normal,0,0
FM-BRLT01-FR-L,normal,0,0
FM-BRLT01-FR-XL,normal,0,0
FM-BRZT01-AB-XL,normal,0,0
FM-BRZT01-AB-L,normal,0,0
FM-BRZT01-AB-M,normal,0,0
FM-BRZT01-AB-S,normal,0,0
FM-BRTT01-AB-L,normal,0,0
FM-BRTT01-AB-M,normal,0,0
FM-BRTT01-AB-S,normal,0,0
FM-BRTT01-AB-XL,normal,0,0
FM-BRTT01-FR-L,normal,0,0
FM-BRTT01-FR-M,normal,0,0
FM-BRTT01-FR-S,normal,0,0
FM-BRTT01-FR-XL,normal,0,0
FM-QDZT01-FR-2XL,normal,0,0
FM-QDZT01-FR-XL,normal,0,0
FM-QDZT01-FR-S,normal,0,0
FM-QDZT01-FR-M,normal,0,0
FM-QDZT01-FR-L,normal,0,0
FM-QDZT01-MR-2XL,normal,0,0
FM-QDZT01-MR-XL,normal,1,0
FM-QDZT01-MR-S,normal,15,0
FM-QDZT01-MR-M,normal,0,0
FM-QDZT01-MR-L,normal,0,0
FM-QDZT01-AB-2XL,normal,0,0
FM-QDZT01-AB-XL,normal,0,0
FM-QDZT01-AB-S,normal,0,0
FM-QDZT01-AB-M,normal,0,0
FM-QDZT01-AB-L,normal,0,0
FM-QLTG01-FR-2XL,normal,0,0
FM-QLTG01-FR-L,normal,18,0
FM-QLTG01-FR-M,normal,4,0
FM-QLTG01-FR-S,normal,43,0
FM-QLTG01-FR-XL,normal,12,0
FM-QLTG01-RC-2XL,normal,0,0
FM-QLTG01-RC-L,normal,0,0
FM-QLTG01-RC-M,normal,0,0
FM-QLTG01-RC-S,normal,44,0
FM-QLTG01-RC-XL,normal,12,0
FM-BRLT01-MR-S,normal,0,0
FM-BRLT01-MR-M,normal,0,0
FM-BRLT01-MR-L,normal,0,0
FM-BRLT01-MR-XL,normal,0,0
FM-BRTT01-MR-L,normal,115,0
FM-BRTT01-MR-M,normal,35,0
FM-BRTT01-MR-S,normal,43,0
FM-BRTT01-MR-XL,normal,25,0
FM-AKCV01-MR-L,normal,0,0
FM-AKCV01-MR-M,normal,0,0
FM-AKCV01-MR-S,normal,0,0
FM-AKCV01-MR-XL,normal,0,0
FM-QDCV01-MR-2XL,normal,0,0
FM-QDCV01-MR-XL,normal,0,0
FM-QDCV01-MR-L,normal,0,0
FM-QDCV01-MR-M,normal,0,0
FM-QDCV01-MR-S,normal,0,0
FM-BRZT01-MB-XL-FM-QDTT01-MB-XL,combo,0,0
FM-BRZT01-MB-XL-FM-QDTT01-MB-L,combo,0,0
FM-BRZT01-MB-XL-FM-QDTT01-MB-M,combo,0,0
FM-BRZT01-MB-XL-FM-QDTT01-MB-S,combo,0,0
FM-BRZT01-MB-L-FM-QDTT01-MB-XL,combo,0,0
FM-BRZT01-MB-L-FM-QDTT01-MB-L,combo,0,0
FM-BRZT01-MB-L-FM-QDTT01-MB-M,combo,0,0
FM-BRZT01-MB-L-FM-QDTT01-MB-S,combo,0,0
FM-BRZT01-MB-M-FM-QDTT01-MB-XL,combo,0,0
FM-BRZT01-MB-M-FM-QDTT01-MB-L,combo,0,0
FM-BRZT01-MB-M-FM-QDTT01-MB-M,combo,0,0
FM-BRZT01-MB-M-FM-QDTT01-MB-S,combo,0,0
FM-BRZT01-MB-S-FM-QDTT01-MB-XL,combo,0,0
FM-BRZT01-MB-S-FM-QDTT01-MB-L,combo,0,0
FM-BRZT01-MB-S-FM-QDTT01-MB-M,combo,0,0
FM-BRZT01-MB-S-FM-QDTT01-MB-S,combo,0,0
FM-BRTT01-TR-XL-FM-QNTG01-MB-XL,combo,0,0
FM-BRTT01-TR-XL-FM-QNTG01-MB-L,combo,0,0
FM-BRTT01-TR-XL-FM-QNTG01-MB-M,combo,0,0
FM-BRTT01-TR-XL-FM-QNTG01-MB-S,combo,0,0
FM-BRTT01-TR-L-FM-QNTG01-MB-XL,combo,0,0
FM-BRTT01-TR-L-FM-QNTG01-MB-L,combo,0,0
FM-BRTT01-TR-L-FM-QNTG01-MB-M,combo,0,0
FM-BRTT01-TR-L-FM-QNTG01-MB-S,combo,0,0
FM-BRTT01-TR-M-FM-QNTG01-MB-XL,combo,0,0
FM-BRTT01-TR-M-FM-QNTG01-MB-L,combo,0,0
FM-BRTT01-TR-M-FM-QNTG01-MB-M,combo,0,0
FM-BRTT01-TR-M-FM-QNTG01-MB-S,combo,0,0
FM-BRTT01-TR-S-FM-QNTG01-MB-XL,combo,0,0
FM-BRTT01-TR-S-FM-QNTG01-MB-L,combo,0,0
FM-BRTT01-TR-S-FM-QNTG01-MB-M,combo,0,0
FM-BRTT01-TR-S-FM-QNTG01-MB-S,combo,0,0
FM-BRRB01-MB-XL-FM-QDZT01-MB-2XL,combo,0,0
FM-BRRB01-MB-XL-FM-QDZT01-MB-XL,combo,0,0
FM-BRRB01-MB-XL-FM-QDZT01-MB-L,combo,0,0
FM-BRRB01-MB-XL-FM-QDZT01-MB-M,combo,0,0
FM-BRRB01-MB-XL-FM-QDZT01-MB-S,combo,0,0
FM-BRRB01-MB-L-FM-QDZT01-MB-2XL,combo,0,0
FM-BRRB01-MB-L-FM-QDZT01-MB-XL,combo,0,0
FM-BRRB01-MB-L-FM-QDZT01-MB-L,combo,0,0
FM-BRRB01-MB-L-FM-QDZT01-MB-M,combo,0,0
FM-BRRB01-MB-L-FM-QDZT01-MB-S,combo,0,0
FM-BRRB01-MB-M-FM-QDZT01-MB-2XL,combo,0,0
FM-BRRB01-MB-M-FM-QDZT01-MB-XL,combo,0,0
FM-BRRB01-MB-M-FM-QDZT01-MB-L,combo,0,0
FM-BRRB01-MB-M-FM-QDZT01-MB-M,combo,1,0
FM-BRRB01-MB-M-FM-QDZT01-MB-S,combo,0,0
FM-BRRB01-MB-S-FM-QDZT01-MB-2XL,combo,0,0
FM-BRRB01-MB-S-FM-QDZT01-MB-XL,combo,0,0
FM-BRRB01-MB-S-FM-QDZT01-MB-L,combo,0,0
FM-BRRB01-MB-S-FM-QDZT01-MB-M,combo,1,0
FM-BRRB01-MB-S-FM-QDZT01-MB-S,combo,0,0
FM-BRDT01-SA-XL-FM-QNTG01-DE-XL,combo,0,0
FM-BRDT01-SA-XL-FM-QNTG01-DE-L,combo,0,0
FM-BRDT01-SA-XL-FM-QNTG01-DE-M,combo,0,0
FM-BRDT01-SA-XL-FM-QNTG01-DE-S,combo,0,0
FM-BRDT01-SA-L-FM-QNTG01-DE-XL,combo,0,0
FM-BRDT01-SA-L-FM-QNTG01-DE-L,combo,0,0
FM-BRDT01-SA-L-FM-QNTG01-DE-M,combo,0,0
FM-BRDT01-SA-L-FM-QNTG01-DE-S,combo,0,0
FM-BRDT01-SA-M-FM-QNTG01-DE-XL,combo,0,0
FM-BRDT01-SA-M-FM-QNTG01-DE-L,combo,0,0
FM-BRDT01-SA-M-FM-QNTG01-DE-M,combo,0,0
FM-BRDT01-SA-M-FM-QNTG01-DE-S,combo,0,0
FM-BRDT01-SA-S-FM-QNTG01-DE-XL,combo,0,0
FM-BRDT01-SA-S-FM-QNTG01-DE-L,combo,0,0
FM-BRDT01-SA-S-FM-QNTG01-DE-M,combo,0,0
FM-BRDT01-SA-S-FM-QNTG01-DE-S,combo,0,0
FM-ACRT01-MB-XL-FM-QDZT01-XX-XL,combo,0,0
FM-ACRT01-MB-XL-FM-QDZT01-XX-L,combo,0,0
FM-ACRT01-MB-XL-FM-QDZT01-XX-M,combo,-2,0
FM-ACRT01-MB-XL-FM-QDZT01-XX-S,combo,0,0
FM-ACRT01-MB-L-FM-QDZT01-XX-XL,combo,0,0
FM-ACRT01-MB-L-FM-QDZT01-XX-L,combo,0,0
FM-ACRT01-MB-L-FM-QDZT01-XX-M,combo,-2,0
FM-ACRT01-MB-L-FM-QDZT01-XX-S,combo,0,0
FM-ACRT01-MB-M-FM-QDZT01-XX-XL,combo,0,0
FM-ACRT01-MB-M-FM-QDZT01-XX-L,combo,0,0
FM-ACRT01-MB-M-FM-QDZT01-XX-M,combo,-2,0
FM-ACRT01-MB-M-FM-QDZT01-XX-S,combo,0,0
FM-ACRT01-MB-S-FM-QDZT01-XX-XL,combo,0,0
FM-ACRT01-MB-S-FM-QDZT01-XX-L,combo,0,0
FM-ACRT01-MB-S-FM-QDZT01-XX-M,combo,-2,0
FM-ACRT01-MB-S-FM-QDZT01-XX-S,combo,0,0
FM-AKTG01-TR-XL-FM-QDCV01-DE-2XL,combo,1,0
FM-AKTG01-TR-XL-FM-QDCV01-DE-XL,combo,1,0
FM-AKTG01-TR-XL-FM-QDCV01-DE-L,combo,0,0
FM-AKTG01-TR-XL-FM-QDCV01-DE-M,combo,0,0
FM-AKTG01-TR-XL-FM-QDCV01-DE-S,combo,1,0
FM-AKTG01-TR-L-FM-QDCV01-DE-2XL,combo,0,0
FM-AKTG01-TR-L-FM-QDCV01-DE-XL,combo,0,0
FM-AKTG01-TR-L-FM-QDCV01-DE-L,combo,0,0
FM-AKTG01-TR-L-FM-QDCV01-DE-M,combo,0,0
FM-AKTG01-TR-L-FM-QDCV01-DE-S,combo,0,0
FM-AKTG01-TR-M-FM-QDCV01-DE-2XL,combo,0,0
FM-AKTG01-TR-M-FM-QDCV01-DE-XL,combo,0,0
FM-AKTG01-TR-M-FM-QDCV01-DE-L,combo,0,0
FM-AKTG01-TR-M-FM-QDCV01-DE-M,combo,0,0
FM-AKTG01-TR-M-FM-QDCV01-DE-S,combo,0,0
FM-AKTG01-TR-S-FM-QDCV01-DE-2XL,combo,0,0
FM-AKTG01-TR-S-FM-QDCV01-DE-XL,combo,0,0
FM-AKTG01-TR-S-FM-QDCV01-DE-L,combo,0,0
FM-AKTG01-TR-S-FM-QDCV01-DE-M,combo,0,0
FM-AKTG01-TR-S-FM-QDCV01-DE-S,combo,0,0
FM-AVBNU-TP-2XL-FM-JGDT-DE-2XL,combo,29,0
FM-AVBNU-TP-2XL-FM-JGDT-DE-XL,combo,0,0
FM-AVBNU-TP-2XL-FM-JGDT-DE-L,combo,0,0
FM-AVBNU-TP-2XL-FM-JGDT-DE-M,combo,0,0
FM-AVBNU-TP-2XL-FM-JGDT-DE-S,combo,40,0
FM-AVBNU-TP-XL-FM-JGDT-DE-2XL,combo,29,0
FM-AVBNU-TP-XL-FM-JGDT-DE-XL,combo,0,0
FM-AVBNU-TP-XL-FM-JGDT-DE-L,combo,0,0
FM-AVBNU-TP-XL-FM-JGDT-DE-M,combo,0,0
FM-AVBNU-TP-XL-FM-JGDT-DE-S,combo,40,0
FM-AVBNU-TP-L-FM-JGDT-DE-2XL,combo,0,0
FM-AVBNU-TP-L-FM-JGDT-DE-XL,combo,0,0
FM-AVBNU-TP-L-FM-JGDT-DE-L,combo,0,0
FM-AVBNU-TP-L-FM-JGDT-DE-M,combo,0,0
FM-AVBNU-TP-L-FM-JGDT-DE-S,combo,0,0
FM-AVBNU-TP-M-FM-JGDT-DE-2XL,combo,0,0
FM-AVBNU-TP-M-FM-JGDT-DE-XL,combo,0,0
FM-AVBNU-TP-M-FM-JGDT-DE-L,combo,0,0
FM-AVBNU-TP-M-FM-JGDT-DE-M,combo,0,0
FM-AVBNU-TP-M-FM-JGDT-DE-S,combo,0,0
FM-AVBNU-TP-S-FM-JGDT-DE-2XL,combo,0,0
FM-AVBNU-TP-S-FM-JGDT-DE-XL,combo,0,0
FM-AVBNU-TP-S-FM-JGDT-DE-L,combo,0,0
FM-AVBNU-TP-S-FM-JGDT-DE-M,combo,0,0
FM-AVBNU-TP-S-FM-JGDT-DE-S,combo,0,0
FM-ACNB01-LG-XL-FM-QNTG01-DG-XL,combo,-2,0
FM-ACNB01-LG-XL-FM-QNTG01-DG-L,combo,-2,0
FM-ACNB01-LG-XL-FM-QNTG01-DG-M,combo,-2,0
FM-ACNB01-LG-XL-FM-QNTG01-DG-S,combo,-2,0
FM-ACNB01-LG-L-FM-QNTG01-DG-XL,combo,0,0
FM-ACNB01-LG-L-FM-QNTG01-DG-L,combo,0,0
FM-ACNB01-LG-L-FM-QNTG01-DG-M,combo,0,0
FM-ACNB01-LG-L-FM-QNTG01-DG-S,combo,0,0
FM-ACNB01-LG-M-FM-QNTG01-DG-XL,combo,0,0
FM-ACNB01-LG-M-FM-QNTG01-DG-L,combo,0,0
FM-ACNB01-LG-M-FM-QNTG01-DG-M,combo,0,0
FM-ACNB01-LG-M-FM-QNTG01-DG-S,combo,0,0
FM-ACNB01-LG-S-FM-QNTG01-DG-XL,combo,0,0
FM-ACNB01-LG-S-FM-QNTG01-DG-L,combo,0,0
FM-ACNB01-LG-S-FM-QNTG01-DG-M,combo,0,0
FM-ACNB01-LG-S-FM-QNTG01-DG-S,combo,0,0
FM-ACNB01-DE-XL-FM-Q2NU01-DE-XL,combo,0,0
FM-ACNB01-DE-XL-FM-Q2NU01-DE-L,combo,0,0
FM-ACNB01-DE-XL-FM-Q2NU01-DE-M,combo,0,0
FM-ACNB01-DE-XL-FM-Q2NU01-DE-S,combo,0,0
FM-ACNB01-DE-L-FM-Q2NU01-DE-XL,combo,0,0
FM-ACNB01-DE-L-FM-Q2NU01-DE-L,combo,0,0
FM-ACNB01-DE-L-FM-Q2NU01-DE-M,combo,0,0
FM-ACNB01-DE-L-FM-Q2NU01-DE-S,combo,0,0
FM-ACNB01-DE-M-FM-Q2NU01-DE-XL,combo,0,0
FM-ACNB01-DE-M-FM-Q2NU01-DE-L,combo,0,0
FM-ACNB01-DE-M-FM-Q2NU01-DE-M,combo,0,0
FM-ACNB01-DE-M-FM-Q2NU01-DE-S,combo,0,0
FM-ACNB01-DE-S-FM-Q2NU01-DE-XL,combo,0,0
FM-ACNB01-DE-S-FM-Q2NU01-DE-L,combo,0,0
FM-ACNB01-DE-S-FM-Q2NU01-DE-M,combo,0,0
FM-ACNB01-DE-S-FM-Q2NU01-DE-S,combo,0,0
FM-ACDB01-TR-XL-FM-QNTG01-DG-XL,combo,59,0
FM-ACDB01-TR-XL-FM-QNTG01-DG-L,combo,17,0
FM-ACDB01-TR-XL-FM-QNTG01-DG-M,combo,0,0
FM-ACDB01-TR-XL-FM-QNTG01-DG-S,combo,5,0
FM-ACDB01-TR-L-FM-QNTG01-DG-XL,combo,3,0
FM-ACDB01-TR-L-FM-QNTG01-DG-L,combo,3,0
FM-ACDB01-TR-L-FM-QNTG01-DG-M,combo,0,0
FM-ACDB01-TR-L-FM-QNTG01-DG-S,combo,3,0
FM-ACDB01-TR-M-FM-QNTG01-DG-XL,combo,0,0
FM-ACDB01-TR-M-FM-QNTG01-DG-L,combo,0,0
FM-ACDB01-TR-M-FM-QNTG01-DG-M,combo,0,0
FM-ACDB01-TR-M-FM-QNTG01-DG-S,combo,0,0
FM-ACDB01-TR-S-FM-QNTG01-DG-XL,combo,0,0
FM-ACDB01-TR-S-FM-QNTG01-DG-L,combo,0,0
FM-ACDB01-TR-S-FM-QNTG01-DG-M,combo,0,0
FM-ACDB01-TR-S-FM-QNTG01-DG-S,combo,0,0
FM-ATSM01-HP-2XL-FM-QDZT01-DE-2XL,combo,62,0
FM-ATSM01-HP-2XL-FM-QDZT01-DE-XL,combo,62,0
FM-ATSM01-HP-2XL-FM-QDZT01-DE-L,combo,62,0
FM-ATSM01-HP-2XL-FM-QDZT01-DE-M,combo,62,0
FM-ATSM01-HP-2XL-FM-QDZT01-DE-S,combo,62,0
FM-ATSM01-HP-XL-FM-QDZT01-DE-2XL,combo,70,0
FM-ATSM01-HP-XL-FM-QDZT01-DE-XL,combo,70,0
FM-ATSM01-HP-XL-FM-QDZT01-DE-L,combo,70,0
FM-ATSM01-HP-XL-FM-QDZT01-DE-M,combo,70,0
FM-ATSM01-HP-XL-FM-QDZT01-DE-S,combo,70,0
FM-ATSM01-HP-L-FM-QDZT01-DE-2XL,combo,59,0
FM-ATSM01-HP-L-FM-QDZT01-DE-XL,combo,59,0
FM-ATSM01-HP-L-FM-QDZT01-DE-L,combo,59,0
FM-ATSM01-HP-L-FM-QDZT01-DE-M,combo,59,0
FM-ATSM01-HP-L-FM-QDZT01-DE-S,combo,59,0
FM-ATSM01-HP-M-FM-QDZT01-DE-2XL,combo,-3,0
FM-ATSM01-HP-M-FM-QDZT01-DE-XL,combo,-3,0
FM-ATSM01-HP-M-FM-QDZT01-DE-L,combo,-3,0
FM-ATSM01-HP-M-FM-QDZT01-DE-M,combo,-3,0
FM-ATSM01-HP-M-FM-QDZT01-DE-S,combo,-3,0
FM-ATSM01-HP-S-FM-QDZT01-DE-2XL,combo,0,0
FM-ATSM01-HP-S-FM-QDZT01-DE-XL,combo,0,0
FM-ATSM01-HP-S-FM-QDZT01-DE-L,combo,0,0
FM-ATSM01-HP-S-FM-QDZT01-DE-M,combo,0,0
FM-ATSM01-HP-S-FM-QDZT01-DE-S,combo,0,0
FM-ACNB01-DG-XL-FM-QLTG01-DE-2XL,combo,8,0
FM-ACNB01-DG-XL-FM-QLTG01-DE-XL,combo,65,0
FM-ACNB01-DG-XL-FM-QLTG01-DE-L,combo,65,0
FM-ACNB01-DG-XL-FM-QLTG01-DE-M,combo,65,0
FM-ACNB01-DG-XL-FM-QLTG01-DE-S,combo,65,0
FM-ACNB01-DG-L-FM-QLTG01-DE-2XL,combo,5,0
FM-ACNB01-DG-L-FM-QLTG01-DE-XL,combo,5,0
FM-ACNB01-DG-L-FM-QLTG01-DE-L,combo,5,0
FM-ACNB01-DG-L-FM-QLTG01-DE-M,combo,5,0
FM-ACNB01-DG-L-FM-QLTG01-DE-S,combo,5,0
FM-ACNB01-DG-M-FM-QLTG01-DE-2XL,combo,0,0
FM-ACNB01-DG-M-FM-QLTG01-DE-XL,combo,0,0
FM-ACNB01-DG-M-FM-QLTG01-DE-L,combo,0,0
FM-ACNB01-DG-M-FM-QLTG01-DE-M,combo,0,0
FM-ACNB01-DG-M-FM-QLTG01-DE-S,combo,0,0
FM-ACNB01-DG-S-FM-QLTG01-DE-2XL,combo,8,0
FM-ACNB01-DG-S-FM-QLTG01-DE-XL,combo,32,0
FM-ACNB01-DG-S-FM-QLTG01-DE-L,combo,32,0
FM-ACNB01-DG-S-FM-QLTG01-DE-M,combo,32,0
FM-ACNB01-DG-S-FM-QLTG01-DE-S,combo,32,0
FM-ACDB01-DE-XL-FM-QLTG01-LG-2XL,combo,34,0
FM-ACDB01-DE-XL-FM-QLTG01-LG-XL,combo,34,0
FM-ACDB01-DE-XL-FM-QLTG01-LG-L,combo,8,0
FM-ACDB01-DE-XL-FM-QLTG01-LG-M,combo,11,0
FM-ACDB01-DE-XL-FM-QLTG01-LG-S,combo,0,0
FM-ACDB01-DE-L-FM-QLTG01-LG-2XL,combo,35,0
FM-ACDB01-DE-L-FM-QLTG01-LG-XL,combo,35,0
FM-ACDB01-DE-L-FM-QLTG01-LG-L,combo,8,0
FM-ACDB01-DE-L-FM-QLTG01-LG-M,combo,11,0
FM-ACDB01-DE-L-FM-QLTG01-LG-S,combo,0,0
FM-ACDB01-DE-M-FM-QLTG01-LG-2XL,combo,6,0
FM-ACDB01-DE-M-FM-QLTG01-LG-XL,combo,6,0
FM-ACDB01-DE-M-FM-QLTG01-LG-L,combo,6,0
FM-ACDB01-DE-M-FM-QLTG01-LG-M,combo,6,0
FM-ACDB01-DE-M-FM-QLTG01-LG-S,combo,0,0
FM-ACDB01-DE-S-FM-QLTG01-LG-2XL,combo,1,0
FM-ACDB01-DE-S-FM-QLTG01-LG-XL,combo,1,0
FM-ACDB01-DE-S-FM-QLTG01-LG-L,combo,1,0
FM-ACDB01-DE-S-FM-QLTG01-LG-M,combo,1,0
FM-ACDB01-DE-S-FM-QLTG01-LG-S,combo,0,0
FM-ABLN02-TR-XL-FM-QNTG01-DG-XL,combo,0,0
FM-ABLN02-TR-XL-FM-QNTG01-DG-L,combo,0,0
FM-ABLN02-TR-XL-FM-QNTG01-DG-M,combo,0,0
FM-ABLN02-TR-XL-FM-QNTG01-DG-S,combo,0,0
FM-ABLN02-TR-L-FM-QNTG01-DG-XL,combo,0,0
FM-ABLN02-TR-L-FM-QNTG01-DG-L,combo,0,0
FM-ABLN02-TR-L-FM-QNTG01-DG-M,combo,0,0
FM-ABLN02-TR-L-FM-QNTG01-DG-S,combo,0,0
FM-ABLN02-TR-M-FM-QNTG01-DG-XL,combo,0,0
FM-ABLN02-TR-M-FM-QNTG01-DG-L,combo,0,0
FM-ABLN02-TR-M-FM-QNTG01-DG-M,combo,0,0
FM-ABLN02-TR-M-FM-QNTG01-DG-S,combo,0,0
FM-ABLN02-TR-S-FM-QNTG01-DG-XL,combo,-1,0
FM-ABLN02-TR-S-FM-QNTG01-DG-L,combo,-1,0
FM-ABLN02-TR-S-FM-QNTG01-DG-M,combo,-1,0
FM-ABLN02-TR-S-FM-QNTG01-DG-S,combo,-1,0
FM-ABLN01-TR-XL-FM-QNAC-MG-4,combo,0,0
FM-ABLN01-TR-XL-FM-QNAC-MG-3,combo,0,0
FM-ABLN01-TR-XL-FM-QNAC-MG-2,combo,0,0
FM-ABLN01-TR-XL-FM-QNAC-MG-1,combo,0,0
FM-ABLN01-TR-L-FM-QNAC-MG-4,combo,0,0
FM-ABLN01-TR-L-FM-QNAC-MG-3,combo,0,0
FM-ABLN01-TR-L-FM-QNAC-MG-2,combo,0,0
FM-ABLN01-TR-L-FM-QNAC-MG-1,combo,0,0
FM-ABLN01-TR-M-FM-QNAC-MG-4,combo,0,0
FM-ABLN01-TR-M-FM-QNAC-MG-3,combo,0,0
FM-ABLN01-TR-M-FM-QNAC-MG-2,combo,0,0
FM-ABLN01-TR-M-FM-QNAC-MG-1,combo,0,0
FM-ABLN01-TR-S-FM-QNAC-MG-4,combo,0,0
FM-ABLN01-TR-S-FM-QNAC-MG-3,combo,0,0
FM-ABLN01-TR-S-FM-QNAC-MG-2,combo,0,0
FM-ABLN01-TR-S-FM-QNAC-MG-1,combo,0,0
FM-AVBNU-HP-2XL-FM-QDZT01-DE-2XL,combo,27,0
FM-AVBNU-HP-2XL-FM-QDZT01-DE-XL,combo,27,0
FM-AVBNU-HP-2XL-FM-QDZT01-DE-L,combo,27,0
FM-AVBNU-HP-2XL-FM-QDZT01-DE-M,combo,27,0
FM-AVBNU-HP-2XL-FM-QDZT01-DE-S,combo,27,0
FM-AVBNU-HP-XL-FM-QDZT01-DE-2XL,combo,0,0
FM-AVBNU-HP-XL-FM-QDZT01-DE-XL,combo,0,0
FM-AVBNU-HP-XL-FM-QDZT01-DE-L,combo,0,0
FM-AVBNU-HP-XL-FM-QDZT01-DE-M,combo,0,0
FM-AVBNU-HP-XL-FM-QDZT01-DE-S,combo,0,0
FM-AVBNU-HP-L-FM-QDZT01-DE-2XL,combo,0,0
FM-AVBNU-HP-L-FM-QDZT01-DE-XL,combo,0,0
FM-AVBNU-HP-L-FM-QDZT01-DE-L,combo,0,0
FM-AVBNU-HP-L-FM-QDZT01-DE-M,combo,0,0
FM-AVBNU-HP-L-FM-QDZT01-DE-S,combo,0,0
FM-AVBNU-HP-M-FM-QDZT01-DE-2XL,combo,-1,0
FM-AVBNU-HP-M-FM-QDZT01-DE-XL,combo,-1,0
FM-AVBNU-HP-M-FM-QDZT01-DE-L,combo,-1,0
FM-AVBNU-HP-M-FM-QDZT01-DE-M,combo,-1,0
FM-AVBNU-HP-M-FM-QDZT01-DE-S,combo,-1,0
FM-AVBNU-HP-S-FM-QDZT01-DE-2XL,combo,0,0
FM-AVBNU-HP-S-FM-QDZT01-DE-XL,combo,0,0
FM-AVBNU-HP-S-FM-QDZT01-DE-L,combo,0,0
FM-AVBNU-HP-S-FM-QDZT01-DE-M,combo,0,0
FM-AVBNU-HP-S-FM-QDZT01-DE-S,combo,0,0
FM-AVBNU-DO-2XL-FM-QNTG01-DE-XL,combo,0,0
FM-AVBNU-DO-2XL-FM-QNTG01-DE-L,combo,0,0
FM-AVBNU-DO-2XL-FM-QNTG01-DE-M,combo,0,0
FM-AVBNU-DO-2XL-FM-QNTG01-DE-S,combo,0,0
FM-AVBNU-DO-XL-FM-QNTG01-DE-XL,combo,0,0
FM-AVBNU-DO-XL-FM-QNTG01-DE-L,combo,0,0
FM-AVBNU-DO-XL-FM-QNTG01-DE-M,combo,0,0
FM-AVBNU-DO-XL-FM-QNTG01-DE-S,combo,0,0
FM-AVBNU-DO-L-FM-QNTG01-DE-XL,combo,0,0
FM-AVBNU-DO-L-FM-QNTG01-DE-L,combo,0,0
FM-AVBNU-DO-L-FM-QNTG01-DE-M,combo,0,0
FM-AVBNU-DO-L-FM-QNTG01-DE-S,combo,0,0
FM-AVBNU-DO-M-FM-QNTG01-DE-XL,combo,0,0
FM-AVBNU-DO-M-FM-QNTG01-DE-L,combo,0,0
FM-AVBNU-DO-M-FM-QNTG01-DE-M,combo,0,0
FM-AVBNU-DO-M-FM-QNTG01-DE-S,combo,0,0
FM-AVBNU-DO-S-FM-QNTG01-DE-XL,combo,0,0
FM-AVBNU-DO-S-FM-QNTG01-DE-L,combo,0,0
FM-AVBNU-DO-S-FM-QNTG01-DE-M,combo,0,0
FM-AVBNU-DO-S-FM-QNTG01-DE-S,combo,0,0
FM-ATSM01-TP-2XL-FM-QLTG01-DE-2XL,combo,8,0
FM-ATSM01-TP-2XL-FM-QLTG01-DE-XL,combo,162,0
FM-ATSM01-TP-2XL-FM-QLTG01-DE-L,combo,286,0
FM-ATSM01-TP-2XL-FM-QLTG01-DE-M,combo,236,0
FM-ATSM01-TP-2XL-FM-QLTG01-DE-S,combo,333,0
FM-ATSM01-TP-XL-FM-QLTG01-DE-2XL,combo,8,0
FM-ATSM01-TP-XL-FM-QLTG01-DE-XL,combo,101,0
FM-ATSM01-TP-XL-FM-QLTG01-DE-L,combo,101,0
FM-ATSM01-TP-XL-FM-QLTG01-DE-M,combo,101,0
FM-ATSM01-TP-XL-FM-QLTG01-DE-S,combo,101,0
FM-ATSM01-TP-L-FM-QLTG01-DE-2XL,combo,8,0
FM-ATSM01-TP-L-FM-QLTG01-DE-XL,combo,58,0
FM-ATSM01-TP-L-FM-QLTG01-DE-L,combo,58,0
FM-ATSM01-TP-L-FM-QLTG01-DE-M,combo,58,0
FM-ATSM01-TP-L-FM-QLTG01-DE-S,combo,58,0
FM-ATSM01-TP-M-FM-QLTG01-DE-2XL,combo,8,0
FM-ATSM01-TP-M-FM-QLTG01-DE-XL,combo,24,0
FM-ATSM01-TP-M-FM-QLTG01-DE-L,combo,24,0
FM-ATSM01-TP-M-FM-QLTG01-DE-M,combo,24,0
FM-ATSM01-TP-M-FM-QLTG01-DE-S,combo,24,0
FM-ATSM01-TP-S-FM-QLTG01-DE-2XL,combo,8,0
FM-ATSM01-TP-S-FM-QLTG01-DE-XL,combo,96,0
FM-ATSM01-TP-S-FM-QLTG01-DE-L,combo,96,0
FM-ATSM01-TP-S-FM-QLTG01-DE-M,combo,96,0
FM-ATSM01-TP-S-FM-QLTG01-DE-S,combo,96,0
FM-ATSM01-DO-2XL-FM-QDJG01-DE-2XL,combo,0,0
FM-ATSM01-DO-2XL-FM-QDJG01-DE-XL,combo,0,0
FM-ATSM01-DO-2XL-FM-QDJG01-DE-L,combo,0,0
FM-ATSM01-DO-2XL-FM-QDJG01-DE-M,combo,0,0
FM-ATSM01-DO-2XL-FM-QDJG01-DE-S,combo,0,0
FM-ATSM01-DO-XL-FM-QDJG01-DE-2XL,combo,0,0
FM-ATSM01-DO-XL-FM-QDJG01-DE-XL,combo,0,0
FM-ATSM01-DO-XL-FM-QDJG01-DE-L,combo,0,0
FM-ATSM01-DO-XL-FM-QDJG01-DE-M,combo,0,0
FM-ATSM01-DO-XL-FM-QDJG01-DE-S,combo,0,0
FM-ATSM01-DO-L-FM-QDJG01-DE-2XL,combo,0,0
FM-ATSM01-DO-L-FM-QDJG01-DE-XL,combo,0,0
FM-ATSM01-DO-L-FM-QDJG01-DE-L,combo,0,0
FM-ATSM01-DO-L-FM-QDJG01-DE-M,combo,0,0
FM-ATSM01-DO-L-FM-QDJG01-DE-S,combo,0,0
FM-ATSM01-DO-M-FM-QDJG01-DE-2XL,combo,0,0
FM-ATSM01-DO-M-FM-QDJG01-DE-XL,combo,0,0
FM-ATSM01-DO-M-FM-QDJG01-DE-L,combo,0,0
FM-ATSM01-DO-M-FM-QDJG01-DE-M,combo,0,0
FM-ATSM01-DO-M-FM-QDJG01-DE-S,combo,0,0
FM-ATSM01-DO-S-FM-QDJG01-DE-2XL,combo,0,0
FM-ATSM01-DO-S-FM-QDJG01-DE-XL,combo,0,0
FM-ATSM01-DO-S-FM-QDJG01-DE-L,combo,0,0
FM-ATSM01-DO-S-FM-QDJG01-DE-M,combo,0,0
FM-ATSM01-DO-S-FM-QDJG01-DE-S,combo,0,0
FM-ABLN01-DE-XL-FM-QNTG01-DE-XL,combo,0,0
FM-ABLN01-DE-XL-FM-QNTG01-DE-L,combo,0,0
FM-ABLN01-DE-XL-FM-QNTG01-DE-M,combo,0,0
FM-ABLN01-DE-XL-FM-QNTG01-DE-S,combo,0,0
FM-ABLN01-DE-L-FM-QNTG01-DE-XL,combo,0,0
FM-ABLN01-DE-L-FM-QNTG01-DE-L,combo,0,0
FM-ABLN01-DE-L-FM-QNTG01-DE-M,combo,0,0
FM-ABLN01-DE-L-FM-QNTG01-DE-S,combo,0,0
FM-ABLN01-DE-M-FM-QNTG01-DE-XL,combo,0,0
FM-ABLN01-DE-M-FM-QNTG01-DE-L,combo,0,0
FM-ABLN01-DE-M-FM-QNTG01-DE-M,combo,0,0
FM-ABLN01-DE-M-FM-QNTG01-DE-S,combo,0,0
FM-ABLN01-DE-S-FM-QNTG01-DE-XL,combo,0,0
FM-ABLN01-DE-S-FM-QNTG01-DE-L,combo,0,0
FM-ABLN01-DE-S-FM-QNTG01-DE-M,combo,0,0
FM-ABLN01-DE-S-FM-QNTG01-DE-S,combo,0,0
FM-ABLN02-CR-XL-FM-QLTG01-SA-2XL,combo,0,0
FM-ABLN02-CR-L-FM-QLTG01-SA-2XL,combo,0,0
FM-ABLN02-CR-M-FM-QLTG01-SA-2XL,combo,0,0
FM-ABLN02-CR-S-FM-QLTG01-SA-2XL,combo,0,0
FM-AVBNU-SG-2XL-FM-Q2NU01-XA-XL,combo,64,0
FM-AVBNU-SG-2XL-FM-Q2NU01-XA-L,combo,67,0
FM-AVBNU-SG-2XL-FM-Q2NU01-XA-M,combo,67,0
FM-AVBNU-SG-2XL-FM-Q2NU01-XA-S,combo,67,0
FM-AVBNU-SG-XL-FM-Q2NU01-XA-XL,combo,36,0
FM-AVBNU-SG-XL-FM-Q2NU01-XA-L,combo,40,0
FM-AVBNU-SG-XL-FM-Q2NU01-XA-M,combo,40,0
FM-AVBNU-SG-XL-FM-Q2NU01-XA-S,combo,40,0
FM-AVBNU-SG-L-FM-Q2NU01-XA-XL,combo,110,0
FM-AVBNU-SG-L-FM-Q2NU01-XA-L,combo,154,0
FM-AVBNU-SG-L-FM-Q2NU01-XA-M,combo,81,0
FM-AVBNU-SG-L-FM-Q2NU01-XA-S,combo,133,0
FM-AVBNU-SG-M-FM-Q2NU01-XA-XL,combo,44,0
FM-AVBNU-SG-M-FM-Q2NU01-XA-L,combo,48,0
FM-AVBNU-SG-M-FM-Q2NU01-XA-M,combo,49,0
FM-AVBNU-SG-M-FM-Q2NU01-XA-S,combo,49,0
FM-AVBNU-SG-S-FM-Q2NU01-XA-XL,combo,110,0
FM-AVBNU-SG-S-FM-Q2NU01-XA-L,combo,159,0
FM-AVBNU-SG-S-FM-Q2NU01-XA-M,combo,79,0
FM-AVBNU-SG-S-FM-Q2NU01-XA-S,combo,131,0
FM-AKTG01-DE-XL-FM-QDOL01-RG-XL,combo,46,0
FM-AKTG01-DE-XL-FM-QDOL01-RG-L,combo,44,0
FM-AKTG01-DE-XL-FM-QDOL01-RG-M,combo,46,0
FM-AKTG01-DE-XL-FM-QDOL01-RG-S,combo,0,0
FM-AKTG01-DE-L-FM-QDOL01-RG-XL,combo,48,0
FM-AKTG01-DE-L-FM-QDOL01-RG-L,combo,42,0
FM-AKTG01-DE-L-FM-QDOL01-RG-M,combo,76,0
FM-AKTG01-DE-L-FM-QDOL01-RG-S,combo,0,0
FM-AKTG01-DE-M-FM-QDOL01-RG-XL,combo,43,0
FM-AKTG01-DE-M-FM-QDOL01-RG-L,combo,43,0
FM-AKTG01-DE-M-FM-QDOL01-RG-M,combo,43,0
FM-AKTG01-DE-M-FM-QDOL01-RG-S,combo,0,0
FM-AKTG01-DE-S-FM-QDOL01-RG-XL,combo,19,0
FM-AKTG01-DE-S-FM-QDOL01-RG-L,combo,19,0
FM-AKTG01-DE-S-FM-QDOL01-RG-M,combo,19,0
FM-AKTG01-DE-S-FM-QDOL01-RG-S,combo,0,0
FM-ACNB01-XX-XL-FM-Q2NU01-TR-XL,combo,31,0
FM-ACNB01-XX-XL-FM-Q2NU01-TR-L,combo,31,0
FM-ACNB01-XX-XL-FM-Q2NU01-TR-M,combo,31,0
FM-ACNB01-XX-XL-FM-Q2NU01-TR-S,combo,31,0
FM-ACNB01-XX-L-FM-Q2NU01-TR-XL,combo,0,0
FM-ACNB01-XX-L-FM-Q2NU01-TR-L,combo,0,0
FM-ACNB01-XX-L-FM-Q2NU01-TR-M,combo,0,0
FM-ACNB01-XX-L-FM-Q2NU01-TR-S,combo,0,0
FM-ACNB01-XX-M-FM-Q2NU01-TR-XL,combo,0,0
FM-ACNB01-XX-M-FM-Q2NU01-TR-L,combo,0,0
FM-ACNB01-XX-M-FM-Q2NU01-TR-M,combo,0,0
FM-ACNB01-XX-M-FM-Q2NU01-TR-S,combo,0,0
FM-ACNB01-XX-S-FM-Q2NU01-TR-XL,combo,14,0
FM-ACNB01-XX-S-FM-Q2NU01-TR-L,combo,14,0
FM-ACNB01-XX-S-FM-Q2NU01-TR-M,combo,14,0
FM-ACNB01-XX-S-FM-Q2NU01-TR-S,combo,14,0
FM-ACNB01-DE-XL-FM-QDZT01-DE-2XL,combo,0,0
FM-ACNB01-DE-XL-FM-QDZT01-DE-XL,combo,0,0
FM-ACNB01-DE-XL-FM-QDZT01-DE-L,combo,0,0
FM-ACNB01-DE-XL-FM-QDZT01-DE-M,combo,0,0
FM-ACNB01-DE-XL-FM-QDZT01-DE-S,combo,0,0
FM-ACNB01-DE-L-FM-QDZT01-DE-2XL,combo,0,0
FM-ACNB01-DE-L-FM-QDZT01-DE-XL,combo,0,0
FM-ACNB01-DE-L-FM-QDZT01-DE-L,combo,0,0
FM-ACNB01-DE-L-FM-QDZT01-DE-M,combo,0,0
FM-ACNB01-DE-L-FM-QDZT01-DE-S,combo,0,0
FM-ACNB01-DE-M-FM-QDZT01-DE-2XL,combo,0,0
FM-ACNB01-DE-M-FM-QDZT01-DE-XL,combo,0,0
FM-ACNB01-DE-M-FM-QDZT01-DE-L,combo,0,0
FM-ACNB01-DE-M-FM-QDZT01-DE-M,combo,0,0
FM-ACNB01-DE-M-FM-QDZT01-DE-S,combo,0,0
FM-ACNB01-DE-S-FM-QDZT01-DE-2XL,combo,0,0
FM-ACNB01-DE-S-FM-QDZT01-DE-XL,combo,0,0
FM-ACNB01-DE-S-FM-QDZT01-DE-L,combo,0,0
FM-ACNB01-DE-S-FM-QDZT01-DE-M,combo,0,0
FM-ACNB01-DE-S-FM-QDZT01-DE-S,combo,0,0
FM-ACDB01-MB-XL-FM-QNTG01-MB-XL,combo,0,0
FM-ACDB01-MB-XL-FM-QNTG01-MB-L,combo,0,0
FM-ACDB01-MB-XL-FM-QNTG01-MB-M,combo,0,0
FM-ACDB01-MB-XL-FM-QNTG01-MB-S,combo,0,0
FM-ACDB01-MB-L-FM-QNTG01-MB-XL,combo,0,0
FM-ACDB01-MB-L-FM-QNTG01-MB-L,combo,0,0
FM-ACDB01-MB-L-FM-QNTG01-MB-M,combo,0,0
FM-ACDB01-MB-L-FM-QNTG01-MB-S,combo,0,0
FM-ACDB01-MB-M-FM-QNTG01-MB-XL,combo,0,0
FM-ACDB01-MB-M-FM-QNTG01-MB-L,combo,0,0
FM-ACDB01-MB-M-FM-QNTG01-MB-M,combo,0,0
FM-ACDB01-MB-M-FM-QNTG01-MB-S,combo,0,0
FM-ACDB01-MB-S-FM-QNTG01-MB-XL,combo,0,0
FM-ACDB01-MB-S-FM-QNTG01-MB-L,combo,0,0
FM-ACDB01-MB-S-FM-QNTG01-MB-M,combo,0,0
FM-ACDB01-MB-S-FM-QNTG01-MB-S,combo,0,0
FM-ABLN02-DE-XL-FM-QNTG01-DE-XL,combo,0,0
FM-ABLN02-DE-XL-FM-QNTG01-DE-L,combo,0,0
FM-ABLN02-DE-XL-FM-QNTG01-DE-M,combo,0,0
FM-ABLN02-DE-XL-FM-QNTG01-DE-S,combo,0,0
FM-ABLN02-DE-L-FM-QNTG01-DE-XL,combo,0,0
FM-ABLN02-DE-L-FM-QNTG01-DE-L,combo,0,0
FM-ABLN02-DE-L-FM-QNTG01-DE-M,combo,0,0
FM-ABLN02-DE-L-FM-QNTG01-DE-S,combo,0,0
FM-ABLN02-DE-M-FM-QNTG01-DE-XL,combo,0,0
FM-ABLN02-DE-M-FM-QNTG01-DE-L,combo,0,0
FM-ABLN02-DE-M-FM-QNTG01-DE-M,combo,0,0
FM-ABLN02-DE-M-FM-QNTG01-DE-S,combo,0,0
FM-ABLN02-DE-S-FM-QNTG01-DE-XL,combo,0,0
FM-ABLN02-DE-S-FM-QNTG01-DE-L,combo,0,0
FM-ABLN02-DE-S-FM-QNTG01-DE-M,combo,0,0
FM-ABLN02-DE-S-FM-QNTG01-DE-S,combo,0,0
FM-ABLN02-CR-XL-FM-QLTG01-SA-XL,combo,0,0
FM-ABLN02-CR-XL-FM-QLTG01-SA-L,combo,0,0
FM-ABLN02-CR-XL-FM-QLTG01-SA-M,combo,0,0
FM-ABLN02-CR-XL-FM-QLTG01-SA-S,combo,0,0
FM-ABLN02-CR-L-FM-QLTG01-SA-XL,combo,0,0
FM-ABLN02-CR-L-FM-QLTG01-SA-L,combo,0,0
FM-ABLN02-CR-L-FM-QLTG01-SA-M,combo,0,0
FM-ABLN02-CR-L-FM-QLTG01-SA-S,combo,0,0
FM-ABLN02-CR-M-FM-QLTG01-SA-XL,combo,0,0
FM-ABLN02-CR-M-FM-QLTG01-SA-L,combo,0,0
FM-ABLN02-CR-M-FM-QLTG01-SA-M,combo,0,0
FM-ABLN02-CR-M-FM-QLTG01-SA-S,combo,0,0
FM-ABLN02-CR-S-FM-QLTG01-SA-XL,combo,0,0
FM-ABLN02-CR-S-FM-QLTG01-SA-L,combo,0,0
FM-ABLN02-CR-S-FM-QLTG01-SA-M,combo,0,0
FM-ABLN02-CR-S-FM-QLTG01-SA-S,combo,0,0
FM-ABLN01-SA-XL-FM-QNTG01-DE-XL,combo,0,0
FM-ABLN01-SA-XL-FM-QNTG01-DE-L,combo,0,0
FM-ABLN01-SA-XL-FM-QNTG01-DE-M,combo,0,0
FM-ABLN01-SA-XL-FM-QNTG01-DE-S,combo,0,0
FM-ABLN01-SA-L-FM-QNTG01-DE-XL,combo,0,0
FM-ABLN01-SA-L-FM-QNTG01-DE-L,combo,0,0
FM-ABLN01-SA-L-FM-QNTG01-DE-M,combo,0,0
FM-ABLN01-SA-L-FM-QNTG01-DE-S,combo,0,0
FM-ABLN01-SA-M-FM-QNTG01-DE-XL,combo,0,0
FM-ABLN01-SA-M-FM-QNTG01-DE-L,combo,0,0
FM-ABLN01-SA-M-FM-QNTG01-DE-M,combo,0,0
FM-ABLN01-SA-M-FM-QNTG01-DE-S,combo,0,0
FM-ABLN01-SA-S-FM-QNTG01-DE-XL,combo,0,0
FM-ABLN01-SA-S-FM-QNTG01-DE-L,combo,0,0
FM-ABLN01-SA-S-FM-QNTG01-DE-M,combo,0,0
FM-ABLN01-SA-S-FM-QNTG01-DE-S,combo,0,0
FM-AOTN01-XN-2XL-FM-QN1L03-XN-3XL,combo,0,0
FM-AOTN01-KK-2XL-FM-QN1L03-TN-3XL,combo,0,0
FM-AOTN01-ST-2XL-FM-QN1L03-TN-3XL,combo,0,0
FM-ATSN01-SG-2XL-FM-QN1L03-SG-3XL,combo,0,0
FM-ATSN01-XN-2XL-FM-QN1L03-XN-3XL,combo,0,0
FM-AOTN01-DE-2XL-FM-QN1L04-DE-3XL,combo,0,0
FM-AOTN01-SG-2XL-FM-QN1L03-SG-3XL,combo,0,0
FM-ABLN01-SA-S,normal,0,0
FM-ABLN01-SA-M,normal,0,0
FM-ABLN01-SA-L,normal,0,0
FM-ABLN01-SA-XL,normal,0,0
FM-ABLN01-SA-2XL,normal,0,0
FM-Q2NU01-TR-2XL,normal,0,0
FM-Q2NU01-XA-2XL,normal,0,0
FM-Q2NU01-DE-2XL,normal,0,0
FM-AKTG01-TR-2XL,normal,0,0
FM-AKTG01-DE-2XL,normal,0,0
FM-ACNB01-LG-2XL,normal,0,0
FM-ACNB01-DG-2XL,normal,0,0
FM-ACNB01-XX-S,normal,14,0
FM-ACNB01-XX-M,normal,0,0
FM-ACNB01-XX-L,normal,0,0
FM-ACNB01-XX-XL,normal,31,0
FM-ACNB01-XX-2XL,normal,0,0
FM-ACNB01-DE-2XL,normal,0,0
FM-ACDB01-TR-2XL,normal,0,0
FM-ACDB01-MB-S,normal,0,0
FM-ACDB01-MB-M,normal,0,0
FM-ACDB01-MB-L,normal,0,0
FM-ACDB01-MB-XL,normal,0,0
FM-ACDB01-MB-2XL,normal,0,0
FM-ACDB01-DE-2XL,normal,0,0
FM-ABLN02-TR-S,normal,-1,0
FM-ABLN02-TR-M,normal,0,0
FM-ABLN02-TR-L,normal,0,0
FM-ABLN02-TR-XL,normal,0,0
FM-ABLN02-TR-2XL,normal,0,0
FM-ABLN02-CR-S,normal,0,0
FM-ABLN02-CR-M,normal,0,0
FM-ABLN02-CR-L,normal,0,0
FM-ABLN02-CR-XL,normal,0,0
FM-ABLN02-CR-2XL,normal,0,0
FM-ABLN02-DE-S,normal,0,0
FM-ABLN02-DE-M,normal,0,0
FM-ABLN02-DE-L,normal,0,0
FM-ABLN02-DE-XL,normal,0,0
FM-ABLN02-DE-2XL,normal,0,0
FM-ABLN01-TR-2XL,normal,0,0
FM-ABLN01-DE-2XL,normal,0,0
FM-BRZT01-TR-S,normal,144,0
FM-BRZT01-TR-M,normal,259,0
FM-BRZT01-TR-L,normal,422,0
FM-BRZT01-TR-XL,normal,312,0
FM-BRZT01-LG-XL-FM-QDZT01-DE-2XL,combo,137,0
FM-BRZT01-LG-XL-FM-QDZT01-DE-XL,combo,137,0
FM-BRZT01-LG-XL-FM-QDZT01-DE-L,combo,137,0
FM-BRZT01-LG-XL-FM-QDZT01-DE-M,combo,137,0
FM-BRZT01-LG-XL-FM-QDZT01-DE-S,combo,137,0
FM-BRZT01-LG-L-FM-QDZT01-DE-2XL,combo,75,0
FM-BRZT01-LG-L-FM-QDZT01-DE-XL,combo,75,0
FM-BRZT01-LG-L-FM-QDZT01-DE-L,combo,75,0
FM-BRZT01-LG-L-FM-QDZT01-DE-M,combo,75,0
FM-BRZT01-LG-L-FM-QDZT01-DE-S,combo,75,0
FM-BRZT01-LG-M-FM-QDZT01-DE-2XL,combo,30,0
FM-BRZT01-LG-M-FM-QDZT01-DE-XL,combo,30,0
FM-BRZT01-LG-M-FM-QDZT01-DE-L,combo,30,0
FM-BRZT01-LG-M-FM-QDZT01-DE-M,combo,30,0
FM-BRZT01-LG-M-FM-QDZT01-DE-S,combo,30,0
FM-BRZT01-LG-S-FM-QDZT01-DE-2XL,combo,66,0
FM-BRZT01-LG-S-FM-QDZT01-DE-XL,combo,66,0
FM-BRZT01-LG-S-FM-QDZT01-DE-L,combo,66,0
FM-BRZT01-LG-S-FM-QDZT01-DE-M,combo,66,0
FM-BRZT01-LG-S-FM-QDZT01-DE-S,combo,66,0
FM-AKCV01-TR-XL-FM-QDCV01-DE-2XL,combo,1,0
FM-AKCV01-TR-XL-FM-QDCV01-DE-XL,combo,1,0
FM-AKCV01-TR-XL-FM-QDCV01-DE-L,combo,0,0
FM-AKCV01-TR-XL-FM-QDCV01-DE-M,combo,0,0
FM-AKCV01-TR-XL-FM-QDCV01-DE-S,combo,1,0
FM-AKCV01-TR-L-FM-QDCV01-DE-2XL,combo,2,0
FM-AKCV01-TR-L-FM-QDCV01-DE-XL,combo,2,0
FM-AKCV01-TR-L-FM-QDCV01-DE-L,combo,0,0
FM-AKCV01-TR-L-FM-QDCV01-DE-M,combo,0,0
FM-AKCV01-TR-L-FM-QDCV01-DE-S,combo,1,0
FM-AKCV01-TR-M-FM-QDCV01-DE-2XL,combo,2,0
FM-AKCV01-TR-M-FM-QDCV01-DE-XL,combo,2,0
FM-AKCV01-TR-M-FM-QDCV01-DE-L,combo,0,0
FM-AKCV01-TR-M-FM-QDCV01-DE-M,combo,0,0
FM-AKCV01-TR-M-FM-QDCV01-DE-S,combo,1,0
FM-AKCV01-TR-S-FM-QDCV01-DE-2XL,combo,0,0
FM-AKCV01-TR-S-FM-QDCV01-DE-XL,combo,0,0
FM-AKCV01-TR-S-FM-QDCV01-DE-L,combo,0,0
FM-AKCV01-TR-S-FM-QDCV01-DE-M,combo,0,0
FM-AKCV01-TR-S-FM-QDCV01-DE-S,combo,0,0
FM-BRZT01-LG-XL-FM-QLTG01-SA-2XL,combo,0,0
FM-BRZT01-LG-XL-FM-QLTG01-SA-XL,combo,0,0
FM-BRZT01-LG-XL-FM-QLTG01-SA-L,combo,0,0
FM-BRZT01-LG-XL-FM-QLTG01-SA-M,combo,27,0
FM-BRZT01-LG-XL-FM-QLTG01-SA-S,combo,135,0
FM-BRZT01-LG-L-FM-QLTG01-SA-2XL,combo,0,0
FM-BRZT01-LG-L-FM-QLTG01-SA-XL,combo,0,0
FM-BRZT01-LG-L-FM-QLTG01-SA-L,combo,0,0
FM-BRZT01-LG-L-FM-QLTG01-SA-M,combo,27,0
FM-BRZT01-LG-L-FM-QLTG01-SA-S,combo,75,0
FM-BRZT01-LG-M-FM-QLTG01-SA-2XL,combo,0,0
FM-BRZT01-LG-M-FM-QLTG01-SA-XL,combo,0,0
FM-BRZT01-LG-M-FM-QLTG01-SA-L,combo,0,0
FM-BRZT01-LG-M-FM-QLTG01-SA-M,combo,27,0
FM-BRZT01-LG-M-FM-QLTG01-SA-S,combo,30,0
FM-BRZT01-LG-S-FM-QLTG01-SA-2XL,combo,0,0
FM-BRZT01-LG-S-FM-QLTG01-SA-XL,combo,0,0
FM-BRZT01-LG-S-FM-QLTG01-SA-L,combo,0,0
FM-BRZT01-LG-S-FM-QLTG01-SA-M,combo,27,0
FM-BRZT01-LG-S-FM-QLTG01-SA-S,combo,66,0
FM-BRZT01-LG-XL-FM-JGNU01-DE-XL,combo,0,0
FM-BRZT01-LG-XL-FM-JGNU01-DE-L,combo,0,0
FM-BRZT01-LG-XL-FM-JGNU01-DE-M,combo,0,0
FM-BRZT01-LG-XL-FM-JGNU01-DE-S,combo,0,0
FM-BRZT01-LG-L-FM-JGNU01-DE-XL,combo,0,0
FM-BRZT01-LG-L-FM-JGNU01-DE-L,combo,0,0
FM-BRZT01-LG-L-FM-JGNU01-DE-M,combo,0,0
FM-BRZT01-LG-L-FM-JGNU01-DE-S,combo,0,0
FM-BRZT01-LG-M-FM-JGNU01-DE-XL,combo,0,0
FM-BRZT01-LG-M-FM-JGNU01-DE-L,combo,0,0
FM-BRZT01-LG-M-FM-JGNU01-DE-M,combo,0,0
FM-BRZT01-LG-M-FM-JGNU01-DE-S,combo,0,0
FM-BRZT01-LG-S-FM-JGNU01-DE-XL,combo,0,0
FM-BRZT01-LG-S-FM-JGNU01-DE-L,combo,0,0
FM-BRZT01-LG-S-FM-JGNU01-DE-M,combo,0,0
FM-BRZT01-LG-S-FM-JGNU01-DE-S,combo,0,0
FM-BRTT01-TR-XL-FM-QLTG01-DE-2XL,combo,8,0
FM-BRTT01-TR-XL-FM-QLTG01-DE-XL,combo,162,0
FM-BRTT01-TR-XL-FM-QLTG01-DE-L,combo,288,0
FM-BRTT01-TR-XL-FM-QLTG01-DE-M,combo,240,0
FM-BRTT01-TR-XL-FM-QLTG01-DE-S,combo,408,0
FM-BRTT01-TR-L-FM-QLTG01-DE-2XL,combo,8,0
FM-BRTT01-TR-L-FM-QLTG01-DE-XL,combo,162,0
FM-BRTT01-TR-L-FM-QLTG01-DE-L,combo,287,0
FM-BRTT01-TR-L-FM-QLTG01-DE-M,combo,237,0
FM-BRTT01-TR-L-FM-QLTG01-DE-S,combo,405,0
FM-BRTT01-TR-M-FM-QLTG01-DE-2XL,combo,8,0
FM-BRTT01-TR-M-FM-QLTG01-DE-XL,combo,162,0
FM-BRTT01-TR-M-FM-QLTG01-DE-L,combo,288,0
FM-BRTT01-TR-M-FM-QLTG01-DE-M,combo,239,0
FM-BRTT01-TR-M-FM-QLTG01-DE-S,combo,301,0
FM-BRTT01-TR-S-FM-QLTG01-DE-2XL,combo,8,0
FM-BRTT01-TR-S-FM-QLTG01-DE-XL,combo,162,0
FM-BRTT01-TR-S-FM-QLTG01-DE-L,combo,288,0
FM-BRTT01-TR-S-FM-QLTG01-DE-M,combo,238,0
FM-BRTT01-TR-S-FM-QLTG01-DE-S,combo,406,0
FM-BRTT01-TR-XL-FM-QDZT01-SA-2XL,combo,255,0
FM-BRTT01-TR-XL-FM-QDZT01-SA-XL,combo,211,0
FM-BRTT01-TR-XL-FM-QDZT01-SA-L,combo,179,0
FM-BRTT01-TR-XL-FM-QDZT01-SA-M,combo,115,0
FM-BRTT01-TR-XL-FM-QDZT01-SA-S,combo,111,0
FM-BRTT01-TR-L-FM-QDZT01-SA-2XL,combo,255,0
FM-BRTT01-TR-L-FM-QDZT01-SA-XL,combo,211,0
FM-BRTT01-TR-L-FM-QDZT01-SA-L,combo,179,0
FM-BRTT01-TR-L-FM-QDZT01-SA-M,combo,115,0
FM-BRTT01-TR-L-FM-QDZT01-SA-S,combo,111,0
FM-BRTT01-TR-M-FM-QDZT01-SA-2XL,combo,255,0
FM-BRTT01-TR-M-FM-QDZT01-SA-XL,combo,211,0
FM-BRTT01-TR-M-FM-QDZT01-SA-L,combo,179,0
FM-BRTT01-TR-M-FM-QDZT01-SA-M,combo,115,0
FM-BRTT01-TR-M-FM-QDZT01-SA-S,combo,111,0
FM-BRTT01-TR-S-FM-QDZT01-SA-2XL,combo,255,0
FM-BRTT01-TR-S-FM-QDZT01-SA-XL,combo,211,0
FM-BRTT01-TR-S-FM-QDZT01-SA-L,combo,179,0
FM-BRTT01-TR-S-FM-QDZT01-SA-M,combo,115,0
FM-BRTT01-TR-S-FM-QDZT01-SA-S,combo,111,0
FM-BRTT01-TR-XL-FM-QDZT01-DE-2XL,combo,401,0
FM-BRTT01-TR-XL-FM-QDZT01-DE-XL,combo,334,0
FM-BRTT01-TR-XL-FM-QDZT01-DE-L,combo,513,0
FM-BRTT01-TR-XL-FM-QDZT01-DE-M,combo,512,0
FM-BRTT01-TR-XL-FM-QDZT01-DE-S,combo,515,0
FM-BRTT01-TR-L-FM-QDZT01-DE-2XL,combo,398,0
FM-BRTT01-TR-L-FM-QDZT01-DE-XL,combo,334,0
FM-BRTT01-TR-L-FM-QDZT01-DE-L,combo,597,0
FM-BRTT01-TR-L-FM-QDZT01-DE-M,combo,597,0
FM-BRTT01-TR-L-FM-QDZT01-DE-S,combo,516,0
FM-BRTT01-TR-M-FM-QDZT01-DE-2XL,combo,301,0
FM-BRTT01-TR-M-FM-QDZT01-DE-XL,combo,298,0
FM-BRTT01-TR-M-FM-QDZT01-DE-L,combo,300,0
FM-BRTT01-TR-M-FM-QDZT01-DE-M,combo,299,0
FM-BRTT01-TR-M-FM-QDZT01-DE-S,combo,301,0
FM-BRTT01-TR-S-FM-QDZT01-DE-2XL,combo,399,0
FM-BRTT01-TR-S-FM-QDZT01-DE-XL,combo,334,0
FM-BRTT01-TR-S-FM-QDZT01-DE-L,combo,475,0
FM-BRTT01-TR-S-FM-QDZT01-DE-M,combo,474,0
FM-BRTT01-TR-S-FM-QDZT01-DE-S,combo,475,0
FM-AKHZC-XX-2XL-FM-QDCV01-DE-2XL,combo,0,0
FM-AKHZC-XX-2XL-FM-QDCV01-DE-XL,combo,0,0
FM-AKHZC-XX-2XL-FM-QDCV01-DE-L,combo,0,0
FM-AKHZC-XX-2XL-FM-QDCV01-DE-M,combo,0,0
FM-AKHZC-XX-2XL-FM-QDCV01-DE-S,combo,0,0
FM-AKHZC-XX-XL-FM-QDCV01-DE-2XL,combo,0,0
FM-AKHZC-XX-XL-FM-QDCV01-DE-XL,combo,0,0
FM-AKHZC-XX-XL-FM-QDCV01-DE-L,combo,0,0
FM-AKHZC-XX-XL-FM-QDCV01-DE-M,combo,0,0
FM-AKHZC-XX-XL-FM-QDCV01-DE-S,combo,0,0
FM-AKHZC-XX-L-FM-QDCV01-DE-2XL,combo,0,0
FM-AKHZC-XX-L-FM-QDCV01-DE-XL,combo,0,0
FM-AKHZC-XX-L-FM-QDCV01-DE-L,combo,1,0
FM-AKHZC-XX-L-FM-QDCV01-DE-M,combo,0,0
FM-AKHZC-XX-L-FM-QDCV01-DE-S,combo,0,0
FM-AKHZC-XX-M-FM-QDCV01-DE-2XL,combo,0,0
FM-AKHZC-XX-M-FM-QDCV01-DE-XL,combo,0,0
FM-AKHZC-XX-M-FM-QDCV01-DE-L,combo,2,0
FM-AKHZC-XX-M-FM-QDCV01-DE-M,combo,0,0
FM-AKHZC-XX-M-FM-QDCV01-DE-S,combo,0,0
FM-AKHZC-XX-S-FM-QDCV01-DE-2XL,combo,0,0
FM-AKHZC-XX-S-FM-QDCV01-DE-XL,combo,0,0
FM-AKHZC-XX-S-FM-QDCV01-DE-L,combo,0,0
FM-AKHZC-XX-S-FM-QDCV01-DE-M,combo,0,0
FM-AKHZC-XX-S-FM-QDCV01-DE-S,combo,0,0
FM-AKHZC-TR-2XL,normal,115,0
FM-AKHZC-TR-XL,normal,204,0
FM-AKHZC-TR-L,normal,177,0
FM-AKHZC-TR-M,normal,228,0
FM-AKHZC-TR-S,normal,58,0
FM-ABTN02-SS-XL,normal,0,0
FM-ABTN02-SS-L,normal,0,0
FM-ABTN02-SS-M,normal,0,0
FM-ABTN02-SS-2XL,normal,0,0
FM-AVBNU-XR-2XL-FM-QLTG01-DE-2XL,combo,8,0
FM-AVBNU-XR-2XL-FM-QLTG01-DE-XL,combo,15,0
FM-AVBNU-XR-2XL-FM-QLTG01-DE-L,combo,15,0
FM-AVBNU-XR-2XL-FM-QLTG01-DE-M,combo,15,0
FM-AVBNU-XR-2XL-FM-QLTG01-DE-S,combo,15,0
FM-AVBNU-XR-XL-FM-QLTG01-DE-2XL,combo,0,0
FM-AVBNU-XR-XL-FM-QLTG01-DE-XL,combo,0,0
FM-AVBNU-XR-XL-FM-QLTG01-DE-L,combo,1,0
FM-AVBNU-XR-XL-FM-QLTG01-DE-M,combo,1,0
FM-AVBNU-XR-XL-FM-QLTG01-DE-S,combo,1,0
FM-AVBNU-XR-L-FM-QLTG01-DE-2XL,combo,0,0
FM-AVBNU-XR-L-FM-QLTG01-DE-XL,combo,0,0
FM-AVBNU-XR-L-FM-QLTG01-DE-L,combo,2,0
FM-AVBNU-XR-L-FM-QLTG01-DE-M,combo,4,0
FM-AVBNU-XR-L-FM-QLTG01-DE-S,combo,4,0
FM-AVBNU-XR-M-FM-QLTG01-DE-2XL,combo,0,0
FM-AVBNU-XR-M-FM-QLTG01-DE-XL,combo,0,0
FM-AVBNU-XR-M-FM-QLTG01-DE-L,combo,2,0
FM-AVBNU-XR-M-FM-QLTG01-DE-M,combo,4,0
FM-AVBNU-XR-M-FM-QLTG01-DE-S,combo,4,0
FM-AVBNU-XR-S-FM-QLTG01-DE-2XL,combo,8,0
FM-AVBNU-XR-S-FM-QLTG01-DE-XL,combo,93,0
FM-AVBNU-XR-S-FM-QLTG01-DE-L,combo,95,0
FM-AVBNU-XR-S-FM-QLTG01-DE-M,combo,97,0
FM-AVBNU-XR-S-FM-QLTG01-DE-S,combo,97,0
FM-ATNRL-CD-2XL-FM-QDJG01-DE-2XL,combo,0,0
FM-ATNRL-CD-2XL-FM-QDJG01-DE-XL,combo,0,0
FM-ATNRL-CD-2XL-FM-QDJG01-DE-L,combo,0,0
FM-ATNRL-CD-2XL-FM-QDJG01-DE-M,combo,0,0
FM-ATNRL-CD-2XL-FM-QDJG01-DE-S,combo,0,0
FM-ATNRL-CD-XL-FM-QDJG01-DE-2XL,combo,0,0
FM-ATNRL-CD-XL-FM-QDJG01-DE-XL,combo,0,0
FM-ATNRL-CD-XL-FM-QDJG01-DE-L,combo,0,0
FM-ATNRL-CD-XL-FM-QDJG01-DE-M,combo,0,0
FM-ATNRL-CD-XL-FM-QDJG01-DE-S,combo,0,0
FM-ATNRL-CD-L-FM-QDJG01-DE-2XL,combo,0,0
FM-ATNRL-CD-L-FM-QDJG01-DE-XL,combo,0,0
FM-ATNRL-CD-L-FM-QDJG01-DE-L,combo,0,0
FM-ATNRL-CD-L-FM-QDJG01-DE-M,combo,0,0
FM-ATNRL-CD-L-FM-QDJG01-DE-S,combo,0,0
FM-ATNRL-CD-M-FM-QDJG01-DE-2XL,combo,0,0
FM-ATNRL-CD-M-FM-QDJG01-DE-XL,combo,0,0
FM-ATNRL-CD-M-FM-QDJG01-DE-L,combo,0,0
FM-ATNRL-CD-M-FM-QDJG01-DE-M,combo,0,0
FM-ATNRL-CD-M-FM-QDJG01-DE-S,combo,0,0
FM-ATNRL-CD-S-FM-QDJG01-DE-2XL,combo,0,0
FM-ATNRL-CD-S-FM-QDJG01-DE-XL,combo,0,0
FM-ATNRL-CD-S-FM-QDJG01-DE-L,combo,0,0
FM-ATNRL-CD-S-FM-QDJG01-DE-M,combo,0,0
FM-ATNRL-CD-S-FM-QDJG01-DE-S,combo,0,0
FM-ATFM01-XN-XL-FM-QNTG01-DE-XL,combo,0,0
FM-ATFM01-XN-XL-FM-QNTG01-DE-L,combo,0,0
FM-ATFM01-XN-XL-FM-QNTG01-DE-M,combo,0,0
FM-ATFM01-XN-XL-FM-QNTG01-DE-S,combo,0,0
FM-ATFM01-XN-L-FM-QNTG01-DE-XL,combo,0,0
FM-ATFM01-XN-L-FM-QNTG01-DE-L,combo,0,0
FM-ATFM01-XN-L-FM-QNTG01-DE-M,combo,0,0
FM-ATFM01-XN-L-FM-QNTG01-DE-S,combo,0,0
FM-ATFM01-XN-M-FM-QNTG01-DE-XL,combo,0,0
FM-ATFM01-XN-M-FM-QNTG01-DE-L,combo,0,0
FM-ATFM01-XN-M-FM-QNTG01-DE-M,combo,0,0
FM-ATFM01-XN-M-FM-QNTG01-DE-S,combo,0,0
FM-ATFM01-XN-S-FM-QNTG01-DE-XL,combo,0,0
FM-ATFM01-XN-S-FM-QNTG01-DE-L,combo,0,0
FM-ATFM01-XN-S-FM-QNTG01-DE-M,combo,0,0
FM-ATFM01-XN-S-FM-QNTG01-DE-S,combo,0,0
FM-ACRT01-DG-XL-FM-QNTG01-DE-XL,combo,0,0
FM-ACRT01-DG-XL-FM-QNTG01-DE-L,combo,0,0
FM-ACRT01-DG-XL-FM-QNTG01-DE-M,combo,0,0
FM-ACRT01-DG-XL-FM-QNTG01-DE-S,combo,0,0
FM-ACRT01-DG-L-FM-QNTG01-DE-XL,combo,0,0
FM-ACRT01-DG-L-FM-QNTG01-DE-L,combo,0,0
FM-ACRT01-DG-L-FM-QNTG01-DE-M,combo,0,0
FM-ACRT01-DG-L-FM-QNTG01-DE-S,combo,0,0
FM-ACRT01-DG-M-FM-QNTG01-DE-XL,combo,0,0
FM-ACRT01-DG-M-FM-QNTG01-DE-L,combo,0,0
FM-ACRT01-DG-M-FM-QNTG01-DE-M,combo,0,0
FM-ACRT01-DG-M-FM-QNTG01-DE-S,combo,0,0
FM-ACRT01-DG-S-FM-QNTG01-DE-XL,combo,0,0
FM-ACRT01-DG-S-FM-QNTG01-DE-L,combo,0,0
FM-ACRT01-DG-S-FM-QNTG01-DE-M,combo,0,0
FM-ACRT01-DG-S-FM-QNTG01-DE-S,combo,0,0
FM-ATSM01-SS-2XL,normal,0,0
FM-ATSM01-SS-XL,normal,0,0
FM-ATSM01-SS-L,normal,0,0
FM-ATSM01-SS-M,normal,0,0
FM-ATSM01-SS-S,normal,0,0
FM-ATSM01-XR-2XL-FM-QLTG01-LG-2XL,combo,140,0
FM-ATSM01-XR-2XL-FM-QLTG01-LG-XL,combo,95,0
FM-ATSM01-XR-2XL-FM-QLTG01-LG-L,combo,8,0
FM-ATSM01-XR-2XL-FM-QLTG01-LG-M,combo,11,0
FM-ATSM01-XR-2XL-FM-QLTG01-LG-S,combo,0,0
FM-ATSM01-XR-XL-FM-QLTG01-LG-2XL,combo,144,0
FM-ATSM01-XR-XL-FM-QLTG01-LG-XL,combo,99,0
FM-ATSM01-XR-XL-FM-QLTG01-LG-L,combo,12,0
FM-ATSM01-XR-XL-FM-QLTG01-LG-M,combo,15,0
FM-ATSM01-XR-XL-FM-QLTG01-LG-S,combo,4,0
FM-ATSM01-XR-L-FM-QLTG01-LG-2XL,combo,144,0
FM-ATSM01-XR-L-FM-QLTG01-LG-XL,combo,99,0
FM-ATSM01-XR-L-FM-QLTG01-LG-L,combo,12,0
FM-ATSM01-XR-L-FM-QLTG01-LG-M,combo,15,0
FM-ATSM01-XR-L-FM-QLTG01-LG-S,combo,4,0
FM-ATSM01-XR-M-FM-QLTG01-LG-2XL,combo,142,0
FM-ATSM01-XR-M-FM-QLTG01-LG-XL,combo,97,0
FM-ATSM01-XR-M-FM-QLTG01-LG-L,combo,10,0
FM-ATSM01-XR-M-FM-QLTG01-LG-M,combo,13,0
FM-ATSM01-XR-M-FM-QLTG01-LG-S,combo,2,0
FM-ATSM01-XR-S-FM-QLTG01-LG-2XL,combo,145,0
FM-ATSM01-XR-S-FM-QLTG01-LG-XL,combo,99,0
FM-ATSM01-XR-S-FM-QLTG01-LG-L,combo,13,0
FM-ATSM01-XR-S-FM-QLTG01-LG-M,combo,16,0
FM-ATSM01-XR-S-FM-QLTG01-LG-S,combo,5,0
FM-BRTT01-DG-XL-FM-QDZT01-DG-2XL,combo,1,0
FM-BRTT01-DG-XL-FM-QDZT01-DG-XL,combo,1,0
FM-BRTT01-DG-XL-FM-QDZT01-DG-L,combo,1,0
FM-BRTT01-DG-XL-FM-QDZT01-DG-M,combo,1,0
FM-BRTT01-DG-XL-FM-QDZT01-DG-S,combo,1,0
FM-BRTT01-DG-L-FM-QDZT01-DG-2XL,combo,104,0
FM-BRTT01-DG-L-FM-QDZT01-DG-XL,combo,68,0
FM-BRTT01-DG-L-FM-QDZT01-DG-L,combo,3,0
FM-BRTT01-DG-L-FM-QDZT01-DG-M,combo,3,0
FM-BRTT01-DG-L-FM-QDZT01-DG-S,combo,26,0
FM-BRTT01-DG-M-FM-QDZT01-DG-2XL,combo,102,0
FM-BRTT01-DG-M-FM-QDZT01-DG-XL,combo,67,0
FM-BRTT01-DG-M-FM-QDZT01-DG-L,combo,1,0
FM-BRTT01-DG-M-FM-QDZT01-DG-M,combo,1,0
FM-BRTT01-DG-M-FM-QDZT01-DG-S,combo,25,0
FM-BRTT01-DG-S-FM-QDZT01-DG-2XL,combo,4,0
FM-BRTT01-DG-S-FM-QDZT01-DG-XL,combo,2,0
FM-BRTT01-DG-S-FM-QDZT01-DG-L,combo,3,0
FM-BRTT01-DG-S-FM-QDZT01-DG-M,combo,4,0
FM-BRTT01-DG-S-FM-QDZT01-DG-S,combo,2,0
FM-AKCV01-DE-XL-FM-QNTG01-DG-XL,combo,28,0
FM-AKCV01-DE-XL-FM-QNTG01-DG-L,combo,17,0
FM-AKCV01-DE-XL-FM-QNTG01-DG-M,combo,0,0
FM-AKCV01-DE-XL-FM-QNTG01-DG-S,combo,5,0
FM-AKCV01-DE-L-FM-QNTG01-DG-XL,combo,59,0
FM-AKCV01-DE-L-FM-QNTG01-DG-L,combo,17,0
FM-AKCV01-DE-L-FM-QNTG01-DG-M,combo,0,0
FM-AKCV01-DE-L-FM-QNTG01-DG-S,combo,5,0
FM-AKCV01-DE-M-FM-QNTG01-DG-XL,combo,59,0
FM-AKCV01-DE-M-FM-QNTG01-DG-L,combo,17,0
FM-AKCV01-DE-M-FM-QNTG01-DG-M,combo,0,0
FM-AKCV01-DE-M-FM-QNTG01-DG-S,combo,5,0
FM-AKCV01-DE-S-FM-QNTG01-DG-XL,combo,59,0
FM-AKCV01-DE-S-FM-QNTG01-DG-L,combo,17,0
FM-AKCV01-DE-S-FM-QNTG01-DG-M,combo,0,0
FM-AKCV01-DE-S-FM-QNTG01-DG-S,combo,5,0
FM-BRTT01-TR-XL-FM-QLTG01-RG-2XL,combo,91,0
FM-BRTT01-TR-XL-FM-QLTG01-RG-XL,combo,154,0
FM-BRTT01-TR-XL-FM-QLTG01-RG-L,combo,32,0
FM-BRTT01-TR-XL-FM-QLTG01-RG-M,combo,0,0
FM-BRTT01-TR-XL-FM-QLTG01-RG-S,combo,345,0
FM-BRTT01-TR-L-FM-QLTG01-RG-2XL,combo,91,0
FM-BRTT01-TR-L-FM-QLTG01-RG-XL,combo,154,0
FM-BRTT01-TR-L-FM-QLTG01-RG-L,combo,32,0
FM-BRTT01-TR-L-FM-QLTG01-RG-M,combo,0,0
FM-BRTT01-TR-L-FM-QLTG01-RG-S,combo,345,0
FM-BRTT01-TR-M-FM-QLTG01-RG-2XL,combo,91,0
FM-BRTT01-TR-M-FM-QLTG01-RG-XL,combo,154,0
FM-BRTT01-TR-M-FM-QLTG01-RG-L,combo,32,0
FM-BRTT01-TR-M-FM-QLTG01-RG-M,combo,0,0
FM-BRTT01-TR-M-FM-QLTG01-RG-S,combo,298,0
FM-BRTT01-TR-S-FM-QLTG01-RG-2XL,combo,91,0
FM-BRTT01-TR-S-FM-QLTG01-RG-XL,combo,154,0
FM-BRTT01-TR-S-FM-QLTG01-RG-L,combo,32,0
FM-BRTT01-TR-S-FM-QLTG01-RG-M,combo,0,0
FM-BRTT01-TR-S-FM-QLTG01-RG-S,combo,345,0
FM-BRZT01-RG-XL-FM-QDZT01-RG-2XL,combo,38,0
FM-BRZT01-RG-XL-FM-QDZT01-RG-XL,combo,13,0
FM-BRZT01-RG-XL-FM-QDZT01-RG-L,combo,11,0
FM-BRZT01-RG-XL-FM-QDZT01-RG-M,combo,0,0
FM-BRZT01-RG-XL-FM-QDZT01-RG-S,combo,0,0
FM-BRZT01-RG-L-FM-QDZT01-RG-2XL,combo,44,0
FM-BRZT01-RG-L-FM-QDZT01-RG-XL,combo,13,0
FM-BRZT01-RG-L-FM-QDZT01-RG-L,combo,11,0
FM-BRZT01-RG-L-FM-QDZT01-RG-M,combo,0,0
FM-BRZT01-RG-L-FM-QDZT01-RG-S,combo,0,0
FM-BRZT01-RG-M-FM-QDZT01-RG-2XL,combo,31,0
FM-BRZT01-RG-M-FM-QDZT01-RG-XL,combo,13,0
FM-BRZT01-RG-M-FM-QDZT01-RG-L,combo,11,0
FM-BRZT01-RG-M-FM-QDZT01-RG-M,combo,0,0
FM-BRZT01-RG-M-FM-QDZT01-RG-S,combo,0,0
FM-BRZT01-RG-S-FM-QDZT01-RG-2XL,combo,36,0
FM-BRZT01-RG-S-FM-QDZT01-RG-XL,combo,13,0
FM-BRZT01-RG-S-FM-QDZT01-RG-L,combo,11,0
FM-BRZT01-RG-S-FM-QDZT01-RG-M,combo,0,0
FM-BRZT01-RG-S-FM-QDZT01-RG-S,combo,0,0
FM-BRDT01-XX-XL-FM-QLTG01-XX-2XL,combo,0,0
FM-BRDT01-XX-XL-FM-QLTG01-XX-XL,combo,0,0
FM-BRDT01-XX-XL-FM-QLTG01-XX-L,combo,0,0
FM-BRDT01-XX-XL-FM-QLTG01-XX-M,combo,0,0
FM-BRDT01-XX-XL-FM-QLTG01-XX-S,combo,0,0
FM-BRDT01-XX-L-FM-QLTG01-XX-2XL,combo,0,0
FM-BRDT01-XX-L-FM-QLTG01-XX-XL,combo,0,0
FM-BRDT01-XX-L-FM-QLTG01-XX-L,combo,0,0
FM-BRDT01-XX-L-FM-QLTG01-XX-M,combo,0,0
FM-BRDT01-XX-L-FM-QLTG01-XX-S,combo,0,0
FM-BRDT01-XX-M-FM-QLTG01-XX-2XL,combo,33,0
FM-BRDT01-XX-M-FM-QLTG01-XX-XL,combo,60,0
FM-BRDT01-XX-M-FM-QLTG01-XX-L,combo,0,0
FM-BRDT01-XX-M-FM-QLTG01-XX-M,combo,60,0
FM-BRDT01-XX-M-FM-QLTG01-XX-S,combo,60,0
FM-BRDT01-XX-S-FM-QLTG01-XX-2XL,combo,0,0
FM-BRDT01-XX-S-FM-QLTG01-XX-XL,combo,0,0
FM-BRDT01-XX-S-FM-QLTG01-XX-L,combo,0,0
FM-BRDT01-XX-S-FM-QLTG01-XX-M,combo,0,0
FM-BRDT01-XX-S-FM-QLTG01-XX-S,combo,0,0
FM-BRSB01-RG-XL-FM-QDOL01-RG-XL,combo,8,0
FM-BRSB01-RG-XL-FM-QDOL01-RG-L,combo,8,0
FM-BRSB01-RG-XL-FM-QDOL01-RG-M,combo,8,0
FM-BRSB01-RG-XL-FM-QDOL01-RG-S,combo,0,0
FM-BRSB01-RG-L-FM-QDOL01-RG-XL,combo,0,0
FM-BRSB01-RG-L-FM-QDOL01-RG-L,combo,0,0
FM-BRSB01-RG-L-FM-QDOL01-RG-M,combo,0,0
FM-BRSB01-RG-L-FM-QDOL01-RG-S,combo,0,0
FM-BRSB01-RG-M-FM-QDOL01-RG-XL,combo,0,0
FM-BRSB01-RG-M-FM-QDOL01-RG-L,combo,0,0
FM-BRSB01-RG-M-FM-QDOL01-RG-M,combo,0,0
FM-BRSB01-RG-M-FM-QDOL01-RG-S,combo,0,0
FM-BRSB01-RG-S-FM-QDOL01-RG-XL,combo,4,0
FM-BRSB01-RG-S-FM-QDOL01-RG-L,combo,4,0
FM-BRSB01-RG-S-FM-QDOL01-RG-M,combo,4,0
FM-BRSB01-RG-S-FM-QDOL01-RG-S,combo,0,0
FM-ATXL01-XN-XL-FM-QDOL01-DE-XL,combo,142,0
FM-ATXL01-XN-XL-FM-QDOL01-DE-L,combo,142,0
FM-ATXL01-XN-XL-FM-QDOL01-DE-M,combo,142,0
FM-ATXL01-XN-XL-FM-QDOL01-DE-S,combo,142,0
FM-ATXL01-XN-L-FM-QDOL01-DE-XL,combo,76,0
FM-ATXL01-XN-L-FM-QDOL01-DE-L,combo,76,0
FM-ATXL01-XN-L-FM-QDOL01-DE-M,combo,76,0
FM-ATXL01-XN-L-FM-QDOL01-DE-S,combo,76,0
FM-ATXL01-XN-M-FM-QDOL01-DE-XL,combo,19,0
FM-ATXL01-XN-M-FM-QDOL01-DE-L,combo,19,0
FM-ATXL01-XN-M-FM-QDOL01-DE-M,combo,19,0
FM-ATXL01-XN-M-FM-QDOL01-DE-S,combo,19,0
FM-ATXL01-XN-S-FM-QDOL01-DE-XL,combo,241,0
FM-ATXL01-XN-S-FM-QDOL01-DE-L,combo,241,0
FM-ATXL01-XN-S-FM-QDOL01-DE-M,combo,241,0
FM-ATXL01-XN-S-FM-QDOL01-DE-S,combo,241,0
FM-ATXL01-XR-XL-FM-JGDT-DE-2XL,combo,29,0
FM-ATXL01-XR-XL-FM-JGDT-DE-XL,combo,0,0
FM-ATXL01-XR-XL-FM-JGDT-DE-L,combo,0,0
FM-ATXL01-XR-XL-FM-JGDT-DE-M,combo,0,0
FM-ATXL01-XR-XL-FM-JGDT-DE-S,combo,40,0
FM-ATXL01-XR-L-FM-JGDT-DE-2XL,combo,29,0
FM-ATXL01-XR-L-FM-JGDT-DE-XL,combo,0,0
FM-ATXL01-XR-L-FM-JGDT-DE-L,combo,0,0
FM-ATXL01-XR-L-FM-JGDT-DE-M,combo,0,0
FM-ATXL01-XR-L-FM-JGDT-DE-S,combo,40,0
FM-ATXL01-XR-M-FM-JGDT-DE-2XL,combo,29,0
FM-ATXL01-XR-M-FM-JGDT-DE-XL,combo,0,0
FM-ATXL01-XR-M-FM-JGDT-DE-L,combo,0,0
FM-ATXL01-XR-M-FM-JGDT-DE-M,combo,0,0
FM-ATXL01-XR-M-FM-JGDT-DE-S,combo,40,0
FM-ATXL01-XR-S-FM-JGDT-DE-2XL,combo,29,0
FM-ATXL01-XR-S-FM-JGDT-DE-XL,combo,0,0
FM-ATXL01-XR-S-FM-JGDT-DE-L,combo,0,0
FM-ATXL01-XR-S-FM-JGDT-DE-M,combo,0,0
FM-ATXL01-XR-S-FM-JGDT-DE-S,combo,40,0
FM-ATXL01-DE-XL-FM-QLTG01-LG-2XL,combo,0,0
FM-ATXL01-DE-XL-FM-QLTG01-LG-XL,combo,0,0
FM-ATXL01-DE-XL-FM-QLTG01-LG-L,combo,0,0
FM-ATXL01-DE-XL-FM-QLTG01-LG-M,combo,0,0
FM-ATXL01-DE-XL-FM-QLTG01-LG-S,combo,0,0
FM-ATXL01-DE-L-FM-QLTG01-LG-2XL,combo,0,0
FM-ATXL01-DE-L-FM-QLTG01-LG-XL,combo,0,0
FM-ATXL01-DE-L-FM-QLTG01-LG-L,combo,0,0
FM-ATXL01-DE-L-FM-QLTG01-LG-M,combo,0,0
FM-ATXL01-DE-L-FM-QLTG01-LG-S,combo,0,0
FM-ATXL01-DE-M-FM-QLTG01-LG-2XL,combo,0,0
FM-ATXL01-DE-M-FM-QLTG01-LG-XL,combo,0,0
FM-ATXL01-DE-M-FM-QLTG01-LG-L,combo,0,0
FM-ATXL01-DE-M-FM-QLTG01-LG-M,combo,0,0
FM-ATXL01-DE-M-FM-QLTG01-LG-S,combo,0,0
FM-ATXL01-DE-S-FM-QLTG01-LG-2XL,combo,0,0
FM-ATXL01-DE-S-FM-QLTG01-LG-XL,combo,0,0
FM-ATXL01-DE-S-FM-QLTG01-LG-L,combo,0,0
FM-ATXL01-DE-S-FM-QLTG01-LG-M,combo,0,0
FM-ATXL01-DE-S-FM-QLTG01-LG-S,combo,0,0
FM-ATXL01-TR-XL-FM-QDZT01-XX-2XL,combo,188,0
FM-ATXL01-TR-XL-FM-QDZT01-XX-XL,combo,179,0
FM-ATXL01-TR-XL-FM-QDZT01-XX-L,combo,65,0
FM-ATXL01-TR-XL-FM-QDZT01-XX-M,combo,-2,0
FM-ATXL01-TR-XL-FM-QDZT01-XX-S,combo,35,0
FM-ATXL01-TR-L-FM-QDZT01-XX-2XL,combo,147,0
FM-ATXL01-TR-L-FM-QDZT01-XX-XL,combo,147,0
FM-ATXL01-TR-L-FM-QDZT01-XX-L,combo,65,0
FM-ATXL01-TR-L-FM-QDZT01-XX-M,combo,-2,0
FM-ATXL01-TR-L-FM-QDZT01-XX-S,combo,35,0
FM-ATXL01-TR-M-FM-QDZT01-XX-2XL,combo,0,0
FM-ATXL01-TR-M-FM-QDZT01-XX-XL,combo,0,0
FM-ATXL01-TR-M-FM-QDZT01-XX-L,combo,0,0
FM-ATXL01-TR-M-FM-QDZT01-XX-M,combo,-2,0
FM-ATXL01-TR-M-FM-QDZT01-XX-S,combo,0,0
FM-ATXL01-TR-S-FM-QDZT01-XX-2XL,combo,1,0
FM-ATXL01-TR-S-FM-QDZT01-XX-XL,combo,1,0
FM-ATXL01-TR-S-FM-QDZT01-XX-L,combo,1,0
FM-ATXL01-TR-S-FM-QDZT01-XX-M,combo,-2,0
FM-ATXL01-TR-S-FM-QDZT01-XX-S,combo,1,0
FM-ATSP01-XN-XL-FM-QDZT01-DE-2XL,combo,83,0
FM-ATSP01-XN-XL-FM-QDZT01-DE-XL,combo,83,0
FM-ATSP01-XN-XL-FM-QDZT01-DE-L,combo,83,0
FM-ATSP01-XN-XL-FM-QDZT01-DE-M,combo,83,0
FM-ATSP01-XN-XL-FM-QDZT01-DE-S,combo,83,0
FM-ATSP01-XN-L-FM-QDZT01-DE-2XL,combo,116,0
FM-ATSP01-XN-L-FM-QDZT01-DE-XL,combo,116,0
FM-ATSP01-XN-L-FM-QDZT01-DE-L,combo,116,0
FM-ATSP01-XN-L-FM-QDZT01-DE-M,combo,116,0
FM-ATSP01-XN-L-FM-QDZT01-DE-S,combo,116,0
FM-ATSP01-XN-M-FM-QDZT01-DE-2XL,combo,70,0
FM-ATSP01-XN-M-FM-QDZT01-DE-XL,combo,70,0
FM-ATSP01-XN-M-FM-QDZT01-DE-L,combo,70,0
FM-ATSP01-XN-M-FM-QDZT01-DE-M,combo,70,0
FM-ATSP01-XN-M-FM-QDZT01-DE-S,combo,70,0
FM-ATSP01-XN-S-FM-QDZT01-DE-2XL,combo,204,0
FM-ATSP01-XN-S-FM-QDZT01-DE-XL,combo,204,0
FM-ATSP01-XN-S-FM-QDZT01-DE-L,combo,204,0
FM-ATSP01-XN-S-FM-QDZT01-DE-M,combo,204,0
FM-ATSP01-XN-S-FM-QDZT01-DE-S,combo,204,0
FM-ATSP01-XR-XL-FM-QDZT01-RG-2XL,combo,81,0
FM-ATSP01-XR-XL-FM-QDZT01-RG-XL,combo,13,0
FM-ATSP01-XR-XL-FM-QDZT01-RG-L,combo,11,0
FM-ATSP01-XR-XL-FM-QDZT01-RG-M,combo,0,0
FM-ATSP01-XR-XL-FM-QDZT01-RG-S,combo,0,0
FM-ATSP01-XR-L-FM-QDZT01-RG-2XL,combo,116,0
FM-ATSP01-XR-L-FM-QDZT01-RG-XL,combo,13,0
FM-ATSP01-XR-L-FM-QDZT01-RG-L,combo,11,0
FM-ATSP01-XR-L-FM-QDZT01-RG-M,combo,0,0
FM-ATSP01-XR-L-FM-QDZT01-RG-S,combo,0,0
FM-ATSP01-XR-M-FM-QDZT01-RG-2XL,combo,116,0
FM-ATSP01-XR-M-FM-QDZT01-RG-XL,combo,13,0
FM-ATSP01-XR-M-FM-QDZT01-RG-L,combo,11,0
FM-ATSP01-XR-M-FM-QDZT01-RG-M,combo,0,0
FM-ATSP01-XR-M-FM-QDZT01-RG-S,combo,0,0
FM-ATSP01-XR-S-FM-QDZT01-RG-2XL,combo,116,0
FM-ATSP01-XR-S-FM-QDZT01-RG-XL,combo,13,0
FM-ATSP01-XR-S-FM-QDZT01-RG-L,combo,11,0
FM-ATSP01-XR-S-FM-QDZT01-RG-M,combo,0,0
FM-ATSP01-XR-S-FM-QDZT01-RG-S,combo,0,0
FM-ATSP01-TR-XL-FM-QDJG01-XA-2XL,combo,66,0
FM-ATSP01-TR-XL-FM-QDJG01-XA-XL,combo,59,0
FM-ATSP01-TR-XL-FM-QDJG01-XA-L,combo,25,0
FM-ATSP01-TR-XL-FM-QDJG01-XA-M,combo,54,0
FM-ATSP01-TR-XL-FM-QDJG01-XA-S,combo,85,0
FM-ATSP01-TR-L-FM-QDJG01-XA-2XL,combo,66,0
FM-ATSP01-TR-L-FM-QDJG01-XA-XL,combo,59,0
FM-ATSP01-TR-L-FM-QDJG01-XA-L,combo,25,0
FM-ATSP01-TR-L-FM-QDJG01-XA-M,combo,54,0
FM-ATSP01-TR-L-FM-QDJG01-XA-S,combo,84,0
FM-ATSP01-TR-M-FM-QDJG01-XA-2XL,combo,0,0
FM-ATSP01-TR-M-FM-QDJG01-XA-XL,combo,0,0
FM-ATSP01-TR-M-FM-QDJG01-XA-L,combo,0,0
FM-ATSP01-TR-M-FM-QDJG01-XA-M,combo,0,0
FM-ATSP01-TR-M-FM-QDJG01-XA-S,combo,0,0
FM-ATSP01-TR-S-FM-QDJG01-XA-2XL,combo,66,0
FM-ATSP01-TR-S-FM-QDJG01-XA-XL,combo,59,0
FM-ATSP01-TR-S-FM-QDJG01-XA-L,combo,25,0
FM-ATSP01-TR-S-FM-QDJG01-XA-M,combo,54,0
FM-ATSP01-TR-S-FM-QDJG01-XA-S,combo,85,0
FM-ATSP01-DE-XL-FM-QDPK01-DE-XL,combo,0,0
FM-ATSP01-DE-XL-FM-QDPK01-DE-L,combo,0,0
FM-ATSP01-DE-XL-FM-QDPK01-DE-M,combo,0,0
FM-ATSP01-DE-XL-FM-QDPK01-DE-S,combo,9,0
FM-ATSP01-DE-L-FM-QDPK01-DE-XL,combo,0,0
FM-ATSP01-DE-L-FM-QDPK01-DE-L,combo,0,0
FM-ATSP01-DE-L-FM-QDPK01-DE-M,combo,0,0
FM-ATSP01-DE-L-FM-QDPK01-DE-S,combo,9,0
FM-ATSP01-DE-M-FM-QDPK01-DE-XL,combo,0,0
FM-ATSP01-DE-M-FM-QDPK01-DE-L,combo,0,0
FM-ATSP01-DE-M-FM-QDPK01-DE-M,combo,0,0
FM-ATSP01-DE-M-FM-QDPK01-DE-S,combo,9,0
FM-ATSP01-DE-S-FM-QDPK01-DE-XL,combo,0,0
FM-ATSP01-DE-S-FM-QDPK01-DE-L,combo,0,0
FM-ATSP01-DE-S-FM-QDPK01-DE-M,combo,0,0
FM-ATSP01-DE-S-FM-QDPK01-DE-S,combo,9,0
FM-ABTD02-ST-3XL-FM-QN1L04-DE-3XL,combo,0,0
FM-ABTD02-ST-3XL-FM-QN1L04-DE-2XL,combo,0,0
FM-ABTD02-ST-3XL-FM-QN1L04-DE-XL,combo,17,0
FM-ABTD02-ST-3XL-FM-QN1L04-DE-L,combo,17,0
FM-ABTD02-ST-3XL-FM-QN1L04-DE-M,combo,0,0
FM-ABTD02-ST-2XL-FM-QN1L04-DE-3XL,combo,0,0
FM-ABTD02-ST-2XL-FM-QN1L04-DE-2XL,combo,0,0
FM-ABTD02-ST-2XL-FM-QN1L04-DE-XL,combo,3,0
FM-ABTD02-ST-2XL-FM-QN1L04-DE-L,combo,3,0
FM-ABTD02-ST-2XL-FM-QN1L04-DE-M,combo,0,0
FM-ABTD02-ST-XL-FM-QN1L04-DE-3XL,combo,0,0
FM-ABTD02-ST-XL-FM-QN1L04-DE-2XL,combo,0,0
FM-ABTD02-ST-XL-FM-QN1L04-DE-XL,combo,0,0
FM-ABTD02-ST-XL-FM-QN1L04-DE-L,combo,0,0
FM-ABTD02-ST-XL-FM-QN1L04-DE-M,combo,0,0
FM-ABTD02-ST-L-FM-QN1L04-DE-3XL,combo,0,0
FM-ABTD02-ST-L-FM-QN1L04-DE-2XL,combo,0,0
FM-ABTD02-ST-L-FM-QN1L04-DE-XL,combo,2,0
FM-ABTD02-ST-L-FM-QN1L04-DE-L,combo,2,0
FM-ABTD02-ST-L-FM-QN1L04-DE-M,combo,0,0
FM-ABTD02-ST-M-FM-QN1L04-DE-3XL,combo,0,0
FM-ABTD02-ST-M-FM-QN1L04-DE-2XL,combo,0,0
FM-ABTD02-ST-M-FM-QN1L04-DE-XL,combo,1,0
FM-ABTD02-ST-M-FM-QN1L04-DE-L,combo,1,0
FM-ABTD02-ST-M-FM-QN1L04-DE-M,combo,0,0
FM-HDNM01-OG-1,normal,0,0
FM-HDNM01-OG-2,normal,0,0
FM-HDNM01-OG-3,normal,0,0
FM-HDNM01-MG-1,normal,0,0
FM-HDNM01-MG-2,normal,0,0
FM-HDNM01-MG-3,normal,0,0
FM-AVB01-XN-3XL-FM-QN1L04-XN-3XL,combo,0,0
FM-AVB01-XN-3XL-FM-QN1L04-XN-2XL,combo,0,0
FM-AVB01-XN-3XL-FM-QN1L04-XN-XL,combo,0,0
FM-AVB01-XN-3XL-FM-QN1L04-XN-L,combo,0,0
FM-AVB01-XN-3XL-FM-QN1L04-XN-M,combo,0,0
FM-AVB01-XN-2XL-FM-QN1L04-XN-3XL,combo,0,0
FM-AVB01-XN-2XL-FM-QN1L04-XN-2XL,combo,0,0
FM-AVB01-XN-2XL-FM-QN1L04-XN-XL,combo,0,0
FM-AVB01-XN-2XL-FM-QN1L04-XN-L,combo,0,0
FM-AVB01-XN-2XL-FM-QN1L04-XN-M,combo,0,0
FM-AVB01-XN-XL-FM-QN1L04-XN-3XL,combo,0,0
FM-AVB01-XN-XL-FM-QN1L04-XN-2XL,combo,0,0
FM-AVB01-XN-XL-FM-QN1L04-XN-XL,combo,0,0
FM-AVB01-XN-XL-FM-QN1L04-XN-L,combo,0,0
FM-AVB01-XN-XL-FM-QN1L04-XN-M,combo,0,0
FM-AVB01-XN-L-FM-QN1L04-XN-3XL,combo,0,0
FM-AVB01-XN-L-FM-QN1L04-XN-2XL,combo,0,0
FM-AVB01-XN-L-FM-QN1L04-XN-XL,combo,0,0
FM-AVB01-XN-L-FM-QN1L04-XN-L,combo,0,0
FM-AVB01-XN-L-FM-QN1L04-XN-M,combo,0,0
FM-AVB01-XN-M-FM-QN1L04-XN-3XL,combo,0,0
FM-AVB01-XN-M-FM-QN1L04-XN-2XL,combo,0,0
FM-AVB01-XN-M-FM-QN1L04-XN-XL,combo,0,0
FM-AVB01-XN-M-FM-QN1L04-XN-L,combo,0,0
FM-AVB01-XN-M-FM-QN1L04-XN-M,combo,0,0
FM-AVB01-XN-3XL-FM-JGNAM01-DE-3XL,combo,-1,0
FM-AVB01-XN-3XL-FM-JGNAM01-DE-2XL,combo,0,0
FM-AVB01-XN-3XL-FM-JGNAM01-DE-XL,combo,0,0
FM-AVB01-XN-3XL-FM-JGNAM01-DE-L,combo,0,0
FM-AVB01-XN-3XL-FM-JGNAM01-DE-M,combo,0,0
FM-AVB01-XN-2XL-FM-JGNAM01-DE-3XL,combo,-1,0
FM-AVB01-XN-2XL-FM-JGNAM01-DE-2XL,combo,0,0
FM-AVB01-XN-2XL-FM-JGNAM01-DE-XL,combo,0,0
FM-AVB01-XN-2XL-FM-JGNAM01-DE-L,combo,0,0
FM-AVB01-XN-2XL-FM-JGNAM01-DE-M,combo,0,0
FM-AVB01-XN-XL-FM-JGNAM01-DE-3XL,combo,-1,0
FM-AVB01-XN-XL-FM-JGNAM01-DE-2XL,combo,0,0
FM-AVB01-XN-XL-FM-JGNAM01-DE-XL,combo,0,0
FM-AVB01-XN-XL-FM-JGNAM01-DE-L,combo,0,0
FM-AVB01-XN-XL-FM-JGNAM01-DE-M,combo,0,0
FM-AVB01-XN-L-FM-JGNAM01-DE-3XL,combo,-1,0
FM-AVB01-XN-L-FM-JGNAM01-DE-2XL,combo,0,0
FM-AVB01-XN-L-FM-JGNAM01-DE-XL,combo,0,0
FM-AVB01-XN-L-FM-JGNAM01-DE-L,combo,0,0
FM-AVB01-XN-L-FM-JGNAM01-DE-M,combo,0,0
FM-AVB01-XN-M-FM-JGNAM01-DE-3XL,combo,-1,0
FM-AVB01-XN-M-FM-JGNAM01-DE-2XL,combo,0,0
FM-AVB01-XN-M-FM-JGNAM01-DE-XL,combo,0,0
FM-AVB01-XN-M-FM-JGNAM01-DE-L,combo,0,0
FM-AVB01-XN-M-FM-JGNAM01-DE-M,combo,0,0
FM-AVB01-KK-3XL-FM-QN1L03-TN-3XL,combo,0,0
FM-AVB01-KK-3XL-FM-QN1L03-TN-2XL,combo,0,0
FM-AVB01-KK-3XL-FM-QN1L03-TN-XL,combo,0,0
FM-AVB01-KK-3XL-FM-QN1L03-TN-L,combo,0,0
FM-AVB01-KK-3XL-FM-QN1L03-TN-M,combo,0,0
FM-AVB01-KK-2XL-FM-QN1L03-TN-3XL,combo,0,0
FM-AVB01-KK-2XL-FM-QN1L03-TN-2XL,combo,0,0
FM-AVB01-KK-2XL-FM-QN1L03-TN-XL,combo,0,0
FM-AVB01-KK-2XL-FM-QN1L03-TN-L,combo,0,0
FM-AVB01-KK-2XL-FM-QN1L03-TN-M,combo,0,0
FM-AVB01-KK-XL-FM-QN1L03-TN-3XL,combo,0,0
FM-AVB01-KK-XL-FM-QN1L03-TN-2XL,combo,0,0
FM-AVB01-KK-XL-FM-QN1L03-TN-XL,combo,0,0
FM-AVB01-KK-XL-FM-QN1L03-TN-L,combo,0,0
FM-AVB01-KK-XL-FM-QN1L03-TN-M,combo,0,0
FM-AVB01-KK-L-FM-QN1L03-TN-3XL,combo,0,0
FM-AVB01-KK-L-FM-QN1L03-TN-2XL,combo,0,0
FM-AVB01-KK-L-FM-QN1L03-TN-XL,combo,0,0
FM-AVB01-KK-L-FM-QN1L03-TN-L,combo,0,0
FM-AVB01-KK-L-FM-QN1L03-TN-M,combo,0,0
FM-AVB01-KK-M-FM-QN1L03-TN-3XL,combo,0,0
FM-AVB01-KK-M-FM-QN1L03-TN-2XL,combo,0,0
FM-AVB01-KK-M-FM-QN1L03-TN-XL,combo,0,0
FM-AVB01-KK-M-FM-QN1L03-TN-L,combo,0,0
FM-AVB01-KK-M-FM-QN1L03-TN-M,combo,0,0
FM-AVB01-KK-3XL-FM-JGNAM01-TN-3XL,combo,0,0
FM-AVB01-KK-3XL-FM-JGNAM01-TN-2XL,combo,0,0
FM-AVB01-KK-3XL-FM-JGNAM01-TN-XL,combo,0,0
FM-AVB01-KK-3XL-FM-JGNAM01-TN-L,combo,0,0
FM-AVB01-KK-3XL-FM-JGNAM01-TN-M,combo,0,0
FM-AVB01-KK-2XL-FM-JGNAM01-TN-3XL,combo,0,0
FM-AVB01-KK-2XL-FM-JGNAM01-TN-2XL,combo,0,0
FM-AVB01-KK-2XL-FM-JGNAM01-TN-XL,combo,0,0
FM-AVB01-KK-2XL-FM-JGNAM01-TN-L,combo,0,0
FM-AVB01-KK-2XL-FM-JGNAM01-TN-M,combo,0,0
FM-AVB01-KK-XL-FM-JGNAM01-TN-3XL,combo,0,0
FM-AVB01-KK-XL-FM-JGNAM01-TN-2XL,combo,0,0
FM-AVB01-KK-XL-FM-JGNAM01-TN-XL,combo,0,0
FM-AVB01-KK-XL-FM-JGNAM01-TN-L,combo,0,0
FM-AVB01-KK-XL-FM-JGNAM01-TN-M,combo,0,0
FM-AVB01-KK-L-FM-JGNAM01-TN-3XL,combo,0,0
FM-AVB01-KK-L-FM-JGNAM01-TN-2XL,combo,0,0
FM-AVB01-KK-L-FM-JGNAM01-TN-XL,combo,0,0
FM-AVB01-KK-L-FM-JGNAM01-TN-L,combo,0,0
FM-AVB01-KK-L-FM-JGNAM01-TN-M,combo,0,0
FM-AVB01-KK-M-FM-JGNAM01-TN-3XL,combo,0,0
FM-AVB01-KK-M-FM-JGNAM01-TN-2XL,combo,0,0
FM-AVB01-KK-M-FM-JGNAM01-TN-XL,combo,0,0
FM-AVB01-KK-M-FM-JGNAM01-TN-L,combo,0,0
FM-AVB01-KK-M-FM-JGNAM01-TN-M,combo,0,0
FM-ABTD02-ST-3XL-FM-JGNAM01-TN-3XL,combo,0,0
FM-ABTD02-ST-3XL-FM-JGNAM01-TN-2XL,combo,0,0
FM-ABTD02-ST-3XL-FM-JGNAM01-TN-XL,combo,0,0
FM-ABTD02-ST-3XL-FM-JGNAM01-TN-L,combo,0,0
FM-ABTD02-ST-3XL-FM-JGNAM01-TN-M,combo,0,0
FM-ABTD02-ST-2XL-FM-JGNAM01-TN-3XL,combo,0,0
FM-ABTD02-ST-2XL-FM-JGNAM01-TN-2XL,combo,0,0
FM-ABTD02-ST-2XL-FM-JGNAM01-TN-XL,combo,0,0
FM-ABTD02-ST-2XL-FM-JGNAM01-TN-L,combo,0,0
FM-ABTD02-ST-2XL-FM-JGNAM01-TN-M,combo,0,0
FM-ABTD02-ST-XL-FM-JGNAM01-TN-3XL,combo,0,0
FM-ABTD02-ST-XL-FM-JGNAM01-TN-2XL,combo,0,0
FM-ABTD02-ST-XL-FM-JGNAM01-TN-XL,combo,0,0
FM-ABTD02-ST-XL-FM-JGNAM01-TN-L,combo,0,0
FM-ABTD02-ST-XL-FM-JGNAM01-TN-M,combo,0,0
FM-ABTD02-ST-L-FM-JGNAM01-TN-3XL,combo,0,0
FM-ABTD02-ST-L-FM-JGNAM01-TN-2XL,combo,0,0
FM-ABTD02-ST-L-FM-JGNAM01-TN-XL,combo,0,0
FM-ABTD02-ST-L-FM-JGNAM01-TN-L,combo,0,0
FM-ABTD02-ST-L-FM-JGNAM01-TN-M,combo,0,0
FM-ABTD02-ST-M-FM-JGNAM01-TN-3XL,combo,0,0
FM-ABTD02-ST-M-FM-JGNAM01-TN-2XL,combo,0,0
FM-ABTD02-ST-M-FM-JGNAM01-TN-XL,combo,0,0
FM-ABTD02-ST-M-FM-JGNAM01-TN-L,combo,0,0
FM-ABTD02-ST-M-FM-JGNAM01-TN-M,combo,0,0
FM-ABTD02-DE-3XL-FM-JGNAM01-ST-3XL,combo,0,0
FM-ABTD02-DE-3XL-FM-JGNAM01-ST-2XL,combo,0,0
FM-ABTD02-DE-3XL-FM-JGNAM01-ST-XL,combo,0,0
FM-ABTD02-DE-3XL-FM-JGNAM01-ST-L,combo,0,0
FM-ABTD02-DE-3XL-FM-JGNAM01-ST-M,combo,0,0
FM-ABTD02-DE-2XL-FM-JGNAM01-ST-3XL,combo,0,0
FM-ABTD02-DE-2XL-FM-JGNAM01-ST-2XL,combo,0,0
FM-ABTD02-DE-2XL-FM-JGNAM01-ST-XL,combo,0,0
FM-ABTD02-DE-2XL-FM-JGNAM01-ST-L,combo,0,0
FM-ABTD02-DE-2XL-FM-JGNAM01-ST-M,combo,0,0
FM-ABTD02-DE-XL-FM-JGNAM01-ST-3XL,combo,0,0
FM-ABTD02-DE-XL-FM-JGNAM01-ST-2XL,combo,0,0
FM-ABTD02-DE-XL-FM-JGNAM01-ST-XL,combo,0,0
FM-ABTD02-DE-XL-FM-JGNAM01-ST-L,combo,0,0
FM-ABTD02-DE-XL-FM-JGNAM01-ST-M,combo,0,0
FM-ABTD02-DE-L-FM-JGNAM01-ST-3XL,combo,0,0
FM-ABTD02-DE-L-FM-JGNAM01-ST-2XL,combo,0,0
FM-ABTD02-DE-L-FM-JGNAM01-ST-XL,combo,0,0
FM-ABTD02-DE-L-FM-JGNAM01-ST-L,combo,0,0
FM-ABTD02-DE-L-FM-JGNAM01-ST-M,combo,0,0
FM-ABTD02-DE-M-FM-JGNAM01-ST-3XL,combo,0,0
FM-ABTD02-DE-M-FM-JGNAM01-ST-2XL,combo,0,0
FM-ABTD02-DE-M-FM-JGNAM01-ST-XL,combo,0,0
FM-ABTD02-DE-M-FM-JGNAM01-ST-L,combo,0,0
FM-ABTD02-DE-M-FM-JGNAM01-ST-M,combo,0,0
FM-ABTD02-XN-3XL-FM-JGNAM01-XN-3XL,combo,0,0
FM-ABTD02-XN-3XL-FM-JGNAM01-XN-2XL,combo,0,0
FM-ABTD02-XN-3XL-FM-JGNAM01-XN-XL,combo,0,0
FM-ABTD02-XN-3XL-FM-JGNAM01-XN-L,combo,0,0
FM-ABTD02-XN-3XL-FM-JGNAM01-XN-M,combo,0,0
FM-ABTD02-XN-2XL-FM-JGNAM01-XN-3XL,combo,0,0
FM-ABTD02-XN-2XL-FM-JGNAM01-XN-2XL,combo,0,0
FM-ABTD02-XN-2XL-FM-JGNAM01-XN-XL,combo,0,0
FM-ABTD02-XN-2XL-FM-JGNAM01-XN-L,combo,0,0
FM-ABTD02-XN-2XL-FM-JGNAM01-XN-M,combo,0,0
FM-ABTD02-XN-XL-FM-JGNAM01-XN-3XL,combo,0,0
FM-ABTD02-XN-XL-FM-JGNAM01-XN-2XL,combo,0,0
FM-ABTD02-XN-XL-FM-JGNAM01-XN-XL,combo,0,0
FM-ABTD02-XN-XL-FM-JGNAM01-XN-L,combo,0,0
FM-ABTD02-XN-XL-FM-JGNAM01-XN-M,combo,0,0
FM-ABTD02-XN-L-FM-JGNAM01-XN-3XL,combo,0,0
FM-ABTD02-XN-L-FM-JGNAM01-XN-2XL,combo,0,0
FM-ABTD02-XN-L-FM-JGNAM01-XN-XL,combo,0,0
FM-ABTD02-XN-L-FM-JGNAM01-XN-L,combo,0,0
FM-ABTD02-XN-L-FM-JGNAM01-XN-M,combo,0,0
FM-ABTD02-XN-M-FM-JGNAM01-XN-3XL,combo,0,0
FM-ABTD02-XN-M-FM-JGNAM01-XN-2XL,combo,0,0
FM-ABTD02-XN-M-FM-JGNAM01-XN-XL,combo,0,0
FM-ABTD02-XN-M-FM-JGNAM01-XN-L,combo,0,0
FM-ABTD02-XN-M-FM-JGNAM01-XN-M,combo,0,0
FM-ABTD02-SG-3XL-FM-JGNAM01-SG-3XL,combo,0,0
FM-ABTD02-SG-3XL-FM-JGNAM01-SG-2XL,combo,0,0
FM-ABTD02-SG-3XL-FM-JGNAM01-SG-XL,combo,0,0
FM-ABTD02-SG-3XL-FM-JGNAM01-SG-L,combo,0,0
FM-ABTD02-SG-3XL-FM-JGNAM01-SG-M,combo,0,0
FM-ABTD02-SG-2XL-FM-JGNAM01-SG-3XL,combo,0,0
FM-ABTD02-SG-2XL-FM-JGNAM01-SG-2XL,combo,0,0
FM-ABTD02-SG-2XL-FM-JGNAM01-SG-XL,combo,0,0
FM-ABTD02-SG-2XL-FM-JGNAM01-SG-L,combo,1,0
FM-ABTD02-SG-2XL-FM-JGNAM01-SG-M,combo,0,0
FM-ABTD02-SG-XL-FM-JGNAM01-SG-3XL,combo,0,0
FM-ABTD02-SG-XL-FM-JGNAM01-SG-2XL,combo,0,0
FM-ABTD02-SG-XL-FM-JGNAM01-SG-XL,combo,0,0
FM-ABTD02-SG-XL-FM-JGNAM01-SG-L,combo,1,0
FM-ABTD02-SG-XL-FM-JGNAM01-SG-M,combo,0,0
FM-ABTD02-SG-L-FM-JGNAM01-SG-3XL,combo,0,0
FM-ABTD02-SG-L-FM-JGNAM01-SG-2XL,combo,0,0
FM-ABTD02-SG-L-FM-JGNAM01-SG-XL,combo,0,0
FM-ABTD02-SG-L-FM-JGNAM01-SG-L,combo,0,0
FM-ABTD02-SG-L-FM-JGNAM01-SG-M,combo,0,0
FM-ABTD02-SG-M-FM-JGNAM01-SG-3XL,combo,0,0
FM-ABTD02-SG-M-FM-JGNAM01-SG-2XL,combo,0,0
FM-ABTD02-SG-M-FM-JGNAM01-SG-XL,combo,0,0
FM-ABTD02-SG-M-FM-JGNAM01-SG-L,combo,0,0
FM-ABTD02-SG-M-FM-JGNAM01-SG-M,combo,0,0
FM-ATSN01-DE-2XL-FM-QN1L04-DE-3XL,combo,0,0
FM-ATSN01-DE-2XL-FM-JGNAM01-ST-3XL,combo,0,0
FM-ATSN01-DE-2XL-FM-JGNAM01-XN-3XL,combo,0,0
FM-ATSN01-DE-3XL-FM-JGNAM01-XN-3XL,combo,0,0
FM-ATSN01-DE-3XL-FM-JGNAM01-XN-2XL,combo,0,0
FM-ATSN01-DE-3XL-FM-JGNAM01-XN-XL,combo,0,0
FM-ATSN01-DE-3XL-FM-JGNAM01-XN-L,combo,0,0
FM-ATSN01-DE-3XL-FM-JGNAM01-XN-M,combo,0,0
FM-ATSN01-DE-2XL-FM-JGNAM01-XN-2XL,combo,0,0
FM-ATSN01-DE-2XL-FM-JGNAM01-XN-XL,combo,0,0
FM-ATSN01-DE-2XL-FM-JGNAM01-XN-L,combo,0,0
FM-ATSN01-DE-2XL-FM-JGNAM01-XN-M,combo,0,0
FM-ATSN01-DE-XL-FM-JGNAM01-XN-3XL,combo,0,0
FM-ATSN01-DE-XL-FM-JGNAM01-XN-2XL,combo,0,0
FM-ATSN01-DE-XL-FM-JGNAM01-XN-XL,combo,0,0
FM-ATSN01-DE-XL-FM-JGNAM01-XN-L,combo,0,0
FM-ATSN01-DE-XL-FM-JGNAM01-XN-M,combo,0,0
FM-ATSN01-DE-L-FM-JGNAM01-XN-3XL,combo,0,0
FM-ATSN01-DE-L-FM-JGNAM01-XN-2XL,combo,0,0
FM-ATSN01-DE-L-FM-JGNAM01-XN-XL,combo,0,0
FM-ATSN01-DE-L-FM-JGNAM01-XN-L,combo,0,0
FM-ATSN01-DE-L-FM-JGNAM01-XN-M,combo,0,0
FM-ATSN01-DE-M-FM-JGNAM01-XN-3XL,combo,-1,0
FM-ATSN01-DE-M-FM-JGNAM01-XN-2XL,combo,-1,0
FM-ATSN01-DE-M-FM-JGNAM01-XN-XL,combo,-1,0
FM-ATSN01-DE-M-FM-JGNAM01-XN-L,combo,-1,0
FM-ATSN01-DE-M-FM-JGNAM01-XN-M,combo,-1,0
FM-ATSN01-DE-3XL-FM-JGNAM01-ST-3XL,combo,0,0
FM-ATSN01-DE-3XL-FM-JGNAM01-ST-2XL,combo,0,0
FM-ATSN01-DE-3XL-FM-JGNAM01-ST-XL,combo,0,0
FM-ATSN01-DE-3XL-FM-JGNAM01-ST-L,combo,0,0
FM-ATSN01-DE-3XL-FM-JGNAM01-ST-M,combo,0,0
FM-ATSN01-DE-2XL-FM-JGNAM01-ST-2XL,combo,0,0
FM-ATSN01-DE-2XL-FM-JGNAM01-ST-XL,combo,0,0
FM-ATSN01-DE-2XL-FM-JGNAM01-ST-L,combo,0,0
FM-ATSN01-DE-2XL-FM-JGNAM01-ST-M,combo,0,0
FM-ATSN01-DE-XL-FM-JGNAM01-ST-3XL,combo,0,0
FM-ATSN01-DE-XL-FM-JGNAM01-ST-2XL,combo,0,0
FM-ATSN01-DE-XL-FM-JGNAM01-ST-XL,combo,0,0
FM-ATSN01-DE-XL-FM-JGNAM01-ST-L,combo,0,0
FM-ATSN01-DE-XL-FM-JGNAM01-ST-M,combo,0,0
FM-ATSN01-DE-L-FM-JGNAM01-ST-3XL,combo,0,0
FM-ATSN01-DE-L-FM-JGNAM01-ST-2XL,combo,0,0
FM-ATSN01-DE-L-FM-JGNAM01-ST-XL,combo,0,0
FM-ATSN01-DE-L-FM-JGNAM01-ST-L,combo,0,0
FM-ATSN01-DE-L-FM-JGNAM01-ST-M,combo,0,0
FM-ATSN01-DE-M-FM-JGNAM01-ST-3XL,combo,-1,0
FM-ATSN01-DE-M-FM-JGNAM01-ST-2XL,combo,-1,0
FM-ATSN01-DE-M-FM-JGNAM01-ST-XL,combo,-1,0
FM-ATSN01-DE-M-FM-JGNAM01-ST-L,combo,-1,0
FM-ATSN01-DE-M-FM-JGNAM01-ST-M,combo,-1,0
FM-ATSN01-DE-3XL-FM-QN1L04-DE-3XL,combo,0,0
FM-ATSN01-DE-3XL-FM-QN1L04-DE-2XL,combo,0,0
FM-ATSN01-DE-3XL-FM-QN1L04-DE-XL,combo,0,0
FM-ATSN01-DE-3XL-FM-QN1L04-DE-L,combo,0,0
FM-ATSN01-DE-3XL-FM-QN1L04-DE-M,combo,0,0
FM-ATSN01-DE-2XL-FM-QN1L04-DE-2XL,combo,0,0
FM-ATSN01-DE-2XL-FM-QN1L04-DE-XL,combo,11,0
FM-ATSN01-DE-2XL-FM-QN1L04-DE-L,combo,11,0
FM-ATSN01-DE-2XL-FM-QN1L04-DE-M,combo,0,0
FM-ATSN01-DE-XL-FM-QN1L04-DE-3XL,combo,0,0
FM-ATSN01-DE-XL-FM-QN1L04-DE-2XL,combo,0,0
FM-ATSN01-DE-XL-FM-QN1L04-DE-XL,combo,0,0
FM-ATSN01-DE-XL-FM-QN1L04-DE-L,combo,0,0
FM-ATSN01-DE-XL-FM-QN1L04-DE-M,combo,0,0
FM-ATSN01-DE-L-FM-QN1L04-DE-3XL,combo,0,0
FM-ATSN01-DE-L-FM-QN1L04-DE-2XL,combo,0,0
FM-ATSN01-DE-L-FM-QN1L04-DE-XL,combo,0,0
FM-ATSN01-DE-L-FM-QN1L04-DE-L,combo,0,0
FM-ATSN01-DE-L-FM-QN1L04-DE-M,combo,0,0
FM-ATSN01-DE-M-FM-QN1L04-DE-3XL,combo,-1,0
FM-ATSN01-DE-M-FM-QN1L04-DE-2XL,combo,-1,0
FM-ATSN01-DE-M-FM-QN1L04-DE-XL,combo,-1,0
FM-ATSN01-DE-M-FM-QN1L04-DE-L,combo,-1,0
FM-ATSN01-DE-M-FM-QN1L04-DE-M,combo,-1,0
FM-ATSN01-XN-3XL-FM-QN1L03-XN-3XL,combo,0,0
FM-ATSN01-XN-3XL-FM-QN1L03-XN-2XL,combo,0,0
FM-ATSN01-XN-3XL-FM-QN1L03-XN-XL,combo,0,0
FM-ATSN01-XN-3XL-FM-QN1L03-XN-L,combo,0,0
FM-ATSN01-XN-3XL-FM-QN1L03-XN-M,combo,0,0
FM-ATSN01-XN-2XL-FM-QN1L03-XN-2XL,combo,0,0
FM-ATSN01-XN-2XL-FM-QN1L03-XN-XL,combo,0,0
FM-ATSN01-XN-2XL-FM-QN1L03-XN-L,combo,0,0
FM-ATSN01-XN-2XL-FM-QN1L03-XN-M,combo,0,0
FM-ATSN01-XN-XL-FM-QN1L03-XN-3XL,combo,0,0
FM-ATSN01-XN-XL-FM-QN1L03-XN-2XL,combo,0,0
FM-ATSN01-XN-XL-FM-QN1L03-XN-XL,combo,0,0
FM-ATSN01-XN-XL-FM-QN1L03-XN-L,combo,0,0
FM-ATSN01-XN-XL-FM-QN1L03-XN-M,combo,0,0
FM-ATSN01-XN-L-FM-QN1L03-XN-3XL,combo,0,0
FM-ATSN01-XN-L-FM-QN1L03-XN-2XL,combo,0,0
FM-ATSN01-XN-L-FM-QN1L03-XN-XL,combo,0,0
FM-ATSN01-XN-L-FM-QN1L03-XN-L,combo,0,0
FM-ATSN01-XN-L-FM-QN1L03-XN-M,combo,0,0
FM-ATSN01-XN-M-FM-QN1L03-XN-3XL,combo,0,0
FM-ATSN01-XN-M-FM-QN1L03-XN-2XL,combo,0,0
FM-ATSN01-XN-M-FM-QN1L03-XN-XL,combo,0,0
FM-ATSN01-XN-M-FM-QN1L03-XN-L,combo,0,0
FM-ATSN01-XN-M-FM-QN1L03-XN-M,combo,0,0
GM-QLGN01-XA-2XL,normal,0,0
GM-QLGN01-XA-XL,normal,0,0
GM-QLGN01-XA-L,normal,0,0
GM-QLGN01-XA-M,normal,0,0
GM-QLGN01-DE-2XL,normal,0,0
GM-QLGN01-DE-XL,normal,0,0
GM-QLGN01-DE-L,normal,0,0
GM-QLGN01-DE-M,normal,0,0
FM-ATSN01-SG-3XL-FM-QN1L03-SG-3XL,combo,0,0
FM-ATSN01-SG-3XL-FM-QN1L03-SG-2XL,combo,0,0
FM-ATSN01-SG-3XL-FM-QN1L03-SG-XL,combo,0,0
FM-ATSN01-SG-3XL-FM-QN1L03-SG-L,combo,0,0
FM-ATSN01-SG-3XL-FM-QN1L03-SG-M,combo,0,0
FM-ATSN01-SG-2XL-FM-QN1L03-SG-2XL,combo,0,0
FM-ATSN01-SG-2XL-FM-QN1L03-SG-XL,combo,0,0
FM-ATSN01-SG-2XL-FM-QN1L03-SG-L,combo,0,0
FM-ATSN01-SG-2XL-FM-QN1L03-SG-M,combo,0,0
FM-ATSN01-SG-XL-FM-QN1L03-SG-3XL,combo,0,0
FM-ATSN01-SG-XL-FM-QN1L03-SG-2XL,combo,0,0
FM-ATSN01-SG-XL-FM-QN1L03-SG-XL,combo,0,0
FM-ATSN01-SG-XL-FM-QN1L03-SG-L,combo,0,0
FM-ATSN01-SG-XL-FM-QN1L03-SG-M,combo,0,0
FM-ATSN01-SG-L-FM-QN1L03-SG-3XL,combo,0,0
FM-ATSN01-SG-L-FM-QN1L03-SG-2XL,combo,0,0
FM-ATSN01-SG-L-FM-QN1L03-SG-XL,combo,0,0
FM-ATSN01-SG-L-FM-QN1L03-SG-L,combo,0,0
FM-ATSN01-SG-L-FM-QN1L03-SG-M,combo,0,0
FM-ATSN01-SG-M-FM-QN1L03-SG-3XL,combo,0,0
FM-ATSN01-SG-M-FM-QN1L03-SG-2XL,combo,0,0
FM-ATSN01-SG-M-FM-QN1L03-SG-XL,combo,0,0
FM-ATSN01-SG-M-FM-QN1L03-SG-L,combo,0,0
FM-ATSN01-SG-M-FM-QN1L03-SG-M,combo,0,0
FM-AOTN01-ST-3XL-FM-QN1L03-TN-3XL,combo,0,0
FM-AOTN01-ST-3XL-FM-QN1L03-TN-2XL,combo,0,0
FM-AOTN01-ST-3XL-FM-QN1L03-TN-XL,combo,0,0
FM-AOTN01-ST-3XL-FM-QN1L03-TN-L,combo,0,0
FM-AOTN01-ST-3XL-FM-QN1L03-TN-M,combo,0,0
FM-AOTN01-ST-2XL-FM-QN1L03-TN-2XL,combo,0,0
FM-AOTN01-ST-2XL-FM-QN1L03-TN-XL,combo,0,0
FM-AOTN01-ST-2XL-FM-QN1L03-TN-L,combo,0,0
FM-AOTN01-ST-2XL-FM-QN1L03-TN-M,combo,0,0
FM-AOTN01-ST-XL-FM-QN1L03-TN-3XL,combo,0,0
FM-AOTN01-ST-XL-FM-QN1L03-TN-2XL,combo,0,0
FM-AOTN01-ST-XL-FM-QN1L03-TN-XL,combo,0,0
FM-AOTN01-ST-XL-FM-QN1L03-TN-L,combo,0,0
FM-AOTN01-ST-XL-FM-QN1L03-TN-M,combo,0,0
FM-AOTN01-ST-L-FM-QN1L03-TN-3XL,combo,0,0
FM-AOTN01-ST-L-FM-QN1L03-TN-2XL,combo,0,0
FM-AOTN01-ST-L-FM-QN1L03-TN-XL,combo,0,0
FM-AOTN01-ST-L-FM-QN1L03-TN-L,combo,0,0
FM-AOTN01-ST-L-FM-QN1L03-TN-M,combo,0,0
FM-AOTN01-ST-M-FM-QN1L03-TN-3XL,combo,0,0
FM-AOTN01-ST-M-FM-QN1L03-TN-2XL,combo,0,0
FM-AOTN01-ST-M-FM-QN1L03-TN-XL,combo,0,0
FM-AOTN01-ST-M-FM-QN1L03-TN-L,combo,0,0
FM-AOTN01-ST-M-FM-QN1L03-TN-M,combo,0,0
FM-AOTN01-KK-3XL-FM-QN1L03-TN-3XL,combo,0,0
FM-AOTN01-KK-3XL-FM-QN1L03-TN-2XL,combo,0,0
FM-AOTN01-KK-3XL-FM-QN1L03-TN-XL,combo,0,0
FM-AOTN01-KK-3XL-FM-QN1L03-TN-L,combo,0,0
FM-AOTN01-KK-3XL-FM-QN1L03-TN-M,combo,0,0
FM-AOTN01-KK-2XL-FM-QN1L03-TN-2XL,combo,0,0
FM-AOTN01-KK-2XL-FM-QN1L03-TN-XL,combo,0,0
FM-AOTN01-KK-2XL-FM-QN1L03-TN-L,combo,0,0
FM-AOTN01-KK-2XL-FM-QN1L03-TN-M,combo,0,0
FM-AOTN01-KK-XL-FM-QN1L03-TN-3XL,combo,0,0
FM-AOTN01-KK-XL-FM-QN1L03-TN-2XL,combo,0,0
FM-AOTN01-KK-XL-FM-QN1L03-TN-XL,combo,0,0
FM-AOTN01-KK-XL-FM-QN1L03-TN-L,combo,0,0
FM-AOTN01-KK-XL-FM-QN1L03-TN-M,combo,0,0
FM-AOTN01-KK-L-FM-QN1L03-TN-3XL,combo,0,0
FM-AOTN01-KK-L-FM-QN1L03-TN-2XL,combo,0,0
FM-AOTN01-KK-L-FM-QN1L03-TN-XL,combo,0,0
FM-AOTN01-KK-L-FM-QN1L03-TN-L,combo,0,0
FM-AOTN01-KK-L-FM-QN1L03-TN-M,combo,0,0
FM-AOTN01-KK-M-FM-QN1L03-TN-3XL,combo,0,0
FM-AOTN01-KK-M-FM-QN1L03-TN-2XL,combo,0,0
FM-AOTN01-KK-M-FM-QN1L03-TN-XL,combo,0,0
FM-AOTN01-KK-M-FM-QN1L03-TN-L,combo,0,0
FM-AOTN01-KK-M-FM-QN1L03-TN-M,combo,0,0
FM-AOTD01-DE-3XL-FM-QN1L03-DE-3XL,combo,0,0
FM-AOTD01-DE-3XL-FM-QN1L03-DE-2XL,combo,0,0
FM-AOTD01-DE-3XL-FM-QN1L03-DE-XL,combo,0,0
FM-AOTD01-DE-3XL-FM-QN1L03-DE-L,combo,0,0
FM-AOTD01-DE-3XL-FM-QN1L03-DE-M,combo,0,0
FM-AOTD01-DE-2XL-FM-QN1L03-DE-3XL,combo,0,0
FM-AOTD01-DE-2XL-FM-QN1L03-DE-2XL,combo,0,0
FM-AOTD01-DE-2XL-FM-QN1L03-DE-XL,combo,0,0
FM-AOTD01-DE-2XL-FM-QN1L03-DE-L,combo,0,0
FM-AOTD01-DE-2XL-FM-QN1L03-DE-M,combo,0,0
FM-AOTD01-DE-XL-FM-QN1L03-DE-3XL,combo,0,0
FM-AOTD01-DE-XL-FM-QN1L03-DE-2XL,combo,0,0
FM-AOTD01-DE-XL-FM-QN1L03-DE-XL,combo,0,0
FM-AOTD01-DE-XL-FM-QN1L03-DE-L,combo,0,0
FM-AOTD01-DE-XL-FM-QN1L03-DE-M,combo,0,0
FM-AOTD01-DE-L-FM-QN1L03-DE-3XL,combo,0,0
FM-AOTD01-DE-L-FM-QN1L03-DE-2XL,combo,0,0
FM-AOTD01-DE-L-FM-QN1L03-DE-XL,combo,0,0
FM-AOTD01-DE-L-FM-QN1L03-DE-L,combo,0,0
FM-AOTD01-DE-L-FM-QN1L03-DE-M,combo,0,0
FM-AOTD01-DE-M-FM-QN1L03-DE-3XL,combo,0,0
FM-AOTD01-DE-M-FM-QN1L03-DE-2XL,combo,0,0
FM-AOTD01-DE-M-FM-QN1L03-DE-XL,combo,0,0
FM-AOTD01-DE-M-FM-QN1L03-DE-L,combo,0,0
FM-AOTD01-DE-M-FM-QN1L03-DE-M,combo,0,0
FM-AOTD01-XN-3XL-FM-QN2L03-XN-3XL,combo,0,0
FM-AOTD01-XN-3XL-FM-QN2L03-XN-2XL,combo,0,0
FM-AOTD01-XN-3XL-FM-QN2L03-XN-XL,combo,1,0
FM-AOTD01-XN-3XL-FM-QN2L03-XN-L,combo,1,0
FM-AOTD01-XN-3XL-FM-QN2L03-XN-M,combo,0,0
FM-AOTD01-XN-2XL-FM-QN2L03-XN-3XL,combo,0,0
FM-AOTD01-XN-2XL-FM-QN2L03-XN-2XL,combo,0,0
FM-AOTD01-XN-2XL-FM-QN2L03-XN-XL,combo,1,0
FM-AOTD01-XN-2XL-FM-QN2L03-XN-L,combo,1,0
FM-AOTD01-XN-2XL-FM-QN2L03-XN-M,combo,0,0
FM-AOTD01-XN-XL-FM-QN2L03-XN-3XL,combo,0,0
FM-AOTD01-XN-XL-FM-QN2L03-XN-2XL,combo,0,0
FM-AOTD01-XN-XL-FM-QN2L03-XN-XL,combo,0,0
FM-AOTD01-XN-XL-FM-QN2L03-XN-L,combo,0,0
FM-AOTD01-XN-XL-FM-QN2L03-XN-M,combo,0,0
FM-AOTD01-XN-L-FM-QN2L03-XN-3XL,combo,0,0
FM-AOTD01-XN-L-FM-QN2L03-XN-2XL,combo,0,0
FM-AOTD01-XN-L-FM-QN2L03-XN-XL,combo,0,0
FM-AOTD01-XN-L-FM-QN2L03-XN-L,combo,0,0
FM-AOTD01-XN-L-FM-QN2L03-XN-M,combo,0,0
FM-AOTD01-XN-M-FM-QN2L03-XN-3XL,combo,0,0
FM-AOTD01-XN-M-FM-QN2L03-XN-2XL,combo,0,0
FM-AOTD01-XN-M-FM-QN2L03-XN-XL,combo,0,0
FM-AOTD01-XN-M-FM-QN2L03-XN-L,combo,0,0
FM-AOTD01-XN-M-FM-QN2L03-XN-M,combo,0,0
FM-AOTD01-KK-3XL-FM-QN2L03-TN-3XL,combo,0,0
FM-AOTD01-KK-3XL-FM-QN2L03-TN-2XL,combo,0,0
FM-AOTD01-KK-3XL-FM-QN2L03-TN-XL,combo,0,0
FM-AOTD01-KK-3XL-FM-QN2L03-TN-L,combo,0,0
FM-AOTD01-KK-3XL-FM-QN2L03-TN-M,combo,0,0
FM-AOTD01-KK-2XL-FM-QN2L03-TN-3XL,combo,0,0
FM-AOTD01-KK-2XL-FM-QN2L03-TN-2XL,combo,0,0
FM-AOTD01-KK-2XL-FM-QN2L03-TN-XL,combo,0,0
FM-AOTD01-KK-2XL-FM-QN2L03-TN-L,combo,0,0
FM-AOTD01-KK-2XL-FM-QN2L03-TN-M,combo,0,0
FM-AOTD01-KK-XL-FM-QN2L03-TN-3XL,combo,0,0
FM-AOTD01-KK-XL-FM-QN2L03-TN-2XL,combo,0,0
FM-AOTD01-KK-XL-FM-QN2L03-TN-XL,combo,0,0
FM-AOTD01-KK-XL-FM-QN2L03-TN-L,combo,0,0
FM-AOTD01-KK-XL-FM-QN2L03-TN-M,combo,0,0
FM-AOTD01-KK-L-FM-QN2L03-TN-3XL,combo,0,0
FM-AOTD01-KK-L-FM-QN2L03-TN-2XL,combo,0,0
FM-AOTD01-KK-L-FM-QN2L03-TN-XL,combo,0,0
FM-AOTD01-KK-L-FM-QN2L03-TN-L,combo,0,0
FM-AOTD01-KK-L-FM-QN2L03-TN-M,combo,0,0
FM-AOTD01-KK-M-FM-QN2L03-TN-3XL,combo,0,0
FM-AOTD01-KK-M-FM-QN2L03-TN-2XL,combo,0,0
FM-AOTD01-KK-M-FM-QN2L03-TN-XL,combo,0,0
FM-AOTD01-KK-M-FM-QN2L03-TN-L,combo,0,0
FM-AOTD01-KK-M-FM-QN2L03-TN-M,combo,0,0
FM-AOTD01-SG-3XL-FM-QN1L04-ST-3XL,combo,0,0
FM-AOTD01-SG-3XL-FM-QN1L04-ST-2XL,combo,0,0
FM-AOTD01-SG-3XL-FM-QN1L04-ST-XL,combo,0,0
FM-AOTD01-SG-3XL-FM-QN1L04-ST-L,combo,0,0
FM-AOTD01-SG-3XL-FM-QN1L04-ST-M,combo,0,0
FM-AOTD01-SG-2XL-FM-QN1L04-ST-3XL,combo,0,0
FM-AOTD01-SG-2XL-FM-QN1L04-ST-2XL,combo,0,0
FM-AOTD01-SG-2XL-FM-QN1L04-ST-XL,combo,0,0
FM-AOTD01-SG-2XL-FM-QN1L04-ST-L,combo,0,0
FM-AOTD01-SG-2XL-FM-QN1L04-ST-M,combo,0,0
FM-AOTD01-SG-XL-FM-QN1L04-ST-3XL,combo,0,0
FM-AOTD01-SG-XL-FM-QN1L04-ST-2XL,combo,0,0
FM-AOTD01-SG-XL-FM-QN1L04-ST-XL,combo,0,0
FM-AOTD01-SG-XL-FM-QN1L04-ST-L,combo,0,0
FM-AOTD01-SG-XL-FM-QN1L04-ST-M,combo,0,0
FM-AOTD01-SG-L-FM-QN1L04-ST-3XL,combo,0,0
FM-AOTD01-SG-L-FM-QN1L04-ST-2XL,combo,0,0
FM-AOTD01-SG-L-FM-QN1L04-ST-XL,combo,0,0
FM-AOTD01-SG-L-FM-QN1L04-ST-L,combo,0,0
FM-AOTD01-SG-L-FM-QN1L04-ST-M,combo,0,0
FM-AOTD01-SG-M-FM-QN1L04-ST-3XL,combo,0,0
FM-AOTD01-SG-M-FM-QN1L04-ST-2XL,combo,0,0
FM-AOTD01-SG-M-FM-QN1L04-ST-XL,combo,0,0
FM-AOTD01-SG-M-FM-QN1L04-ST-L,combo,0,0
FM-AOTD01-SG-M-FM-QN1L04-ST-M,combo,0,0
FM-AOTN01-XN-3XL-FM-QN1L04-ST-3XL,combo,0,0
FM-AOTN01-XN-3XL-FM-QN1L04-ST-2XL,combo,0,0
FM-AOTN01-XN-3XL-FM-QN1L04-ST-XL,combo,0,0
FM-AOTN01-XN-3XL-FM-QN1L04-ST-L,combo,0,0
FM-AOTN01-XN-3XL-FM-QN1L04-ST-M,combo,0,0
FM-AOTN01-XN-2XL-FM-QN1L04-ST-3XL,combo,0,0
FM-AOTN01-XN-2XL-FM-QN1L04-ST-2XL,combo,0,0
FM-AOTN01-XN-2XL-FM-QN1L04-ST-XL,combo,0,0
FM-AOTN01-XN-2XL-FM-QN1L04-ST-L,combo,0,0
FM-AOTN01-XN-2XL-FM-QN1L04-ST-M,combo,0,0
FM-AOTN01-XN-XL-FM-QN1L04-ST-3XL,combo,0,0
FM-AOTN01-XN-XL-FM-QN1L04-ST-2XL,combo,0,0
FM-AOTN01-XN-XL-FM-QN1L04-ST-XL,combo,0,0
FM-AOTN01-XN-XL-FM-QN1L04-ST-L,combo,0,0
FM-AOTN01-XN-XL-FM-QN1L04-ST-M,combo,0,0
FM-AOTN01-XN-L-FM-QN1L04-ST-3XL,combo,0,0
FM-AOTN01-XN-L-FM-QN1L04-ST-2XL,combo,0,0
FM-AOTN01-XN-L-FM-QN1L04-ST-XL,combo,0,0
FM-AOTN01-XN-L-FM-QN1L04-ST-L,combo,0,0
FM-AOTN01-XN-L-FM-QN1L04-ST-M,combo,0,0
FM-AOTN01-XN-M-FM-QN1L04-ST-3XL,combo,0,0
FM-AOTN01-XN-M-FM-QN1L04-ST-2XL,combo,0,0
FM-AOTN01-XN-M-FM-QN1L04-ST-XL,combo,0,0
FM-AOTN01-XN-M-FM-QN1L04-ST-L,combo,0,0
FM-AOTN01-XN-M-FM-QN1L04-ST-M,combo,0,0
FM-AOTN01-XN-3XL-FM-QN1L03-XN-3XL,combo,0,0
FM-AOTN01-XN-3XL-FM-QN1L03-XN-2XL,combo,0,0
FM-AOTN01-XN-3XL-FM-QN1L03-XN-XL,combo,0,0
FM-AOTN01-XN-3XL-FM-QN1L03-XN-L,combo,0,0
FM-AOTN01-XN-3XL-FM-QN1L03-XN-M,combo,0,0
FM-AOTN01-XN-2XL-FM-QN1L03-XN-2XL,combo,0,0
FM-AOTN01-XN-2XL-FM-QN1L03-XN-XL,combo,0,0
FM-AOTN01-XN-2XL-FM-QN1L03-XN-L,combo,0,0
FM-AOTN01-XN-2XL-FM-QN1L03-XN-M,combo,0,0
FM-AOTN01-XN-XL-FM-QN1L03-XN-3XL,combo,0,0
FM-AOTN01-XN-XL-FM-QN1L03-XN-2XL,combo,0,0
FM-AOTN01-XN-XL-FM-QN1L03-XN-XL,combo,0,0
FM-AOTN01-XN-XL-FM-QN1L03-XN-L,combo,0,0
FM-AOTN01-XN-XL-FM-QN1L03-XN-M,combo,0,0
FM-AOTN01-XN-L-FM-QN1L03-XN-3XL,combo,0,0
FM-AOTN01-XN-L-FM-QN1L03-XN-2XL,combo,0,0
FM-AOTN01-XN-L-FM-QN1L03-XN-XL,combo,0,0
FM-AOTN01-XN-L-FM-QN1L03-XN-L,combo,0,0
FM-AOTN01-XN-L-FM-QN1L03-XN-M,combo,0,0
FM-AOTN01-XN-M-FM-QN1L03-XN-3XL,combo,0,0
FM-AOTN01-XN-M-FM-QN1L03-XN-2XL,combo,0,0
FM-AOTN01-XN-M-FM-QN1L03-XN-XL,combo,0,0
FM-AOTN01-XN-M-FM-QN1L03-XN-L,combo,0,0
FM-AOTN01-XN-M-FM-QN1L03-XN-M,combo,0,0
FM-AOTN01-SG-3XL-FM-QN1L03-SG-3XL,combo,0,0
FM-AOTN01-SG-3XL-FM-QN1L03-SG-2XL,combo,0,0
FM-AOTN01-SG-3XL-FM-QN1L03-SG-XL,combo,0,0
FM-AOTN01-SG-3XL-FM-QN1L03-SG-L,combo,0,0
FM-AOTN01-SG-3XL-FM-QN1L03-SG-M,combo,0,0
FM-AOTN01-SG-2XL-FM-QN1L03-SG-2XL,combo,0,0
FM-AOTN01-SG-2XL-FM-QN1L03-SG-XL,combo,0,0
FM-AOTN01-SG-2XL-FM-QN1L03-SG-L,combo,0,0
FM-AOTN01-SG-2XL-FM-QN1L03-SG-M,combo,0,0
FM-AOTN01-SG-XL-FM-QN1L03-SG-3XL,combo,0,0
FM-AOTN01-SG-XL-FM-QN1L03-SG-2XL,combo,0,0
FM-AOTN01-SG-XL-FM-QN1L03-SG-XL,combo,0,0
FM-AOTN01-SG-XL-FM-QN1L03-SG-L,combo,0,0
FM-AOTN01-SG-XL-FM-QN1L03-SG-M,combo,0,0
FM-AOTN01-SG-L-FM-QN1L03-SG-3XL,combo,0,0
FM-AOTN01-SG-L-FM-QN1L03-SG-2XL,combo,0,0
FM-AOTN01-SG-L-FM-QN1L03-SG-XL,combo,0,0
FM-AOTN01-SG-L-FM-QN1L03-SG-L,combo,0,0
FM-AOTN01-SG-L-FM-QN1L03-SG-M,combo,0,0
FM-AOTN01-SG-M-FM-QN1L03-SG-3XL,combo,0,0
FM-AOTN01-SG-M-FM-QN1L03-SG-2XL,combo,2,0
FM-AOTN01-SG-M-FM-QN1L03-SG-XL,combo,2,0
FM-AOTN01-SG-M-FM-QN1L03-SG-L,combo,2,0
FM-AOTN01-SG-M-FM-QN1L03-SG-M,combo,2,0
FM-AOTN01-DE-3XL-FM-QN1L04-DE-3XL,combo,0,0
FM-AOTN01-DE-3XL-FM-QN1L04-DE-2XL,combo,0,0
FM-AOTN01-DE-3XL-FM-QN1L04-DE-XL,combo,0,0
FM-AOTN01-DE-3XL-FM-QN1L04-DE-L,combo,0,0
FM-AOTN01-DE-3XL-FM-QN1L04-DE-M,combo,0,0
FM-AOTN01-DE-2XL-FM-QN1L04-DE-2XL,combo,0,0
FM-AOTN01-DE-2XL-FM-QN1L04-DE-XL,combo,0,0
FM-AOTN01-DE-2XL-FM-QN1L04-DE-L,combo,0,0
FM-AOTN01-DE-2XL-FM-QN1L04-DE-M,combo,0,0
FM-AOTN01-DE-XL-FM-QN1L04-DE-3XL,combo,0,0
FM-AOTN01-DE-XL-FM-QN1L04-DE-2XL,combo,0,0
FM-AOTN01-DE-XL-FM-QN1L04-DE-XL,combo,0,0
FM-AOTN01-DE-XL-FM-QN1L04-DE-L,combo,0,0
FM-AOTN01-DE-XL-FM-QN1L04-DE-M,combo,0,0
FM-AOTN01-DE-L-FM-QN1L04-DE-3XL,combo,0,0
FM-AOTN01-DE-L-FM-QN1L04-DE-2XL,combo,0,0
FM-AOTN01-DE-L-FM-QN1L04-DE-XL,combo,2,0
FM-AOTN01-DE-L-FM-QN1L04-DE-L,combo,2,0
FM-AOTN01-DE-L-FM-QN1L04-DE-M,combo,0,0
FM-AOTN01-DE-M-FM-QN1L04-DE-3XL,combo,0,0
FM-AOTN01-DE-M-FM-QN1L04-DE-2XL,combo,0,0
FM-AOTN01-DE-M-FM-QN1L04-DE-XL,combo,0,0
FM-AOTN01-DE-M-FM-QN1L04-DE-L,combo,0,0
FM-AOTN01-DE-M-FM-QN1L04-DE-M,combo,0,0
FM-ACRT01-MB-XL-FM-QDOL01-MB-XL,combo,0,0
FM-ACRT01-MB-XL-FM-QDOL01-MB-L,combo,0,0
FM-ACRT01-MB-XL-FM-QDOL01-MB-M,combo,0,0
FM-ACRT01-MB-XL-FM-QDOL01-MB-S,combo,0,0
FM-ACRT01-MB-L-FM-QDOL01-MB-XL,combo,0,0
FM-ACRT01-MB-L-FM-QDOL01-MB-L,combo,0,0
FM-ACRT01-MB-L-FM-QDOL01-MB-M,combo,0,0
FM-ACRT01-MB-L-FM-QDOL01-MB-S,combo,0,0
FM-ACRT01-MB-M-FM-QDOL01-MB-XL,combo,0,0
FM-ACRT01-MB-M-FM-QDOL01-MB-L,combo,0,0
FM-ACRT01-MB-M-FM-QDOL01-MB-M,combo,0,0
FM-ACRT01-MB-M-FM-QDOL01-MB-S,combo,0,0
FM-ACRT01-MB-S-FM-QDOL01-MB-XL,combo,0,0
FM-ACRT01-MB-S-FM-QDOL01-MB-L,combo,0,0
FM-ACRT01-MB-S-FM-QDOL01-MB-M,combo,0,0
FM-ACRT01-MB-S-FM-QDOL01-MB-S,combo,0,0
FM-BRTT01-DG-XL-FM-QNTG01-DG-XL,combo,0,0
FM-BRTT01-DG-XL-FM-QNTG01-DG-L,combo,0,0
FM-BRTT01-DG-XL-FM-QNTG01-DG-M,combo,0,0
FM-BRTT01-DG-XL-FM-QNTG01-DG-S,combo,0,0
FM-BRTT01-DG-L-FM-QNTG01-DG-XL,combo,59,0
FM-BRTT01-DG-L-FM-QNTG01-DG-L,combo,17,0
FM-BRTT01-DG-L-FM-QNTG01-DG-M,combo,0,0
FM-BRTT01-DG-L-FM-QNTG01-DG-S,combo,5,0
FM-BRTT01-DG-M-FM-QNTG01-DG-XL,combo,59,0
FM-BRTT01-DG-M-FM-QNTG01-DG-L,combo,17,0
FM-BRTT01-DG-M-FM-QNTG01-DG-M,combo,0,0
FM-BRTT01-DG-M-FM-QNTG01-DG-S,combo,5,0
FM-BRTT01-DG-S-FM-QNTG01-DG-XL,combo,0,0
FM-BRTT01-DG-S-FM-QNTG01-DG-L,combo,0,0
FM-BRTT01-DG-S-FM-QNTG01-DG-M,combo,0,0
FM-BRTT01-DG-S-FM-QNTG01-DG-S,combo,0,0
FM-BRTT01-RG-XL-FM-QNTG01-RG-XL,combo,9,0
FM-BRTT01-RG-XL-FM-QNTG01-RG-L,combo,9,0
FM-BRTT01-RG-XL-FM-QNTG01-RG-M,combo,9,0
FM-BRTT01-RG-XL-FM-QNTG01-RG-S,combo,9,0
FM-BRTT01-RG-L-FM-QNTG01-RG-XL,combo,0,0
FM-BRTT01-RG-L-FM-QNTG01-RG-L,combo,0,0
FM-BRTT01-RG-L-FM-QNTG01-RG-M,combo,0,0
FM-BRTT01-RG-L-FM-QNTG01-RG-S,combo,0,0
FM-BRTT01-RG-M-FM-QNTG01-RG-XL,combo,0,0
FM-BRTT01-RG-M-FM-QNTG01-RG-L,combo,0,0
FM-BRTT01-RG-M-FM-QNTG01-RG-M,combo,0,0
FM-BRTT01-RG-M-FM-QNTG01-RG-S,combo,0,0
FM-BRTT01-RG-S-FM-QNTG01-RG-XL,combo,0,0
FM-BRTT01-RG-S-FM-QNTG01-RG-L,combo,0,0
FM-BRTT01-RG-S-FM-QNTG01-RG-M,combo,0,0
FM-BRTT01-RG-S-FM-QNTG01-RG-S,combo,0,0
FM-BRTT01-XN-XL-FM-QLTG01-XN-2XL,combo,0,0
FM-BRTT01-XN-XL-FM-QLTG01-XN-XL,combo,0,0
FM-BRTT01-XN-XL-FM-QLTG01-XN-L,combo,0,0
FM-BRTT01-XN-XL-FM-QLTG01-XN-M,combo,0,0
FM-BRTT01-XN-XL-FM-QLTG01-XN-S,combo,0,0
FM-BRTT01-XN-L-FM-QLTG01-XN-2XL,combo,0,0
FM-BRTT01-XN-L-FM-QLTG01-XN-XL,combo,0,0
FM-BRTT01-XN-L-FM-QLTG01-XN-L,combo,0,0
FM-BRTT01-XN-L-FM-QLTG01-XN-M,combo,0,0
FM-BRTT01-XN-L-FM-QLTG01-XN-S,combo,0,0
FM-BRTT01-XN-M-FM-QLTG01-XN-2XL,combo,0,0
FM-BRTT01-XN-M-FM-QLTG01-XN-XL,combo,0,0
FM-BRTT01-XN-M-FM-QLTG01-XN-L,combo,0,0
FM-BRTT01-XN-M-FM-QLTG01-XN-M,combo,0,0
FM-BRTT01-XN-M-FM-QLTG01-XN-S,combo,0,0
FM-BRTT01-XN-S-FM-QLTG01-XN-2XL,combo,0,0
FM-BRTT01-XN-S-FM-QLTG01-XN-XL,combo,0,0
FM-BRTT01-XN-S-FM-QLTG01-XN-L,combo,0,0
FM-BRTT01-XN-S-FM-QLTG01-XN-M,combo,0,0
FM-BRTT01-XN-S-FM-QLTG01-XN-S,combo,0,0
FM-QN1L04-ST-3XL,normal,0,0
FM-QN1L04-XN-3XL,normal,0,0
FM-QN1L04-TN-3XL,normal,0,0
FM-QN1L04-DE-3XL,normal,0,0
FM-ATSN01-SG-3XL,normal,0,0
FM-AOTD01-DE-3XL,normal,0,0
FM-AOTD01-KK-3XL,normal,12,0
FM-AOTD01-XN-3XL,normal,3,0
FM-AOTD01-SG-3XL,normal,0,0
FM-ABTD02-SG-3XL,normal,0,0
FM-ABTD02-ST-3XL,normal,17,0
FM-ABTD02-XN-3XL,normal,0,0
FM-ABTD02-DE-3XL,normal,3,0
FM-ATSN01-XN-3XL,normal,0,0
FM-ATSN01-DE-3XL,normal,0,0
ATSN01-SG-3XL,normal,0,0
FM-ABTN02-KK-3XL,normal,0,0
FM-ABTN02-XN-3XL,normal,0,0
FM-ABTN02-SG-3XL,normal,0,0
FM-JGNAM01-TN-3XL,normal,0,0
FM-JGNAM01-TN-XL,normal,0,0
FM-JGNAM01-TN-L,normal,0,0
FM-JGNAM01-TN-M,normal,0,0
FM-JGNAM01-TN-2XL,normal,0,0
FM-JGNAM01-XN-3XL,normal,0,0
FM-JGNAM01-XN-XL,normal,0,0
FM-JGNAM01-XN-L,normal,0,0
FM-JGNAM01-XN-M,normal,0,0
FM-JGNAM01-XN-2XL,normal,0,0
FM-JGNAM01-SG-3XL,normal,0,0
FM-JGNAM01-DE-3XL,normal,-1,0
FM-JGNAM01-SS-3XL,normal,0,0
FM-JGNAM01-ST-3XL,normal,0,0
FM-JGNAM01-ST-XL,normal,0,0
FM-JGNAM01-ST-L,normal,0,0
FM-JGNAM01-ST-M,normal,0,0
FM-JGNAM01-ST-2XL,normal,0,0
FM-QN1L03-TN-3XL,normal,0,0
FM-QN1L03-TN-XL,normal,23,0
FM-QN1L03-TN-L,normal,19,0
FM-QN1L03-TN-M,normal,0,0
FM-QN1L03-TN-2XL,normal,0,0
FM-QN1L03-SS-3XL,normal,0,0
FM-QN1L03-SG-3XL,normal,0,0
FM-QN1L03-DE-3XL,normal,0,0
FM-QN1L03-XN-3XL,normal,1,0
FM-QN1L03-XN-XL,normal,0,0
FM-QN1L03-XN-L,normal,0,0
FM-QN1L03-XN-M,normal,0,0
FM-QN1L03-XN-2XL,normal,0,0
FM-QN2L03-XN-3XL,normal,0,0
FM-QN2L03-XN-XL,normal,1,0
FM-QN2L03-XN-L,normal,1,0
FM-QN2L03-XN-M,normal,0,0
FM-QN2L03-XN-2XL,normal,0,0
FM-QN2L03-SS-3XL,normal,0,0
FM-QN2L03-SG-3XL,normal,0,0
FM-QN2L03-DE-3XL,normal,0,0
FM-QN2L03-TN-3XL,normal,0,0
FM-QN2L03-TN-XL,normal,0,0
FM-QN2L03-TN-L,normal,0,0
FM-QN2L03-TN-M,normal,0,0
FM-QN2L03-TN-2XL,normal,0,0
FM-AVB01-SS-3XL,normal,0,0
FM-AVB01-SG-3XL,normal,0,0
FM-AVB01-DE-3XL,normal,0,0
FM-AVB01-XN-3XL,normal,0,0
FM-AVB01-XN-XL,normal,0,0
FM-AVB01-XN-L,normal,0,0
FM-AVB01-XN-M,normal,0,0
FM-AVB01-XN-2XL,normal,0,0
FM-AVB01-KK-3XL,normal,0,0
FM-AVB01-KK-XL,normal,0,0
FM-AVB01-KK-L,normal,0,0
FM-AVB01-KK-M,normal,0,0
FM-AVB01-KK-2XL,normal,0,0
FM-AOTN01-SG-3XL,normal,0,0
FM-AOTN01-XN-3XL,normal,0,0
FM-AOTN01-KK-3XL,normal,0,0
FM-AOTN01-DE-3XL,normal,0,0
FM-AOTN01-ST-3XL,normal,0,0
FM-ATFM01-DE-XL-FM-JGDT-DE-2XL,combo,0,0
FM-ATFM01-DE-XL-FM-JGDT-DE-XL,combo,0,0
FM-ATFM01-DE-XL-FM-JGDT-DE-L,combo,0,0
FM-ATFM01-DE-XL-FM-JGDT-DE-M,combo,0,0
FM-ATFM01-DE-XL-FM-JGDT-DE-S,combo,0,0
FM-ATFM01-DE-L-FM-JGDT-DE-2XL,combo,0,0
FM-ATFM01-DE-L-FM-JGDT-DE-XL,combo,0,0
FM-ATFM01-DE-L-FM-JGDT-DE-L,combo,0,0
FM-ATFM01-DE-L-FM-JGDT-DE-M,combo,0,0
FM-ATFM01-DE-L-FM-JGDT-DE-S,combo,0,0
FM-ATFM01-DE-M-FM-JGDT-DE-2XL,combo,0,0
FM-ATFM01-DE-M-FM-JGDT-DE-XL,combo,0,0
FM-ATFM01-DE-M-FM-JGDT-DE-L,combo,0,0
FM-ATFM01-DE-M-FM-JGDT-DE-M,combo,0,0
FM-ATFM01-DE-M-FM-JGDT-DE-S,combo,0,0
FM-ATFM01-DE-S-FM-JGDT-DE-2XL,combo,0,0
FM-ATFM01-DE-S-FM-JGDT-DE-XL,combo,0,0
FM-ATFM01-DE-S-FM-JGDT-DE-L,combo,0,0
FM-ATFM01-DE-S-FM-JGDT-DE-M,combo,0,0
FM-ATFM01-DE-S-FM-JGDT-DE-S,combo,0,0
FM-BRZT01-DG-XL-FM-QDZT01-DG-2XL,combo,50,0
FM-BRZT01-DG-XL-FM-QDZT01-DG-XL,combo,47,0
FM-BRZT01-DG-XL-FM-QDZT01-DG-L,combo,3,0
FM-BRZT01-DG-XL-FM-QDZT01-DG-M,combo,4,0
FM-BRZT01-DG-XL-FM-QDZT01-DG-S,combo,26,0
FM-BRZT01-DG-L-FM-QDZT01-DG-2XL,combo,89,0
FM-BRZT01-DG-L-FM-QDZT01-DG-XL,combo,68,0
FM-BRZT01-DG-L-FM-QDZT01-DG-L,combo,3,0
FM-BRZT01-DG-L-FM-QDZT01-DG-M,combo,4,0
FM-BRZT01-DG-L-FM-QDZT01-DG-S,combo,26,0
FM-BRZT01-DG-M-FM-QDZT01-DG-2XL,combo,84,0
FM-BRZT01-DG-M-FM-QDZT01-DG-XL,combo,68,0
FM-BRZT01-DG-M-FM-QDZT01-DG-L,combo,2,0
FM-BRZT01-DG-M-FM-QDZT01-DG-M,combo,2,0
FM-BRZT01-DG-M-FM-QDZT01-DG-S,combo,26,0
FM-BRZT01-DG-S-FM-QDZT01-DG-2XL,combo,106,0
FM-BRZT01-DG-S-FM-QDZT01-DG-XL,combo,68,0
FM-BRZT01-DG-S-FM-QDZT01-DG-L,combo,3,0
FM-BRZT01-DG-S-FM-QDZT01-DG-M,combo,4,0
FM-BRZT01-DG-S-FM-QDZT01-DG-S,combo,26,0
FM-QNTG2S-XN-S,normal,0,0
FM-QNTG2S-XN-M,normal,0,0
FM-QNTG2S-XN-L,normal,0,0
FM-QNTG2S-XN-XL,normal,0,0
FM-BRTT01-XN-L,normal,0,0
FM-BRTT01-XN-M,normal,0,0
FM-BRTT01-XN-S,normal,0,0
FM-BRTT01-XN-XL,normal,0,0
FM-QNTG01-XN-XL,normal,0,0
FM-QNTG01-XN-S,normal,0,0
FM-QNTG01-XN-M,normal,0,0
FM-QNTG01-XN-L,normal,0,0
FM-QLTG01-XN-XL,normal,49,0
FM-QLTG01-XN-S,normal,0,0
FM-QLTG01-XN-M,normal,46,0
FM-QLTG01-XN-L,normal,0,0
FM-QLTG01-XN-2XL,normal,49,0
FM-BRSB01-RG-S,normal,4,0
FM-BRSB01-RG-M,normal,0,0
FM-BRSB01-RG-L,normal,0,0
FM-BRSB01-RG-XL,normal,8,0
FM-BRZT01-RG-S,normal,36,0
FM-BRZT01-RG-M,normal,31,0
FM-BRZT01-RG-L,normal,44,0
FM-BRZT01-RG-XL,normal,38,0
FM-BRTT01-RG-XL,normal,9,0
FM-BRTT01-RG-S,normal,0,0
FM-BRTT01-RG-M,normal,0,0
FM-BRTT01-RG-L,normal,0,0
FM-ABTN02-XN-XL,normal,0,0
FM-ABTN02-XN-M,normal,0,0
FM-ABTN02-XN-L,normal,0,0
FM-ABTN02-XN-2XL,normal,0,0
FM-ABTN02-KK-XL,normal,0,0
FM-ABTN02-KK-M,normal,0,0
FM-ABTN02-KK-L,normal,0,0
FM-ABTN02-KK-2XL,normal,0,0
FM-ABTN02-SG-XL,normal,0,0
FM-ABTN02-SG-M,normal,0,0
FM-ABTN02-SG-L,normal,0,0
FM-ABTN02-SG-2XL,normal,0,0
FM-ABTN02-DE-XL,normal,0,0
FM-ABTN02-DE-M,normal,0,0
FM-ABTN02-DE-L,normal,0,0
FM-ABTN02-DE-2XL,normal,0,0
FM-QDOL01-RG-S,normal,0,0
FM-QDOL01-RG-M,normal,127,0
FM-QDOL01-RG-L,normal,46,0
FM-QDOL01-RG-XL,normal,52,0
FM-BRRB01-RG-S,normal,0,0
FM-BRRB01-RG-M,normal,0,0
FM-BRRB01-RG-L,normal,0,0
FM-BRRB01-RG-XL,normal,0,0
FM-QDTT01-RG-S,normal,32,0
FM-QDTT01-RG-M,normal,7,0
FM-QDTT01-RG-L,normal,37,0
FM-QDTT01-RG-XL,normal,62,0
FM-ABTD02-SG-2XL,normal,9,0
FM-ABTD02-SG-XL,normal,3,0
FM-ABTD02-SG-L,normal,0,0
FM-ABTD02-SG-M,normal,0,0
FM-ABTD02-ST-2XL,normal,3,0
FM-ABTD02-ST-XL,normal,0,0
FM-ABTD02-ST-L,normal,2,0
FM-ABTD02-ST-M,normal,1,0
FM-ABTD02-XN-2XL,normal,0,0
FM-ABTD02-XN-XL,normal,0,0
FM-ABTD02-XN-L,normal,3,0
FM-ABTD02-XN-M,normal,0,0
FM-ABTD02-DE-2XL,normal,0,0
FM-ABTD02-DE-XL,normal,2,0
FM-ABTD02-DE-L,normal,0,0
FM-ABTD02-DE-M,normal,0,0
FM-AOTD01-SG-2XL,normal,0,0
FM-AOTD01-SG-XL,normal,0,0
FM-AOTD01-SG-L,normal,0,0
FM-AOTD01-SG-M,normal,0,0
FM-AOTD01-KK-2XL,normal,6,0
FM-AOTD01-KK-XL,normal,2,0
FM-AOTD01-KK-L,normal,0,0
FM-AOTD01-KK-M,normal,0,0
FM-AOTD01-XN-2XL,normal,3,0
FM-AOTD01-XN-XL,normal,0,0
FM-AOTD01-XN-L,normal,0,0
FM-AOTD01-XN-M,normal,0,0
FM-AOTD01-DE-2XL,normal,0,0
FM-AOTD01-DE-XL,normal,0,0
FM-AOTD01-DE-L,normal,0,0
FM-AOTD01-DE-M,normal,0,0
FM-AOTN01-SG-2XL,normal,0,0
FM-AOTN01-SG-XL,normal,0,0
FM-AOTN01-SG-L,normal,0,0
FM-AOTN01-SG-M,normal,2,0
FM-AOTN01-ST-2XL,normal,0,0
FM-AOTN01-ST-XL,normal,0,0
FM-AOTN01-ST-L,normal,0,0
FM-AOTN01-ST-M,normal,0,0
FM-AOTN01-KK-2XL,normal,0,0
FM-AOTN01-KK-XL,normal,0,0
FM-AOTN01-KK-L,normal,0,0
FM-AOTN01-KK-M,normal,0,0
FM-AOTN01-XN-2XL,normal,0,0
FM-AOTN01-XN-XL,normal,0,0
FM-AOTN01-XN-L,normal,0,0
FM-AOTN01-XN-M,normal,0,0
FM-AOTN01-DE-2XL,normal,0,0
FM-AOTN01-DE-XL,normal,0,0
FM-AOTN01-DE-L,normal,2,0
FM-AOTN01-DE-M,normal,0,0
FM-QN1L04-ST-2XL,normal,46,0
FM-QN1L04-ST-XL,normal,232,0
FM-QN1L04-ST-L,normal,214,0
FM-QN1L04-ST-M,normal,39,0
FM-QN1L04-TN-2XL,normal,0,0
FM-QN1L04-TN-XL,normal,58,0
FM-QN1L04-TN-L,normal,49,0
FM-QN1L04-TN-M,normal,9,0
FM-QN1L04-XN-2XL,normal,0,0
FM-QN1L04-XN-XL,normal,22,0
FM-QN1L04-XN-L,normal,22,0
FM-QN1L04-XN-M,normal,0,0
FM-QN1L04-DE-2XL,normal,0,0
FM-QN1L04-DE-XL,normal,124,0
FM-QN1L04-DE-L,normal,97,0
FM-QN1L04-DE-M,normal,0,0
FM-ATSN01-SG-2XL,normal,0,0
FM-ATSN01-SG-XL,normal,0,0
FM-ATSN01-SG-L,normal,0,0
FM-ATSN01-SG-M,normal,0,0
FM-ATSN01-XN-2XL,normal,0,0
FM-ATSN01-XN-XL,normal,0,0
FM-ATSN01-XN-L,normal,0,0
FM-ATSN01-XN-M,normal,0,0
FM-ATSN01-DE-2XL,normal,11,0
FM-ATSN01-DE-XL,normal,0,0
FM-ATSN01-DE-L,normal,0,0
FM-ATSN01-DE-M,normal,-1,0
FM-ATDT01-CR-XL-FM-QDPK01-DE-XL,combo,0,0
FM-ATDT01-CR-XL-FM-QDPK01-DE-L,combo,0,0
FM-ATDT01-CR-XL-FM-QDPK01-DE-M,combo,0,0
FM-ATDT01-CR-XL-FM-QDPK01-DE-S,combo,0,0
FM-ATDT01-CR-L-FM-QDPK01-DE-XL,combo,0,0
FM-ATDT01-CR-L-FM-QDPK01-DE-L,combo,0,0
FM-ATDT01-CR-L-FM-QDPK01-DE-M,combo,0,0
FM-ATDT01-CR-L-FM-QDPK01-DE-S,combo,0,0
FM-ATDT01-CR-M-FM-QDPK01-DE-XL,combo,0,0
FM-ATDT01-CR-M-FM-QDPK01-DE-L,combo,0,0
FM-ATDT01-CR-M-FM-QDPK01-DE-M,combo,0,0
FM-ATDT01-CR-M-FM-QDPK01-DE-S,combo,0,0
FM-ATDT01-CR-S-FM-QDPK01-DE-XL,combo,0,0
FM-ATDT01-CR-S-FM-QDPK01-DE-L,combo,0,0
FM-ATDT01-CR-S-FM-QDPK01-DE-M,combo,0,0
FM-ATDT01-CR-S-FM-QDPK01-DE-S,combo,0,0
FM-ATSM01-HD-XL-FM-QDTT01-DE-XL,combo,0,0
FM-ATSM01-HD-XL-FM-QDTT01-DE-L,combo,0,0
FM-ATSM01-HD-XL-FM-QDTT01-DE-M,combo,0,0
FM-ATSM01-HD-XL-FM-QDTT01-DE-S,combo,0,0
FM-ATSM01-HD-L-FM-QDTT01-DE-XL,combo,0,0
FM-ATSM01-HD-L-FM-QDTT01-DE-L,combo,0,0
FM-ATSM01-HD-L-FM-QDTT01-DE-M,combo,0,0
FM-ATSM01-HD-L-FM-QDTT01-DE-S,combo,0,0
FM-ATSM01-HD-M-FM-QDTT01-DE-XL,combo,0,0
FM-ATSM01-HD-M-FM-QDTT01-DE-L,combo,0,0
FM-ATSM01-HD-M-FM-QDTT01-DE-M,combo,0,0
FM-ATSM01-HD-M-FM-QDTT01-DE-S,combo,0,0
FM-ATSM01-HD-S-FM-QDTT01-DE-XL,combo,0,0
FM-ATSM01-HD-S-FM-QDTT01-DE-L,combo,0,0
FM-ATSM01-HD-S-FM-QDTT01-DE-M,combo,0,0
FM-ATSM01-HD-S-FM-QDTT01-DE-S,combo,0,0
FM-AVB01-DE-2XL-FM-QN1L03-DE-2XL,combo,0,0
FM-AVB01-DE-2XL-FM-QN1L03-DE-XL,combo,0,0
FM-AVB01-DE-2XL-FM-QN1L03-DE-L,combo,0,0
FM-AVB01-DE-2XL-FM-QN1L03-DE-M,combo,0,0
FM-AVB01-DE-XL-FM-QN1L03-DE-2XL,combo,0,0
FM-AVB01-DE-XL-FM-QN1L03-DE-XL,combo,0,0
FM-AVB01-DE-XL-FM-QN1L03-DE-L,combo,0,0
FM-AVB01-DE-XL-FM-QN1L03-DE-M,combo,0,0
FM-AVB01-DE-L-FM-QN1L03-DE-2XL,combo,0,0
FM-AVB01-DE-L-FM-QN1L03-DE-XL,combo,0,0
FM-AVB01-DE-L-FM-QN1L03-DE-L,combo,0,0
FM-AVB01-DE-L-FM-QN1L03-DE-M,combo,0,0
FM-AVB01-DE-M-FM-QN1L03-DE-2XL,combo,0,0
FM-AVB01-DE-M-FM-QN1L03-DE-XL,combo,0,0
FM-AVB01-DE-M-FM-QN1L03-DE-L,combo,0,0
FM-AVB01-DE-M-FM-QN1L03-DE-M,combo,0,0
FM-AVB01-SG-2XL-FM-QN1L03-SG-2XL,combo,0,0
FM-AVB01-SG-2XL-FM-QN1L03-SG-XL,combo,0,0
FM-AVB01-SG-2XL-FM-QN1L03-SG-L,combo,0,0
FM-AVB01-SG-2XL-FM-QN1L03-SG-M,combo,0,0
FM-AVB01-SG-XL-FM-QN1L03-SG-2XL,combo,0,0
FM-AVB01-SG-XL-FM-QN1L03-SG-XL,combo,0,0
FM-AVB01-SG-XL-FM-QN1L03-SG-L,combo,0,0
FM-AVB01-SG-XL-FM-QN1L03-SG-M,combo,0,0
FM-AVB01-SG-L-FM-QN1L03-SG-2XL,combo,0,0
FM-AVB01-SG-L-FM-QN1L03-SG-XL,combo,0,0
FM-AVB01-SG-L-FM-QN1L03-SG-L,combo,0,0
FM-AVB01-SG-L-FM-QN1L03-SG-M,combo,0,0
FM-AVB01-SG-M-FM-QN1L03-SG-2XL,combo,0,0
FM-AVB01-SG-M-FM-QN1L03-SG-XL,combo,0,0
FM-AVB01-SG-M-FM-QN1L03-SG-L,combo,0,0
FM-AVB01-SG-M-FM-QN1L03-SG-M,combo,0,0
FM-AVB01-SS-2XL-FM-QN1L03-SS-2XL,combo,0,0
FM-AVB01-SS-2XL-FM-QN1L03-SS-XL,combo,0,0
FM-AVB01-SS-2XL-FM-QN1L03-SS-L,combo,0,0
FM-AVB01-SS-2XL-FM-QN1L03-SS-M,combo,0,0
FM-AVB01-SS-XL-FM-QN1L03-SS-2XL,combo,0,0
FM-AVB01-SS-XL-FM-QN1L03-SS-XL,combo,0,0
FM-AVB01-SS-XL-FM-QN1L03-SS-L,combo,0,0
FM-AVB01-SS-XL-FM-QN1L03-SS-M,combo,0,0
FM-AVB01-SS-L-FM-QN1L03-SS-2XL,combo,0,0
FM-AVB01-SS-L-FM-QN1L03-SS-XL,combo,0,0
FM-AVB01-SS-L-FM-QN1L03-SS-L,combo,0,0
FM-AVB01-SS-L-FM-QN1L03-SS-M,combo,0,0
FM-AVB01-SS-M-FM-QN1L03-SS-2XL,combo,0,0
FM-AVB01-SS-M-FM-QN1L03-SS-XL,combo,0,0
FM-AVB01-SS-M-FM-QN1L03-SS-L,combo,0,0
FM-AVB01-SS-M-FM-QN1L03-SS-M,combo,0,0
FM-BRSB01-LG-XL-FM-QDOL01-DG-XL,combo,0,0
FM-BRSB01-LG-XL-FM-QDOL01-DG-L,combo,0,0
FM-BRSB01-LG-XL-FM-QDOL01-DG-M,combo,0,0
FM-BRSB01-LG-XL-FM-QDOL01-DG-S,combo,0,0
FM-BRSB01-LG-L-FM-QDOL01-DG-XL,combo,0,0
FM-BRSB01-LG-L-FM-QDOL01-DG-L,combo,0,0
FM-BRSB01-LG-L-FM-QDOL01-DG-M,combo,0,0
FM-BRSB01-LG-L-FM-QDOL01-DG-S,combo,0,0
FM-BRSB01-LG-M-FM-QDOL01-DG-XL,combo,0,0
FM-BRSB01-LG-M-FM-QDOL01-DG-L,combo,0,0
FM-BRSB01-LG-M-FM-QDOL01-DG-M,combo,0,0
FM-BRSB01-LG-M-FM-QDOL01-DG-S,combo,0,0
FM-BRSB01-LG-S-FM-QDOL01-DG-XL,combo,0,0
FM-BRSB01-LG-S-FM-QDOL01-DG-L,combo,0,0
FM-BRSB01-LG-S-FM-QDOL01-DG-M,combo,0,0
FM-BRSB01-LG-S-FM-QDOL01-DG-S,combo,0,0
FM-BRRB01-LG-XL-FM-QDPK01-DG-XL,combo,0,0
FM-BRRB01-LG-XL-FM-QDPK01-DG-L,combo,0,0
FM-BRRB01-LG-XL-FM-QDPK01-DG-M,combo,0,0
FM-BRRB01-LG-XL-FM-QDPK01-DG-S,combo,0,0
FM-BRRB01-LG-L-FM-QDPK01-DG-XL,combo,15,0
FM-BRRB01-LG-L-FM-QDPK01-DG-L,combo,15,0
FM-BRRB01-LG-L-FM-QDPK01-DG-M,combo,0,0
FM-BRRB01-LG-L-FM-QDPK01-DG-S,combo,15,0
FM-BRRB01-LG-M-FM-QDPK01-DG-XL,combo,0,0
FM-BRRB01-LG-M-FM-QDPK01-DG-L,combo,0,0
FM-BRRB01-LG-M-FM-QDPK01-DG-M,combo,0,0
FM-BRRB01-LG-M-FM-QDPK01-DG-S,combo,0,0
FM-BRRB01-LG-S-FM-QDPK01-DG-XL,combo,-1,0
FM-BRRB01-LG-S-FM-QDPK01-DG-L,combo,-1,0
FM-BRRB01-LG-S-FM-QDPK01-DG-M,combo,-1,0
FM-BRRB01-LG-S-FM-QDPK01-DG-S,combo,-1,0
FM-AKCV01-XX-XL-FM-QDOL01-DE-XL,combo,92,0
FM-AKCV01-XX-XL-FM-QDOL01-DE-L,combo,92,0
FM-AKCV01-XX-XL-FM-QDOL01-DE-M,combo,92,0
FM-AKCV01-XX-XL-FM-QDOL01-DE-S,combo,92,0
FM-AKCV01-XX-L-FM-QDOL01-DE-XL,combo,28,0
FM-AKCV01-XX-L-FM-QDOL01-DE-L,combo,28,0
FM-AKCV01-XX-L-FM-QDOL01-DE-M,combo,28,0
FM-AKCV01-XX-L-FM-QDOL01-DE-S,combo,28,0
FM-AKCV01-XX-M-FM-QDOL01-DE-XL,combo,8,0
FM-AKCV01-XX-M-FM-QDOL01-DE-L,combo,8,0
FM-AKCV01-XX-M-FM-QDOL01-DE-M,combo,8,0
FM-AKCV01-XX-M-FM-QDOL01-DE-S,combo,8,0
FM-AKCV01-XX-S-FM-QDOL01-DE-XL,combo,55,0
FM-AKCV01-XX-S-FM-QDOL01-DE-L,combo,55,0
FM-AKCV01-XX-S-FM-QDOL01-DE-M,combo,55,0
FM-AKCV01-XX-S-FM-QDOL01-DE-S,combo,55,0
FM-BRSB01-MB-XL-FM-QDTT01-MB-XL,combo,11,0
FM-BRSB01-MB-XL-FM-QDTT01-MB-L,combo,0,0
FM-BRSB01-MB-XL-FM-QDTT01-MB-M,combo,0,0
FM-BRSB01-MB-XL-FM-QDTT01-MB-S,combo,0,0
FM-BRSB01-MB-L-FM-QDTT01-MB-XL,combo,0,0
FM-BRSB01-MB-L-FM-QDTT01-MB-L,combo,0,0
FM-BRSB01-MB-L-FM-QDTT01-MB-M,combo,0,0
FM-BRSB01-MB-L-FM-QDTT01-MB-S,combo,0,0
FM-BRSB01-MB-M-FM-QDTT01-MB-XL,combo,0,0
FM-BRSB01-MB-M-FM-QDTT01-MB-L,combo,0,0
FM-BRSB01-MB-M-FM-QDTT01-MB-M,combo,0,0
FM-BRSB01-MB-M-FM-QDTT01-MB-S,combo,0,0
FM-BRSB01-MB-S-FM-QDTT01-MB-XL,combo,11,0
FM-BRSB01-MB-S-FM-QDTT01-MB-L,combo,0,0
FM-BRSB01-MB-S-FM-QDTT01-MB-M,combo,0,0
FM-BRSB01-MB-S-FM-QDTT01-MB-S,combo,0,0
FM-AVBNU-TR-XL-FM-QDTT01-DE-XL,combo,0,0
FM-AVBNU-TR-XL-FM-QDTT01-DE-L,combo,0,0
FM-AVBNU-TR-XL-FM-QDTT01-DE-M,combo,0,0
FM-AVBNU-TR-XL-FM-QDTT01-DE-S,combo,0,0
FM-AVBNU-TR-L-FM-QDTT01-DE-XL,combo,0,0
FM-AVBNU-TR-L-FM-QDTT01-DE-L,combo,0,0
FM-AVBNU-TR-L-FM-QDTT01-DE-M,combo,0,0
FM-AVBNU-TR-L-FM-QDTT01-DE-S,combo,0,0
FM-AVBNU-TR-M-FM-QDTT01-DE-XL,combo,0,0
FM-AVBNU-TR-M-FM-QDTT01-DE-L,combo,0,0
FM-AVBNU-TR-M-FM-QDTT01-DE-M,combo,0,0
FM-AVBNU-TR-M-FM-QDTT01-DE-S,combo,0,0
FM-AVBNU-TR-S-FM-QDTT01-DE-XL,combo,0,0
FM-AVBNU-TR-S-FM-QDTT01-DE-L,combo,0,0
FM-AVBNU-TR-S-FM-QDTT01-DE-M,combo,0,0
FM-AVBNU-TR-S-FM-QDTT01-DE-S,combo,0,0
FM-BRSB01-MB-XL-FM-QDPK01-MB-XL,combo,0,0
FM-BRSB01-MB-XL-FM-QDPK01-MB-L,combo,0,0
FM-BRSB01-MB-XL-FM-QDPK01-MB-M,combo,0,0
FM-BRSB01-MB-XL-FM-QDPK01-MB-S,combo,0,0
FM-BRSB01-MB-L-FM-QDPK01-MB-XL,combo,0,0
FM-BRSB01-MB-L-FM-QDPK01-MB-L,combo,0,0
FM-BRSB01-MB-L-FM-QDPK01-MB-M,combo,0,0
FM-BRSB01-MB-L-FM-QDPK01-MB-S,combo,0,0
FM-BRSB01-MB-M-FM-QDPK01-MB-XL,combo,0,0
FM-BRSB01-MB-M-FM-QDPK01-MB-L,combo,0,0
FM-BRSB01-MB-M-FM-QDPK01-MB-M,combo,0,0
FM-BRSB01-MB-M-FM-QDPK01-MB-S,combo,0,0
FM-BRSB01-MB-S-FM-QDPK01-MB-XL,combo,0,0
FM-BRSB01-MB-S-FM-QDPK01-MB-L,combo,0,0
FM-BRSB01-MB-S-FM-QDPK01-MB-M,combo,0,0
FM-BRSB01-MB-S-FM-QDPK01-MB-S,combo,0,0
FM-BRSB01-LG-XL-FM-QDPK01-LG-XL,combo,56,0
FM-BRSB01-LG-XL-FM-QDPK01-LG-L,combo,56,0
FM-BRSB01-LG-XL-FM-QDPK01-LG-M,combo,56,0
FM-BRSB01-LG-XL-FM-QDPK01-LG-S,combo,27,0
FM-BRSB01-LG-L-FM-QDPK01-LG-XL,combo,73,0
FM-BRSB01-LG-L-FM-QDPK01-LG-L,combo,73,0
FM-BRSB01-LG-L-FM-QDPK01-LG-M,combo,68,0
FM-BRSB01-LG-L-FM-QDPK01-LG-S,combo,27,0
FM-BRSB01-LG-M-FM-QDPK01-LG-XL,combo,0,0
FM-BRSB01-LG-M-FM-QDPK01-LG-L,combo,0,0
FM-BRSB01-LG-M-FM-QDPK01-LG-M,combo,0,0
FM-BRSB01-LG-M-FM-QDPK01-LG-S,combo,0,0
FM-BRSB01-LG-S-FM-QDPK01-LG-XL,combo,2,0
FM-BRSB01-LG-S-FM-QDPK01-LG-L,combo,2,0
FM-BRSB01-LG-S-FM-QDPK01-LG-M,combo,2,0
FM-BRSB01-LG-S-FM-QDPK01-LG-S,combo,2,0
FM-BRSB01-DG-XL-FM-QDPK01-DG-XL,combo,84,0
FM-BRSB01-DG-XL-FM-QDPK01-DG-L,combo,84,0
FM-BRSB01-DG-XL-FM-QDPK01-DG-M,combo,0,0
FM-BRSB01-DG-XL-FM-QDPK01-DG-S,combo,38,0
FM-BRSB01-DG-L-FM-QDPK01-DG-XL,combo,31,0
FM-BRSB01-DG-L-FM-QDPK01-DG-L,combo,31,0
FM-BRSB01-DG-L-FM-QDPK01-DG-M,combo,0,0
FM-BRSB01-DG-L-FM-QDPK01-DG-S,combo,31,0
FM-BRSB01-DG-M-FM-QDPK01-DG-XL,combo,34,0
FM-BRSB01-DG-M-FM-QDPK01-DG-L,combo,34,0
FM-BRSB01-DG-M-FM-QDPK01-DG-M,combo,0,0
FM-BRSB01-DG-M-FM-QDPK01-DG-S,combo,34,0
FM-BRSB01-DG-S-FM-QDPK01-DG-XL,combo,29,0
FM-BRSB01-DG-S-FM-QDPK01-DG-L,combo,29,0
FM-BRSB01-DG-S-FM-QDPK01-DG-M,combo,0,0
FM-BRSB01-DG-S-FM-QDPK01-DG-S,combo,29,0
FM-BRSB01-DE-XL-FM-QDPK01-DE-XL,combo,0,0
FM-BRSB01-DE-XL-FM-QDPK01-DE-L,combo,0,0
FM-BRSB01-DE-XL-FM-QDPK01-DE-M,combo,0,0
FM-BRSB01-DE-XL-FM-QDPK01-DE-S,combo,9,0
FM-BRSB01-DE-L-FM-QDPK01-DE-XL,combo,0,0
FM-BRSB01-DE-L-FM-QDPK01-DE-L,combo,0,0
FM-BRSB01-DE-L-FM-QDPK01-DE-M,combo,0,0
FM-BRSB01-DE-L-FM-QDPK01-DE-S,combo,9,0
FM-BRSB01-DE-M-FM-QDPK01-DE-XL,combo,0,0
FM-BRSB01-DE-M-FM-QDPK01-DE-L,combo,0,0
FM-BRSB01-DE-M-FM-QDPK01-DE-M,combo,0,0
FM-BRSB01-DE-M-FM-QDPK01-DE-S,combo,9,0
FM-BRSB01-DE-S-FM-QDPK01-DE-XL,combo,0,0
FM-BRSB01-DE-S-FM-QDPK01-DE-L,combo,0,0
FM-BRSB01-DE-S-FM-QDPK01-DE-M,combo,0,0
FM-BRSB01-DE-S-FM-QDPK01-DE-S,combo,0,0
FM-BRRB01-MB-XL-FM-QDOL01-MB-XL,combo,0,0
FM-BRRB01-MB-XL-FM-QDOL01-MB-L,combo,0,0
FM-BRRB01-MB-XL-FM-QDOL01-MB-M,combo,0,0
FM-BRRB01-MB-XL-FM-QDOL01-MB-S,combo,0,0
FM-BRRB01-MB-L-FM-QDOL01-MB-XL,combo,0,0
FM-BRRB01-MB-L-FM-QDOL01-MB-L,combo,0,0
FM-BRRB01-MB-L-FM-QDOL01-MB-M,combo,0,0
FM-BRRB01-MB-L-FM-QDOL01-MB-S,combo,0,0
FM-BRRB01-MB-M-FM-QDOL01-MB-XL,combo,2,0
FM-BRRB01-MB-M-FM-QDOL01-MB-L,combo,3,0
FM-BRRB01-MB-M-FM-QDOL01-MB-M,combo,0,0
FM-BRRB01-MB-M-FM-QDOL01-MB-S,combo,0,0
FM-BRRB01-MB-S-FM-QDOL01-MB-XL,combo,2,0
FM-BRRB01-MB-S-FM-QDOL01-MB-L,combo,3,0
FM-BRRB01-MB-S-FM-QDOL01-MB-M,combo,0,0
FM-BRRB01-MB-S-FM-QDOL01-MB-S,combo,0,0
FM-BRRB01-LG-XL-FM-QDOL01-LG-XL,combo,0,0
FM-BRRB01-LG-XL-FM-QDOL01-LG-L,combo,-1,0
FM-BRRB01-LG-XL-FM-QDOL01-LG-M,combo,0,0
FM-BRRB01-LG-XL-FM-QDOL01-LG-S,combo,0,0
FM-BRRB01-LG-L-FM-QDOL01-LG-XL,combo,15,0
FM-BRRB01-LG-L-FM-QDOL01-LG-L,combo,-1,0
FM-BRRB01-LG-L-FM-QDOL01-LG-M,combo,0,0
FM-BRRB01-LG-L-FM-QDOL01-LG-S,combo,0,0
FM-BRRB01-LG-M-FM-QDOL01-LG-XL,combo,0,0
FM-BRRB01-LG-M-FM-QDOL01-LG-L,combo,-1,0
FM-BRRB01-LG-M-FM-QDOL01-LG-M,combo,0,0
FM-BRRB01-LG-M-FM-QDOL01-LG-S,combo,0,0
FM-BRRB01-LG-S-FM-QDOL01-LG-XL,combo,-1,0
FM-BRRB01-LG-S-FM-QDOL01-LG-L,combo,-1,0
FM-BRRB01-LG-S-FM-QDOL01-LG-M,combo,-1,0
FM-BRRB01-LG-S-FM-QDOL01-LG-S,combo,-1,0
FM-BRRB01-DE-XL-FM-QDOL01-DE-XL,combo,0,0
FM-BRRB01-DE-XL-FM-QDOL01-DE-L,combo,0,0
FM-BRRB01-DE-XL-FM-QDOL01-DE-M,combo,0,0
FM-BRRB01-DE-XL-FM-QDOL01-DE-S,combo,0,0
FM-BRRB01-DE-L-FM-QDOL01-DE-XL,combo,19,0
FM-BRRB01-DE-L-FM-QDOL01-DE-L,combo,19,0
FM-BRRB01-DE-L-FM-QDOL01-DE-M,combo,19,0
FM-BRRB01-DE-L-FM-QDOL01-DE-S,combo,19,0
FM-BRRB01-DE-M-FM-QDOL01-DE-XL,combo,47,0
FM-BRRB01-DE-M-FM-QDOL01-DE-L,combo,47,0
FM-BRRB01-DE-M-FM-QDOL01-DE-M,combo,47,0
FM-BRRB01-DE-M-FM-QDOL01-DE-S,combo,47,0
FM-BRRB01-DE-S-FM-QDOL01-DE-XL,combo,0,0
FM-BRRB01-DE-S-FM-QDOL01-DE-L,combo,0,0
FM-BRRB01-DE-S-FM-QDOL01-DE-M,combo,0,0
FM-BRRB01-DE-S-FM-QDOL01-DE-S,combo,0,0
FM-BRRB01-DG-XL-FM-QDOL01-DG-XL,combo,0,0
FM-BRRB01-DG-XL-FM-QDOL01-DG-L,combo,0,0
FM-BRRB01-DG-XL-FM-QDOL01-DG-M,combo,0,0
FM-BRRB01-DG-XL-FM-QDOL01-DG-S,combo,0,0
FM-BRRB01-DG-L-FM-QDOL01-DG-XL,combo,0,0
FM-BRRB01-DG-L-FM-QDOL01-DG-L,combo,0,0
FM-BRRB01-DG-L-FM-QDOL01-DG-M,combo,0,0
FM-BRRB01-DG-L-FM-QDOL01-DG-S,combo,0,0
FM-BRRB01-DG-M-FM-QDOL01-DG-XL,combo,0,0
FM-BRRB01-DG-M-FM-QDOL01-DG-L,combo,0,0
FM-BRRB01-DG-M-FM-QDOL01-DG-M,combo,0,0
FM-BRRB01-DG-M-FM-QDOL01-DG-S,combo,0,0
FM-BRRB01-DG-S-FM-QDOL01-DG-XL,combo,0,0
FM-BRRB01-DG-S-FM-QDOL01-DG-L,combo,0,0
FM-BRRB01-DG-S-FM-QDOL01-DG-M,combo,0,0
FM-BRRB01-DG-S-FM-QDOL01-DG-S,combo,0,0
FM-HDNM01-DE-3-FM-JGOB01-DE-4,combo,0,0
FM-HDNM01-DE-3-FM-JGOB01-DE-3,combo,0,0
FM-HDNM01-DE-3-FM-JGOB01-DE-2,combo,0,0
FM-HDNM01-DE-3-FM-JGOB01-DE-1,combo,0,0
FM-HDNM01-DE-2-FM-JGOB01-DE-4,combo,0,0
FM-HDNM01-DE-2-FM-JGOB01-DE-3,combo,0,0
FM-HDNM01-DE-2-FM-JGOB01-DE-2,combo,0,0
FM-HDNM01-DE-2-FM-JGOB01-DE-1,combo,0,0
FM-HDNM01-DE-1-FM-JGOB01-DE-4,combo,0,0
FM-HDNM01-DE-1-FM-JGOB01-DE-3,combo,0,0
FM-HDNM01-DE-1-FM-JGOB01-DE-2,combo,0,0
FM-HDNM01-DE-1-FM-JGOB01-DE-1,combo,0,0
FM-ATSM01-DE-XL-FM-QDJG01-DE-2XL,combo,105,0
FM-ATSM01-DE-L-FM-QDJG01-DE-2XL,combo,105,0
FM-ATSM01-DE-M-FM-QDJG01-DE-2XL,combo,105,0
FM-ATSM01-DE-S-FM-QDJG01-DE-2XL,combo,105,0
FM-ATSM01-DE-2XL-FM-QDJG01-DE-2XL,combo,0,0
FM-ATSM01-DE-2XL-FM-QDJG01-DE-XL,combo,0,0
FM-ATSM01-DE-2XL-FM-QDJG01-DE-L,combo,0,0
FM-ATSM01-DE-2XL-FM-QDJG01-DE-M,combo,0,0
FM-ATSM01-DE-2XL-FM-QDJG01-DE-S,combo,0,0
FM-ACRT01-IV-XL-FM-QLCV01-SA-2XL,combo,0,0
FM-ACRT01-IV-XL-FM-QLCV01-SA-XL,combo,0,0
FM-ACRT01-IV-XL-FM-QLCV01-SA-L,combo,0,0
FM-ACRT01-IV-XL-FM-QLCV01-SA-M,combo,0,0
FM-ACRT01-IV-XL-FM-QLCV01-SA-S,combo,0,0
FM-ACRT01-IV-L-FM-QLCV01-SA-2XL,combo,0,0
FM-ACRT01-IV-L-FM-QLCV01-SA-XL,combo,0,0
FM-ACRT01-IV-L-FM-QLCV01-SA-L,combo,0,0
FM-ACRT01-IV-L-FM-QLCV01-SA-M,combo,0,0
FM-ACRT01-IV-L-FM-QLCV01-SA-S,combo,0,0
FM-ACRT01-IV-M-FM-QLCV01-SA-2XL,combo,0,0
FM-ACRT01-IV-M-FM-QLCV01-SA-XL,combo,0,0
FM-ACRT01-IV-M-FM-QLCV01-SA-L,combo,0,0
FM-ACRT01-IV-M-FM-QLCV01-SA-M,combo,0,0
FM-ACRT01-IV-M-FM-QLCV01-SA-S,combo,0,0
FM-ACRT01-IV-S-FM-QLCV01-SA-2XL,combo,0,0
FM-ACRT01-IV-S-FM-QLCV01-SA-XL,combo,0,0
FM-ACRT01-IV-S-FM-QLCV01-SA-L,combo,0,0
FM-ACRT01-IV-S-FM-QLCV01-SA-M,combo,0,0
FM-ACRT01-IV-S-FM-QLCV01-SA-S,combo,0,0
KHYG01,normal,0,0
FM-ATNRL-TD-2XL-FM-JGDT-DE-2XL,combo,0,0
FM-ATNRL-TD-2XL-FM-JGDT-DE-XL,combo,0,0
FM-ATNRL-TD-2XL-FM-JGDT-DE-L,combo,0,0
FM-ATNRL-TD-2XL-FM-JGDT-DE-M,combo,0,0
FM-ATNRL-TD-2XL-FM-JGDT-DE-S,combo,0,0
FM-ATNRL-TD-XL-FM-JGDT-DE-2XL,combo,-2,0
FM-ATNRL-TD-XL-FM-JGDT-DE-XL,combo,-1,0
FM-ATNRL-TD-XL-FM-JGDT-DE-L,combo,-2,0
FM-ATNRL-TD-XL-FM-JGDT-DE-M,combo,-2,0
FM-ATNRL-TD-XL-FM-JGDT-DE-S,combo,-2,0
FM-ATNRL-TD-L-FM-JGDT-DE-XL,combo,0,0
FM-ATNRL-TD-L-FM-JGDT-DE-L,combo,-1,0
FM-ATNRL-TD-L-FM-JGDT-DE-M,combo,-1,0
FM-ATNRL-TD-L-FM-JGDT-DE-S,combo,-1,0
FM-ATNRL-TD-M-FM-JGDT-DE-2XL,combo,-1,0
FM-ATNRL-TD-M-FM-JGDT-DE-XL,combo,1,0
FM-ATNRL-TD-M-FM-JGDT-DE-L,combo,-1,0
FM-ATNRL-TD-M-FM-JGDT-DE-M,combo,-1,0
FM-ATNRL-TD-M-FM-JGDT-DE-S,combo,-1,0
FM-ATNRL-TD-S-FM-JGDT-DE-2XL,combo,0,0
FM-ATNRL-TD-S-FM-JGDT-DE-XL,combo,1,0
FM-ATNRL-TD-S-FM-JGDT-DE-L,combo,0,0
FM-ATNRL-TD-S-FM-JGDT-DE-M,combo,0,0
FM-ATNRL-TD-S-FM-JGDT-DE-S,combo,0,0
FM-QDOL01-MB-S,normal,0,0
FM-QDOL01-MB-M,normal,0,0
FM-QDOL01-MB-L,normal,3,0
FM-QDOL01-MB-XL,normal,2,0
FM-QDOL01-DE-S,normal,313,0
FM-QDOL01-DE-M,normal,1097,0
FM-QDOL01-DE-L,normal,640,0
FM-QDOL01-DE-XL,normal,425,0
FM-QDOL01-DG-S,normal,0,0
FM-QDOL01-DG-M,normal,0,0
FM-QDOL01-DG-L,normal,6,0
FM-QDOL01-DG-XL,normal,7,0
FM-QDOL01-LG-S,normal,1,0
FM-QDOL01-LG-M,normal,0,0
FM-QDOL01-LG-L,normal,1,0
FM-QDOL01-LG-XL,normal,57,0
FM-QDPK01-MB-S,normal,0,0
FM-QDPK01-MB-M,normal,0,0
FM-QDPK01-MB-L,normal,0,0
FM-QDPK01-MB-XL,normal,0,0
FM-QDPK01-DE-S,normal,9,0
FM-QDPK01-DE-M,normal,0,0
FM-QDPK01-DE-L,normal,0,0
FM-QDPK01-DE-XL,normal,0,0
FM-QDPK01-DG-S,normal,38,0
FM-QDPK01-DG-M,normal,0,0
FM-QDPK01-DG-L,normal,90,0
FM-QDPK01-DG-XL,normal,89,0
FM-QDPK01-LG-S,normal,27,0
FM-QDPK01-LG-M,normal,68,0
FM-QDPK01-LG-L,normal,128,0
FM-QDPK01-LG-XL,normal,89,0
FM-QDTT01-MB-S,normal,0,0
FM-QDTT01-MB-M,normal,0,0
FM-QDTT01-MB-L,normal,0,0
FM-QDTT01-MB-XL,normal,11,0
FM-QDTT01-DE-S,normal,0,0
FM-QDTT01-DE-M,normal,0,0
FM-QDTT01-DE-L,normal,0,0
FM-QDTT01-DE-XL,normal,0,0
FM-QDTT01-DG-S,normal,13,0
FM-QDTT01-DG-M,normal,0,0
FM-QDTT01-DG-L,normal,23,0
FM-QDTT01-DG-XL,normal,81,0
FM-BRRB01-MB-S,normal,39,0
FM-BRRB01-MB-M,normal,24,0
FM-BRRB01-MB-L,normal,0,0
FM-BRRB01-MB-XL,normal,0,0
FM-BRRB01-DE-S,normal,0,0
FM-BRRB01-DE-M,normal,47,0
FM-BRRB01-DE-L,normal,19,0
FM-BRRB01-DE-XL,normal,0,0
FM-BRRB01-DG-S,normal,0,0
FM-BRRB01-DG-M,normal,16,0
FM-BRRB01-DG-L,normal,0,0
FM-BRRB01-DG-XL,normal,12,0
FM-BRRB01-LG-S,normal,-1,0
FM-BRRB01-LG-M,normal,0,0
FM-BRRB01-LG-L,normal,15,0
FM-BRRB01-LG-XL,normal,0,0
FM-BRSB01-MB-S,normal,14,0
FM-BRSB01-MB-M,normal,0,0
FM-BRSB01-MB-L,normal,0,0
FM-BRSB01-MB-XL,normal,47,0
FM-BRSB01-DE-S,normal,0,0
FM-BRSB01-DE-M,normal,32,0
FM-BRSB01-DE-L,normal,67,0
FM-BRSB01-DE-XL,normal,60,0
FM-BRSB01-DG-S,normal,29,0
FM-BRSB01-DG-M,normal,34,0
FM-BRSB01-DG-L,normal,31,0
FM-BRSB01-DG-XL,normal,84,0
FM-BRSB01-LG-S,normal,2,0
FM-BRSB01-LG-M,normal,0,0
FM-BRSB01-LG-L,normal,73,0
FM-BRSB01-LG-XL,normal,56,0
FM-ATFM01-XR-XL-FM-QDZT01-DE-2XL,combo,0,0
FM-ATFM01-XR-XL-FM-QDZT01-DE-XL,combo,0,0
FM-ATFM01-XR-XL-FM-QDZT01-DE-L,combo,0,0
FM-ATFM01-XR-XL-FM-QDZT01-DE-M,combo,0,0
FM-ATFM01-XR-XL-FM-QDZT01-DE-S,combo,0,0
FM-ATFM01-XR-L-FM-QDZT01-DE-2XL,combo,0,0
FM-ATFM01-XR-L-FM-QDZT01-DE-XL,combo,0,0
FM-ATFM01-XR-L-FM-QDZT01-DE-L,combo,0,0
FM-ATFM01-XR-L-FM-QDZT01-DE-M,combo,0,0
FM-ATFM01-XR-L-FM-QDZT01-DE-S,combo,0,0
FM-ATFM01-XR-M-FM-QDZT01-DE-2XL,combo,0,0
FM-ATFM01-XR-M-FM-QDZT01-DE-XL,combo,0,0
FM-ATFM01-XR-M-FM-QDZT01-DE-L,combo,0,0
FM-ATFM01-XR-M-FM-QDZT01-DE-M,combo,0,0
FM-ATFM01-XR-M-FM-QDZT01-DE-S,combo,0,0
FM-ATFM01-XR-S-FM-QDZT01-DE-2XL,combo,0,0
FM-ATFM01-XR-S-FM-QDZT01-DE-XL,combo,0,0
FM-ATFM01-XR-S-FM-QDZT01-DE-L,combo,0,0
FM-ATFM01-XR-S-FM-QDZT01-DE-M,combo,0,0
FM-ATFM01-XR-S-FM-QDZT01-DE-S,combo,0,0
FM-BRLT01-MB-XL-FM-QNTG2S-MB-XL,combo,0,0
FM-BRLT01-MB-XL-FM-QNTG2S-MB-L,combo,0,0
FM-BRLT01-MB-XL-FM-QNTG2S-MB-M,combo,0,0
FM-BRLT01-MB-XL-FM-QNTG2S-MB-S,combo,0,0
FM-BRLT01-MB-L-FM-QNTG2S-MB-XL,combo,0,0
FM-BRLT01-MB-L-FM-QNTG2S-MB-L,combo,0,0
FM-BRLT01-MB-L-FM-QNTG2S-MB-M,combo,0,0
FM-BRLT01-MB-L-FM-QNTG2S-MB-S,combo,0,0
FM-BRLT01-MB-M-FM-QNTG2S-MB-XL,combo,0,0
FM-BRLT01-MB-M-FM-QNTG2S-MB-L,combo,0,0
FM-BRLT01-MB-M-FM-QNTG2S-MB-M,combo,0,0
FM-BRLT01-MB-M-FM-QNTG2S-MB-S,combo,0,0
FM-BRLT01-MB-S-FM-QNTG2S-MB-XL,combo,0,0
FM-BRLT01-MB-S-FM-QNTG2S-MB-L,combo,0,0
FM-BRLT01-MB-S-FM-QNTG2S-MB-M,combo,0,0
FM-BRLT01-MB-S-FM-QNTG2S-MB-S,combo,0,0
FM-ATFM01-TR-XL-FM-QNTG2S-DE-XL,combo,0,0
FM-ATFM01-TR-XL-FM-QNTG2S-DE-L,combo,0,0
FM-ATFM01-TR-XL-FM-QNTG2S-DE-M,combo,0,0
FM-ATFM01-TR-XL-FM-QNTG2S-DE-S,combo,0,0
FM-ATFM01-TR-L-FM-QNTG2S-DE-XL,combo,0,0
FM-ATFM01-TR-L-FM-QNTG2S-DE-L,combo,0,0
FM-ATFM01-TR-L-FM-QNTG2S-DE-M,combo,0,0
FM-ATFM01-TR-L-FM-QNTG2S-DE-S,combo,0,0
FM-ATFM01-TR-M-FM-QNTG2S-DE-XL,combo,0,0
FM-ATFM01-TR-M-FM-QNTG2S-DE-L,combo,0,0
FM-ATFM01-TR-M-FM-QNTG2S-DE-M,combo,0,0
FM-ATFM01-TR-M-FM-QNTG2S-DE-S,combo,0,0
FM-ATFM01-TR-S-FM-QNTG2S-DE-XL,combo,0,0
FM-ATFM01-TR-S-FM-QNTG2S-DE-L,combo,0,0
FM-ATFM01-TR-S-FM-QNTG2S-DE-M,combo,0,0
FM-ATFM01-TR-S-FM-QNTG2S-DE-S,combo,0,0
FM-ATDT01-CR-XL-FM-QDZT01-DG-2XL,combo,0,0
FM-ATDT01-CR-XL-FM-QDZT01-DG-XL,combo,0,0
FM-ATDT01-CR-XL-FM-QDZT01-DG-L,combo,0,0
FM-ATDT01-CR-XL-FM-QDZT01-DG-M,combo,0,0
FM-ATDT01-CR-XL-FM-QDZT01-DG-S,combo,0,0
FM-ATDT01-CR-L-FM-QDZT01-DG-2XL,combo,0,0
FM-ATDT01-CR-L-FM-QDZT01-DG-XL,combo,0,0
FM-ATDT01-CR-L-FM-QDZT01-DG-L,combo,0,0
FM-ATDT01-CR-L-FM-QDZT01-DG-M,combo,0,0
FM-ATDT01-CR-L-FM-QDZT01-DG-S,combo,0,0
FM-ATDT01-CR-M-FM-QDZT01-DG-2XL,combo,0,0
FM-ATDT01-CR-M-FM-QDZT01-DG-XL,combo,0,0
FM-ATDT01-CR-M-FM-QDZT01-DG-L,combo,0,0
FM-ATDT01-CR-M-FM-QDZT01-DG-M,combo,0,0
FM-ATDT01-CR-M-FM-QDZT01-DG-S,combo,0,0
FM-ATDT01-CR-S-FM-QDZT01-DG-2XL,combo,0,0
FM-ATDT01-CR-S-FM-QDZT01-DG-XL,combo,0,0
FM-ATDT01-CR-S-FM-QDZT01-DG-L,combo,0,0
FM-ATDT01-CR-S-FM-QDZT01-DG-M,combo,0,0
FM-ATDT01-CR-S-FM-QDZT01-DG-S,combo,0,0
FM-ATDT01-SA-XL-FM-QNTG2S-SA-XL,combo,0,0
FM-ATDT01-SA-XL-FM-QNTG2S-SA-L,combo,0,0
FM-ATDT01-SA-XL-FM-QNTG2S-SA-M,combo,0,0
FM-ATDT01-SA-XL-FM-QNTG2S-SA-S,combo,0,0
FM-ATDT01-SA-L-FM-QNTG2S-SA-XL,combo,0,0
FM-ATDT01-SA-L-FM-QNTG2S-SA-L,combo,0,0
FM-ATDT01-SA-L-FM-QNTG2S-SA-M,combo,0,0
FM-ATDT01-SA-L-FM-QNTG2S-SA-S,combo,0,0
FM-ATDT01-SA-M-FM-QNTG2S-SA-XL,combo,0,0
FM-ATDT01-SA-M-FM-QNTG2S-SA-L,combo,0,0
FM-ATDT01-SA-M-FM-QNTG2S-SA-M,combo,0,0
FM-ATDT01-SA-M-FM-QNTG2S-SA-S,combo,0,0
FM-ATDT01-SA-S-FM-QNTG2S-SA-XL,combo,0,0
FM-ATDT01-SA-S-FM-QNTG2S-SA-L,combo,0,0
FM-ATDT01-SA-S-FM-QNTG2S-SA-M,combo,0,0
FM-ATDT01-SA-S-FM-QNTG2S-SA-S,combo,0,0
FM-ACCV01-LG-2XL-FM-QDCV01-DG-2XL,combo,18,0
FM-ACCV01-LG-2XL-FM-QDCV01-DG-XL,combo,18,0
FM-ACCV01-LG-2XL-FM-QDCV01-DG-L,combo,18,0
FM-ACCV01-LG-2XL-FM-QDCV01-DG-M,combo,0,0
FM-ACCV01-LG-2XL-FM-QDCV01-DG-S,combo,0,0
FM-ACCV01-LG-XL-FM-QDCV01-DG-2XL,combo,98,0
FM-ACCV01-LG-XL-FM-QDCV01-DG-XL,combo,98,0
FM-ACCV01-LG-XL-FM-QDCV01-DG-L,combo,102,0
FM-ACCV01-LG-XL-FM-QDCV01-DG-M,combo,0,0
FM-ACCV01-LG-XL-FM-QDCV01-DG-S,combo,0,0
FM-ACCV01-LG-L-FM-QDCV01-DG-2XL,combo,0,0
FM-ACCV01-LG-L-FM-QDCV01-DG-XL,combo,0,0
FM-ACCV01-LG-L-FM-QDCV01-DG-L,combo,0,0
FM-ACCV01-LG-L-FM-QDCV01-DG-M,combo,0,0
FM-ACCV01-LG-L-FM-QDCV01-DG-S,combo,0,0
FM-ACCV01-LG-M-FM-QDCV01-DG-2XL,combo,0,0
FM-ACCV01-LG-M-FM-QDCV01-DG-XL,combo,0,0
FM-ACCV01-LG-M-FM-QDCV01-DG-L,combo,0,0
FM-ACCV01-LG-M-FM-QDCV01-DG-M,combo,0,0
FM-ACCV01-LG-M-FM-QDCV01-DG-S,combo,0,0
FM-ACCV01-LG-S-FM-QDCV01-DG-2XL,combo,22,0
FM-ACCV01-LG-S-FM-QDCV01-DG-XL,combo,22,0
FM-ACCV01-LG-S-FM-QDCV01-DG-L,combo,22,0
FM-ACCV01-LG-S-FM-QDCV01-DG-M,combo,0,0
FM-ACCV01-LG-S-FM-QDCV01-DG-S,combo,0,0
MUTNGUC-OVAL,normal,168,0
FM-ATNRL-SD-2XL-FM-QDCV01-DE-2XL,combo,0,0
FM-ATNRL-SD-2XL-FM-QDCV01-DE-XL,combo,0,0
FM-ATNRL-SD-2XL-FM-QDCV01-DE-L,combo,0,0
FM-ATNRL-SD-2XL-FM-QDCV01-DE-M,combo,0,0
FM-ATNRL-SD-2XL-FM-QDCV01-DE-S,combo,0,0
FM-ATNRL-SD-XL-FM-QDCV01-DE-2XL,combo,0,0
FM-ATNRL-SD-XL-FM-QDCV01-DE-XL,combo,0,0
FM-ATNRL-SD-XL-FM-QDCV01-DE-L,combo,0,0
FM-ATNRL-SD-XL-FM-QDCV01-DE-M,combo,0,0
FM-ATNRL-SD-XL-FM-QDCV01-DE-S,combo,0,0
FM-ATNRL-SD-L-FM-QDCV01-DE-2XL,combo,0,0
FM-ATNRL-SD-L-FM-QDCV01-DE-XL,combo,0,0
FM-ATNRL-SD-L-FM-QDCV01-DE-L,combo,0,0
FM-ATNRL-SD-L-FM-QDCV01-DE-M,combo,0,0
FM-ATNRL-SD-L-FM-QDCV01-DE-S,combo,0,0
FM-ATNRL-SD-M-FM-QDCV01-DE-2XL,combo,0,0
FM-ATNRL-SD-M-FM-QDCV01-DE-XL,combo,0,0
FM-ATNRL-SD-M-FM-QDCV01-DE-L,combo,0,0
FM-ATNRL-SD-M-FM-QDCV01-DE-M,combo,0,0
FM-ATNRL-SD-M-FM-QDCV01-DE-S,combo,0,0
FM-ATNRL-SD-S-FM-QDCV01-DE-2XL,combo,0,0
FM-ATNRL-SD-S-FM-QDCV01-DE-XL,combo,0,0
FM-ATNRL-SD-S-FM-QDCV01-DE-L,combo,0,0
FM-ATNRL-SD-S-FM-QDCV01-DE-M,combo,0,0
FM-ATNRL-SD-S-FM-QDCV01-DE-S,combo,0,0
FM-ATFM01-DE-S,normal,0,0
FM-ATFM01-TR-S,normal,0,0
FM-ATFM01-XN-S,normal,0,0
FM-ATFM01-XR-S,normal,0,0
FM-ATFM01-DE-M,normal,0,0
FM-ATFM01-TR-M,normal,0,0
FM-ATFM01-XN-M,normal,0,0
FM-ATFM01-XR-M,normal,0,0
FM-ATFM01-DE-L,normal,0,0
FM-ATFM01-TR-L,normal,0,0
FM-ATFM01-XN-L,normal,0,0
FM-ATFM01-XR-L,normal,0,0
FM-ATFM01-DE-XL,normal,0,0
FM-ATFM01-TR-XL,normal,0,0
FM-ATFM01-XN-XL,normal,0,0
FM-ATFM01-XR-XL,normal,0,0
FM-AKCV01-DE-XL-FM-QDZT01-DG-2XL,combo,30,0
FM-AKCV01-DE-XL-FM-QDZT01-DG-XL,combo,30,0
FM-AKCV01-DE-XL-FM-QDZT01-DG-L,combo,2,0
FM-AKCV01-DE-XL-FM-QDZT01-DG-M,combo,2,0
FM-AKCV01-DE-XL-FM-QDZT01-DG-S,combo,26,0
FM-AKCV01-DE-L-FM-QDZT01-DG-2XL,combo,105,0
FM-AKCV01-DE-L-FM-QDZT01-DG-XL,combo,68,0
FM-AKCV01-DE-L-FM-QDZT01-DG-L,combo,3,0
FM-AKCV01-DE-L-FM-QDZT01-DG-M,combo,4,0
FM-AKCV01-DE-L-FM-QDZT01-DG-S,combo,26,0
FM-AKCV01-DE-M-FM-QDZT01-DG-2XL,combo,105,0
FM-AKCV01-DE-M-FM-QDZT01-DG-XL,combo,68,0
FM-AKCV01-DE-M-FM-QDZT01-DG-L,combo,3,0
FM-AKCV01-DE-M-FM-QDZT01-DG-M,combo,4,0
FM-AKCV01-DE-M-FM-QDZT01-DG-S,combo,26,0
FM-AKCV01-DE-S-FM-QDZT01-DG-2XL,combo,106,0
FM-AKCV01-DE-S-FM-QDZT01-DG-XL,combo,68,0
FM-AKCV01-DE-S-FM-QDZT01-DG-L,combo,3,0
FM-AKCV01-DE-S-FM-QDZT01-DG-M,combo,4,0
FM-AKCV01-DE-S-FM-QDZT01-DG-S,combo,26,0
FM-AVBNU-XR-2XL-FM-QDZT01-DE-2XL,combo,15,0
FM-AVBNU-XR-2XL-FM-QDZT01-DE-XL,combo,15,0
FM-AVBNU-XR-2XL-FM-QDZT01-DE-L,combo,15,0
FM-AVBNU-XR-2XL-FM-QDZT01-DE-M,combo,15,0
FM-AVBNU-XR-2XL-FM-QDZT01-DE-S,combo,15,0
FM-AVBNU-XR-XL-FM-QDZT01-DE-2XL,combo,1,0
FM-AVBNU-XR-XL-FM-QDZT01-DE-XL,combo,0,0
FM-AVBNU-XR-XL-FM-QDZT01-DE-L,combo,1,0
FM-AVBNU-XR-XL-FM-QDZT01-DE-M,combo,1,0
FM-AVBNU-XR-XL-FM-QDZT01-DE-S,combo,1,0
FM-AVBNU-XR-L-FM-QDZT01-DE-2XL,combo,6,0
FM-AVBNU-XR-L-FM-QDZT01-DE-XL,combo,0,0
FM-AVBNU-XR-L-FM-QDZT01-DE-L,combo,2,0
FM-AVBNU-XR-L-FM-QDZT01-DE-M,combo,1,0
FM-AVBNU-XR-L-FM-QDZT01-DE-S,combo,5,0
FM-AVBNU-XR-M-FM-QDZT01-DE-2XL,combo,5,0
FM-AVBNU-XR-M-FM-QDZT01-DE-XL,combo,0,0
FM-AVBNU-XR-M-FM-QDZT01-DE-L,combo,2,0
FM-AVBNU-XR-M-FM-QDZT01-DE-M,combo,1,0
FM-AVBNU-XR-M-FM-QDZT01-DE-S,combo,5,0
FM-AVBNU-XR-S-FM-QDZT01-DE-2XL,combo,97,0
FM-AVBNU-XR-S-FM-QDZT01-DE-XL,combo,93,0
FM-AVBNU-XR-S-FM-QDZT01-DE-L,combo,95,0
FM-AVBNU-XR-S-FM-QDZT01-DE-M,combo,94,0
FM-AVBNU-XR-S-FM-QDZT01-DE-S,combo,97,0
ATDRL-D-S,normal,0,0
ATDRL-D-M,normal,0,0
ATDRL-D-L,normal,50,0
ATDRL-D-XL,normal,50,0
ATDRL-D-2XL,normal,0,0
ATDRL-D-3XL,normal,0,0
FM-AVBNU-TR-2XL-FM-QDZT01-DE-2XL,combo,222,0
FM-AVBNU-TR-2XL-FM-QDZT01-DE-XL,combo,221,0
FM-AVBNU-TR-2XL-FM-QDZT01-DE-L,combo,222,0
FM-AVBNU-TR-2XL-FM-QDZT01-DE-M,combo,222,0
FM-AVBNU-TR-2XL-FM-QDZT01-DE-S,combo,222,0
FM-AVBNU-TR-XL-FM-QDZT01-DE-2XL,combo,237,0
FM-AVBNU-TR-XL-FM-QDZT01-DE-XL,combo,231,0
FM-AVBNU-TR-XL-FM-QDZT01-DE-L,combo,233,0
FM-AVBNU-TR-XL-FM-QDZT01-DE-M,combo,232,0
FM-AVBNU-TR-XL-FM-QDZT01-DE-S,combo,236,0
FM-AVBNU-TR-L-FM-QDZT01-DE-2XL,combo,110,0
FM-AVBNU-TR-L-FM-QDZT01-DE-XL,combo,104,0
FM-AVBNU-TR-L-FM-QDZT01-DE-L,combo,106,0
FM-AVBNU-TR-L-FM-QDZT01-DE-M,combo,105,0
FM-AVBNU-TR-L-FM-QDZT01-DE-S,combo,109,0
FM-AVBNU-TR-M-FM-QDZT01-DE-2XL,combo,53,0
FM-AVBNU-TR-M-FM-QDZT01-DE-XL,combo,52,0
FM-AVBNU-TR-M-FM-QDZT01-DE-L,combo,53,0
FM-AVBNU-TR-M-FM-QDZT01-DE-M,combo,53,0
FM-AVBNU-TR-M-FM-QDZT01-DE-S,combo,53,0
FM-AVBNU-TR-S-FM-QDZT01-DE-2XL,combo,91,0
FM-AVBNU-TR-S-FM-QDZT01-DE-XL,combo,85,0
FM-AVBNU-TR-S-FM-QDZT01-DE-L,combo,87,0
FM-AVBNU-TR-S-FM-QDZT01-DE-M,combo,86,0
FM-AVBNU-TR-S-FM-QDZT01-DE-S,combo,90,0
FM-BRZT01-LG-XL-FM-QNTG01-LG-XL,combo,132,0
FM-BRZT01-LG-XL-FM-QNTG01-LG-L,combo,63,0
FM-BRZT01-LG-XL-FM-QNTG01-LG-M,combo,-1,0
FM-BRZT01-LG-XL-FM-QNTG01-LG-S,combo,82,0
FM-BRZT01-LG-L-FM-QNTG01-LG-XL,combo,75,0
FM-BRZT01-LG-L-FM-QNTG01-LG-L,combo,63,0
FM-BRZT01-LG-L-FM-QNTG01-LG-M,combo,-1,0
FM-BRZT01-LG-L-FM-QNTG01-LG-S,combo,75,0
FM-BRZT01-LG-M-FM-QNTG01-LG-XL,combo,30,0
FM-BRZT01-LG-M-FM-QNTG01-LG-L,combo,30,0
FM-BRZT01-LG-M-FM-QNTG01-LG-M,combo,-1,0
FM-BRZT01-LG-M-FM-QNTG01-LG-S,combo,30,0
FM-BRZT01-LG-S-FM-QNTG01-LG-XL,combo,66,0
FM-BRZT01-LG-S-FM-QNTG01-LG-L,combo,63,0
FM-BRZT01-LG-S-FM-QNTG01-LG-M,combo,-1,0
FM-BRZT01-LG-S-FM-QNTG01-LG-S,combo,66,0
FM-BRTT01-LG-XL-FM-QDZT01-LG-2XL,combo,8,0
FM-BRTT01-LG-XL-FM-QDZT01-LG-XL,combo,8,0
FM-BRTT01-LG-XL-FM-QDZT01-LG-L,combo,1,0
FM-BRTT01-LG-XL-FM-QDZT01-LG-M,combo,-1,0
FM-BRTT01-LG-XL-FM-QDZT01-LG-S,combo,1,0
FM-BRTT01-LG-L-FM-QDZT01-LG-2XL,combo,1,0
FM-BRTT01-LG-L-FM-QDZT01-LG-XL,combo,1,0
FM-BRTT01-LG-L-FM-QDZT01-LG-L,combo,1,0
FM-BRTT01-LG-L-FM-QDZT01-LG-M,combo,-2,0
FM-BRTT01-LG-L-FM-QDZT01-LG-S,combo,0,0
FM-BRTT01-LG-M-FM-QDZT01-LG-2XL,combo,54,0
FM-BRTT01-LG-M-FM-QDZT01-LG-XL,combo,52,0
FM-BRTT01-LG-M-FM-QDZT01-LG-L,combo,1,0
FM-BRTT01-LG-M-FM-QDZT01-LG-M,combo,1,0
FM-BRTT01-LG-M-FM-QDZT01-LG-S,combo,1,0
FM-BRTT01-LG-S-FM-QDZT01-LG-2XL,combo,27,0
FM-BRTT01-LG-S-FM-QDZT01-LG-XL,combo,27,0
FM-BRTT01-LG-S-FM-QDZT01-LG-L,combo,1,0
FM-BRTT01-LG-S-FM-QDZT01-LG-M,combo,1,0
FM-BRTT01-LG-S-FM-QDZT01-LG-S,combo,1,0
FM-QDZT01-LG-L,normal,1,0
FM-QDZT01-LG-M,normal,1,0
FM-QDZT01-LG-S,normal,1,0
FM-QDZT01-LG-XL,normal,52,0
FM-QDZT01-LG-2XL,normal,129,0
FM-BRZT01-LG-XL,normal,137,0
FM-BRZT01-LG-L,normal,75,0
FM-BRZT01-LG-M,normal,30,0
FM-BRZT01-LG-S,normal,66,0
FM-QNTG01-LG-XL,normal,132,0
FM-QNTG01-LG-S,normal,82,0
FM-QNTG01-LG-M,normal,-1,0
FM-QNTG01-LG-L,normal,63,0
FM-ACCV01-LG-2XL,normal,18,0
FM-ACCV01-LG-XL,normal,102,0
FM-ACCV01-LG-L,normal,0,0
FM-ACCV01-LG-M,normal,0,0
FM-ACCV01-LG-S,normal,22,0
FM-BRTT01-LG-S,normal,28,0
FM-BRTT01-LG-M,normal,56,0
FM-BRTT01-LG-L,normal,1,0
FM-BRTT01-LG-XL,normal,8,0
FM-ATPL01-DE-S,normal,0,0
FM-ATPL01-TR-S,normal,0,0
FM-ATPL01-XR-S,normal,0,0
FM-ATPL01-XN-S,normal,0,0
FM-ATPL01-DE-M,normal,0,0
FM-ATPL01-TR-M,normal,0,0
FM-ATPL01-XR-M,normal,0,0
FM-ATPL01-XN-M,normal,0,0
FM-ATPL01-DE-L,normal,0,0
FM-ATPL01-TR-L,normal,0,0
FM-ATPL01-XR-L,normal,0,0
FM-ATPL01-XN-L,normal,0,0
FM-ATPL01-DE-XL,normal,0,0
FM-ATPL01-TR-XL,normal,0,0
FM-ATPL01-XR-XL,normal,0,0
FM-ATPL01-XN-XL,normal,0,0
FM-QNTG2S-DE-S,normal,0,0
FM-QNTG2S-MB-S,normal,0,0
FM-QNTG2S-SA-S,normal,0,0
FM-QNTG2S-DE-M,normal,0,0
FM-QNTG2S-MB-M,normal,0,0
FM-QNTG2S-SA-M,normal,0,0
FM-QNTG2S-DE-L,normal,0,0
FM-QNTG2S-MB-L,normal,0,0
FM-QNTG2S-SA-L,normal,0,0
FM-QNTG2S-DE-XL,normal,0,0
FM-QNTG2S-MB-XL,normal,0,0
FM-QNTG2S-SA-XL,normal,0,0
FM-ATDT01-DE-S,normal,0,0
FM-ATDT01-CR-S,normal,0,0
FM-ATDT01-SA-S,normal,0,0
FM-ATDT01-DE-M,normal,0,0
FM-ATDT01-CR-M,normal,0,0
FM-ATDT01-SA-M,normal,0,0
FM-ATDT01-DE-L,normal,0,0
FM-ATDT01-CR-L,normal,0,0
FM-ATDT01-SA-L,normal,0,0
FM-ATDT01-DE-XL,normal,0,0
FM-ATDT01-CR-XL,normal,0,0
FM-ATDT01-SA-XL,normal,0,0
FM-ATNRL-CD-S,normal,0,0
FM-ATNRL-CD-M,normal,0,0
FM-ATNRL-CD-L,normal,0,0
FM-ATNRL-CD-XL,normal,0,0
FM-ATNRL-CD-2XL,normal,0,0
FM-BRZT01-DG-S,normal,134,0
FM-BRZT01-DG-M,normal,84,0
FM-BRZT01-DG-L,normal,90,0
FM-BRZT01-DG-XL,normal,51,0
FM-QLTG01-DG-S,normal,85,0
FM-QLTG01-DG-M,normal,25,0
FM-QLTG01-DG-L,normal,0,0
FM-QLTG01-DG-XL,normal,5,0
FM-QLTG01-DG-2XL,normal,40,0
FM-AVBNU-SS-2XL-FM-Q2LNU01-BD-S,combo,-1,0
FM-AVBNU-DE-2XL-FM-Q2LNU01-DX-S,combo,0,0
FM-AVBNU-SG-2XL-FM-Q2LNU01-XD-S,combo,0,0
FM-AVBNU-SS-XL-FM-Q2LNU01-BD-S,combo,0,0
FM-AVBNU-SS-L-FM-Q2LNU01-BD-S,combo,0,0
FM-AVBNU-SS-M-FM-Q2LNU01-BD-S,combo,0,0
FM-AVBNU-DE-XL-FM-Q2LNU01-DX-S,combo,0,0
FM-AVBNU-DE-L-FM-Q2LNU01-DX-S,combo,0,0
FM-AVBNU-DE-M-FM-Q2LNU01-DX-S,combo,0,0
FM-AVBNU-SG-XL-FM-Q2LNU01-XD-S,combo,0,0
FM-AVBNU-SG-L-FM-Q2LNU01-XD-S,combo,0,0
FM-AVBNU-SG-M-FM-Q2LNU01-XD-S,combo,0,0
FM-AVBNU-SS-S-FM-Q2LNU01-BD-S,combo,0,0
FM-AVBNU-DE-S-FM-Q2LNU01-DX-S,combo,0,0
FM-AVBNU-SG-S-FM-Q2LNU01-XD-S,combo,0,0
FM-AC1DC-IV-XL-FM-QDZT01-DE-2XL,combo,0,0
FM-AC1DC-IV-XL-FM-QDZT01-DE-XL,combo,0,0
FM-AC1DC-IV-XL-FM-QDZT01-DE-L,combo,0,0
FM-AC1DC-IV-XL-FM-QDZT01-DE-M,combo,0,0
FM-AC1DC-IV-XL-FM-QDZT01-DE-S,combo,0,0
FM-AC1DC-IV-2XL-FM-QDZT01-DE-2XL,combo,0,0
FM-AC1DC-IV-2XL-FM-QDZT01-DE-XL,combo,0,0
FM-AC1DC-IV-2XL-FM-QDZT01-DE-L,combo,0,0
FM-AC1DC-IV-2XL-FM-QDZT01-DE-M,combo,0,0
FM-AC1DC-IV-2XL-FM-QDZT01-DE-S,combo,0,0
FM-AC1DC-IV-L-FM-QDZT01-DE-2XL,combo,0,0
FM-AC1DC-IV-L-FM-QDZT01-DE-XL,combo,0,0
FM-AC1DC-IV-L-FM-QDZT01-DE-L,combo,0,0
FM-AC1DC-IV-L-FM-QDZT01-DE-M,combo,0,0
FM-AC1DC-IV-L-FM-QDZT01-DE-S,combo,0,0
FM-AC1DC-IV-M-FM-QDZT01-DE-2XL,combo,0,0
FM-AC1DC-IV-M-FM-QDZT01-DE-XL,combo,0,0
FM-AC1DC-IV-M-FM-QDZT01-DE-L,combo,0,0
FM-AC1DC-IV-M-FM-QDZT01-DE-M,combo,0,0
FM-AC1DC-IV-M-FM-QDZT01-DE-S,combo,0,0
FM-AC1DC-IV-S-FM-QDZT01-DE-2XL,combo,0,0
FM-AC1DC-IV-S-FM-QDZT01-DE-XL,combo,0,0
FM-AC1DC-IV-S-FM-QDZT01-DE-L,combo,0,0
FM-AC1DC-IV-S-FM-QDZT01-DE-M,combo,0,0
FM-AC1DC-IV-S-FM-QDZT01-DE-S,combo,0,0
FM-SWAC-DE-4-FM-JGCOT-DE-4,combo,0,0
FM-SWAC-DE-4-FM-JGCOT-DE-3,combo,0,0
FM-SWAC-DE-4-FM-JGCOT-DE-2,combo,0,0
FM-SWAC-DE-4-FM-JGCOT-DE-1,combo,0,0
FM-SWAC-DE-3-FM-JGCOT-DE-4,combo,0,0
FM-SWAC-DE-3-FM-JGCOT-DE-3,combo,0,0
FM-SWAC-DE-3-FM-JGCOT-DE-2,combo,0,0
FM-SWAC-DE-3-FM-JGCOT-DE-1,combo,0,0
FM-SWAC-DE-2-FM-JGCOT-DE-4,combo,0,0
FM-SWAC-DE-2-FM-JGCOT-DE-3,combo,0,0
FM-SWAC-DE-2-FM-JGCOT-DE-2,combo,0,0
FM-SWAC-DE-2-FM-JGCOT-DE-1,combo,0,0
FM-SWAC-DE-1-FM-JGCOT-DE-4,combo,0,0
FM-SWAC-DE-1-FM-JGCOT-DE-3,combo,0,0
FM-SWAC-DE-1-FM-JGCOT-DE-2,combo,0,0
FM-SWAC-DE-1-FM-JGCOT-DE-1,combo,0,0
FM-SWAC-MG-4-FM-JGCOT-MG-4,combo,0,0
FM-SWAC-MG-4-FM-JGCOT-MG-3,combo,0,0
FM-SWAC-MG-4-FM-JGCOT-MG-2,combo,0,0
FM-SWAC-MG-4-FM-JGCOT-MG-1,combo,0,0
FM-SWAC-MG-3-FM-JGCOT-MG-4,combo,0,0
FM-SWAC-MG-3-FM-JGCOT-MG-3,combo,0,0
FM-SWAC-MG-3-FM-JGCOT-MG-2,combo,0,0
FM-SWAC-MG-3-FM-JGCOT-MG-1,combo,0,0
FM-SWAC-MG-2-FM-JGCOT-MG-4,combo,0,0
FM-SWAC-MG-2-FM-JGCOT-MG-3,combo,0,0
FM-SWAC-MG-2-FM-JGCOT-MG-2,combo,0,0
FM-SWAC-MG-2-FM-JGCOT-MG-1,combo,0,0
FM-SWAC-MG-1-FM-JGCOT-MG-4,combo,0,0
FM-SWAC-MG-1-FM-JGCOT-MG-3,combo,0,0
FM-SWAC-MG-1-FM-JGCOT-MG-2,combo,0,0
FM-SWAC-MG-1-FM-JGCOT-MG-1,combo,0,0
FM-HDAC-OG-3-FM-QNTG01-DE-XL,combo,0,0
FM-HDAC-OG-3-FM-QNTG01-DE-L,combo,0,0
FM-HDAC-OG-3-FM-QNTG01-DE-M,combo,0,0
FM-HDAC-OG-3-FM-QNTG01-DE-S,combo,0,0
FM-HDAC-OG-2-FM-QNTG01-DE-XL,combo,0,0
FM-HDAC-OG-2-FM-QNTG01-DE-L,combo,0,0
FM-HDAC-OG-2-FM-QNTG01-DE-M,combo,0,0
FM-HDAC-OG-2-FM-QNTG01-DE-S,combo,0,0
FM-HDAC-OG-1-FM-QNTG01-DE-XL,combo,0,0
FM-HDAC-OG-1-FM-QNTG01-DE-L,combo,0,0
FM-HDAC-OG-1-FM-QNTG01-DE-M,combo,0,0
FM-HDAC-OG-1-FM-QNTG01-DE-S,combo,0,0
FM-HDAC-MG-3-FM-QNTG01-DE-XL,combo,0,0
FM-HDAC-MG-3-FM-QNTG01-DE-L,combo,0,0
FM-HDAC-MG-3-FM-QNTG01-DE-M,combo,0,0
FM-HDAC-MG-3-FM-QNTG01-DE-S,combo,0,0
FM-HDAC-MG-2-FM-QNTG01-DE-XL,combo,0,0
FM-HDAC-MG-2-FM-QNTG01-DE-L,combo,0,0
FM-HDAC-MG-2-FM-QNTG01-DE-M,combo,0,0
FM-HDAC-MG-2-FM-QNTG01-DE-S,combo,0,0
FM-HDAC-MG-1-FM-QNTG01-DE-XL,combo,0,0
FM-HDAC-MG-1-FM-QNTG01-DE-L,combo,0,0
FM-HDAC-MG-1-FM-QNTG01-DE-M,combo,0,0
FM-HDAC-MG-1-FM-QNTG01-DE-S,combo,0,0
FM-AKHZC-DE-XL-FM-QDZT01-DE-2XL,combo,30,0
FM-AKHZC-DE-XL-FM-QDZT01-DE-XL,combo,30,0
FM-AKHZC-DE-XL-FM-QDZT01-DE-L,combo,30,0
FM-AKHZC-DE-XL-FM-QDZT01-DE-M,combo,30,0
FM-AKHZC-DE-XL-FM-QDZT01-DE-S,combo,30,0
FM-AKHZC-DE-2XL-FM-QDZT01-DE-2XL,combo,41,0
FM-AKHZC-DE-2XL-FM-QDZT01-DE-XL,combo,41,0
FM-AKHZC-DE-2XL-FM-QDZT01-DE-L,combo,41,0
FM-AKHZC-DE-2XL-FM-QDZT01-DE-M,combo,41,0
FM-AKHZC-DE-2XL-FM-QDZT01-DE-S,combo,41,0
FM-AKHZC-DE-L-FM-QDZT01-DE-2XL,combo,0,0
FM-AKHZC-DE-L-FM-QDZT01-DE-XL,combo,0,0
FM-AKHZC-DE-L-FM-QDZT01-DE-L,combo,1,0
FM-AKHZC-DE-L-FM-QDZT01-DE-M,combo,1,0
FM-AKHZC-DE-L-FM-QDZT01-DE-S,combo,0,0
FM-AKHZC-DE-M-FM-QDZT01-DE-2XL,combo,0,0
FM-AKHZC-DE-M-FM-QDZT01-DE-XL,combo,0,0
FM-AKHZC-DE-M-FM-QDZT01-DE-L,combo,2,0
FM-AKHZC-DE-M-FM-QDZT01-DE-M,combo,1,0
FM-AKHZC-DE-M-FM-QDZT01-DE-S,combo,0,0
FM-AKHZC-DE-S-FM-QDZT01-DE-2XL,combo,99,0
FM-AKHZC-DE-S-FM-QDZT01-DE-XL,combo,99,0
FM-AKHZC-DE-S-FM-QDZT01-DE-L,combo,99,0
FM-AKHZC-DE-S-FM-QDZT01-DE-M,combo,99,0
FM-AKHZC-DE-S-FM-QDZT01-DE-S,combo,99,0
FM-SWAC-MG-4-FM-QNAC-MG-4,combo,0,0
FM-SWAC-MG-4-FM-QNAC-MG-3,combo,0,0
FM-SWAC-MG-4-FM-QNAC-MG-2,combo,0,0
FM-SWAC-MG-4-FM-QNAC-MG-1,combo,0,0
FM-SWAC-MG-3-FM-QNAC-MG-4,combo,0,0
FM-SWAC-MG-3-FM-QNAC-MG-3,combo,0,0
FM-SWAC-MG-3-FM-QNAC-MG-2,combo,0,0
FM-SWAC-MG-3-FM-QNAC-MG-1,combo,0,0
FM-SWAC-MG-2-FM-QNAC-MG-4,combo,0,0
FM-SWAC-MG-2-FM-QNAC-MG-3,combo,0,0
FM-SWAC-MG-2-FM-QNAC-MG-2,combo,0,0
FM-SWAC-MG-2-FM-QNAC-MG-1,combo,0,0
FM-SWAC-MG-1-FM-QNAC-MG-4,combo,0,0
FM-SWAC-MG-1-FM-QNAC-MG-3,combo,0,0
FM-SWAC-MG-1-FM-QNAC-MG-2,combo,0,0
FM-SWAC-MG-1-FM-QNAC-MG-1,combo,0,0
FM-SWAC-OG-4-FM-QNAC-OG-4,combo,0,0
FM-SWAC-OG-4-FM-QNAC-OG-3,combo,0,0
FM-SWAC-OG-4-FM-QNAC-OG-2,combo,0,0
FM-SWAC-OG-4-FM-QNAC-OG-1,combo,0,0
FM-SWAC-OG-3-FM-QNAC-OG-4,combo,0,0
FM-SWAC-OG-3-FM-QNAC-OG-3,combo,0,0
FM-SWAC-OG-3-FM-QNAC-OG-2,combo,0,0
FM-SWAC-OG-3-FM-QNAC-OG-1,combo,0,0
FM-SWAC-OG-2-FM-QNAC-OG-4,combo,0,0
FM-SWAC-OG-2-FM-QNAC-OG-3,combo,0,0
FM-SWAC-OG-2-FM-QNAC-OG-2,combo,0,0
FM-SWAC-OG-2-FM-QNAC-OG-1,combo,0,0
FM-SWAC-OG-1-FM-QNAC-OG-4,combo,0,0
FM-SWAC-OG-1-FM-QNAC-OG-3,combo,0,0
FM-SWAC-OG-1-FM-QNAC-OG-2,combo,0,0
FM-SWAC-OG-1-FM-QNAC-OG-1,combo,0,0
FM-SWAC-SB-4-FM-QNAC-SB-4,combo,0,0
FM-SWAC-SB-4-FM-QNAC-SB-3,combo,0,0
FM-SWAC-SB-4-FM-QNAC-SB-2,combo,0,0
FM-SWAC-SB-4-FM-QNAC-SB-1,combo,0,0
FM-SWAC-SB-3-FM-QNAC-SB-4,combo,0,0
FM-SWAC-SB-3-FM-QNAC-SB-3,combo,0,0
FM-SWAC-SB-3-FM-QNAC-SB-2,combo,0,0
FM-SWAC-SB-3-FM-QNAC-SB-1,combo,0,0
FM-SWAC-SB-2-FM-QNAC-SB-4,combo,0,0
FM-SWAC-SB-2-FM-QNAC-SB-3,combo,0,0
FM-SWAC-SB-2-FM-QNAC-SB-2,combo,0,0
FM-SWAC-SB-2-FM-QNAC-SB-1,combo,0,0
FM-SWAC-SB-1-FM-QNAC-SB-4,combo,0,0
FM-SWAC-SB-1-FM-QNAC-SB-3,combo,0,0
FM-SWAC-SB-1-FM-QNAC-SB-2,combo,0,0
FM-SWAC-SB-1-FM-QNAC-SB-1,combo,0,0
FM-SWAC-DE-4-FM-QNAC-DE-4,combo,0,0
FM-SWAC-DE-4-FM-QNAC-DE-3,combo,0,0
FM-SWAC-DE-4-FM-QNAC-DE-2,combo,0,0
FM-SWAC-DE-4-FM-QNAC-DE-1,combo,0,0
FM-SWAC-DE-3-FM-QNAC-DE-4,combo,0,0
FM-SWAC-DE-3-FM-QNAC-DE-3,combo,0,0
FM-SWAC-DE-3-FM-QNAC-DE-2,combo,0,0
FM-SWAC-DE-3-FM-QNAC-DE-1,combo,0,0
FM-SWAC-DE-2-FM-QNAC-DE-4,combo,0,0
FM-SWAC-DE-2-FM-QNAC-DE-3,combo,0,0
FM-SWAC-DE-2-FM-QNAC-DE-2,combo,0,0
FM-SWAC-DE-2-FM-QNAC-DE-1,combo,0,0
FM-SWAC-DE-1-FM-QNAC-DE-4,combo,0,0
FM-SWAC-DE-1-FM-QNAC-DE-3,combo,0,0
FM-SWAC-DE-1-FM-QNAC-DE-2,combo,0,0
FM-SWAC-DE-1-FM-QNAC-DE-1,combo,0,0
FM-BRLT01-DE-XL-FM-QNTG01-DE-XL,combo,0,0
FM-BRLT01-DE-XL-FM-QNTG01-DE-L,combo,0,0
FM-BRLT01-DE-XL-FM-QNTG01-DE-M,combo,0,0
FM-BRLT01-DE-XL-FM-QNTG01-DE-S,combo,0,0
FM-BRLT01-DE-L-FM-QNTG01-DE-XL,combo,0,0
FM-BRLT01-DE-L-FM-QNTG01-DE-L,combo,0,0
FM-BRLT01-DE-L-FM-QNTG01-DE-M,combo,0,0
FM-BRLT01-DE-L-FM-QNTG01-DE-S,combo,0,0
FM-BRLT01-DE-M-FM-QNTG01-DE-XL,combo,0,0
FM-BRLT01-DE-M-FM-QNTG01-DE-L,combo,0,0
FM-BRLT01-DE-M-FM-QNTG01-DE-M,combo,0,0
FM-BRLT01-DE-M-FM-QNTG01-DE-S,combo,0,0
FM-BRLT01-DE-S-FM-QNTG01-DE-XL,combo,0,0
FM-BRLT01-DE-S-FM-QNTG01-DE-L,combo,0,0
FM-BRLT01-DE-S-FM-QNTG01-DE-M,combo,0,0
FM-BRLT01-DE-S-FM-QNTG01-DE-S,combo,0,0
FM-QNTG01-DG-L,normal,17,0
FM-QNTG01-DG-M,normal,0,0
FM-QNTG01-DG-S,normal,5,0
FM-QNTG01-DG-XL,normal,59,0
FM-AVBNU-TR-S,normal,91,0
FM-AVBNU-TR-M,normal,53,0
FM-AVBNU-TR-L,normal,111,0
FM-AVBNU-TR-XL,normal,238,0
FM-AVBNU-TR-2XL,normal,222,0
FM-AVBNU-XR-S,normal,97,0
FM-AVBNU-XR-M,normal,5,0
FM-AVBNU-XR-L,normal,6,0
FM-AVBNU-XR-XL,normal,1,0
FM-AVBNU-XR-2XL,normal,15,0
FM-BRTT01-DG-S,normal,4,0
FM-BRTT01-DG-M,normal,115,0
FM-BRTT01-DG-L,normal,147,0
FM-BRTT01-DG-XL,normal,1,0
FM-QDCV01-DG-2XL,normal,119,0
FM-QDCV01-DG-XL,normal,212,0
FM-QDCV01-DG-S,normal,0,0
FM-QDCV01-DG-M,normal,0,0
FM-QDCV01-DG-L,normal,168,0
FM-QDZT01-DG-2XL,normal,106,0
FM-QDZT01-DG-XL,normal,68,0
FM-QDZT01-DG-S,normal,26,0
FM-QDZT01-DG-M,normal,4,0
FM-QDZT01-DG-L,normal,3,0
FM-BRTT01-DE-XL-FM-JGNU01-XD-XL,combo,0,0
FM-BRTT01-DE-XL-FM-JGNU01-XD-L,combo,0,0
FM-BRTT01-DE-XL-FM-JGNU01-XD-M,combo,0,0
FM-BRTT01-DE-XL-FM-JGNU01-XD-S,combo,0,0
FM-BRTT01-DE-L-FM-JGNU01-XD-XL,combo,0,0
FM-BRTT01-DE-L-FM-JGNU01-XD-L,combo,0,0
FM-BRTT01-DE-L-FM-JGNU01-XD-M,combo,0,0
FM-BRTT01-DE-L-FM-JGNU01-XD-S,combo,0,0
FM-BRTT01-DE-M-FM-JGNU01-XD-XL,combo,0,0
FM-BRTT01-DE-M-FM-JGNU01-XD-L,combo,0,0
FM-BRTT01-DE-M-FM-JGNU01-XD-M,combo,0,0
FM-BRTT01-DE-M-FM-JGNU01-XD-S,combo,0,0
FM-BRTT01-DE-S-FM-JGNU01-XD-XL,combo,0,0
FM-BRTT01-DE-S-FM-JGNU01-XD-L,combo,0,0
FM-BRTT01-DE-S-FM-JGNU01-XD-M,combo,0,0
FM-BRTT01-DE-S-FM-JGNU01-XD-S,combo,0,0
FM-BRZT01-IV-XL-FM-JGNU01-DE-XL,combo,0,0
FM-BRZT01-IV-XL-FM-JGNU01-DE-L,combo,0,0
FM-BRZT01-IV-XL-FM-JGNU01-DE-M,combo,0,0
FM-BRZT01-IV-XL-FM-JGNU01-DE-S,combo,0,0
FM-BRZT01-IV-L-FM-JGNU01-DE-XL,combo,0,0
FM-BRZT01-IV-L-FM-JGNU01-DE-L,combo,0,0
FM-BRZT01-IV-L-FM-JGNU01-DE-M,combo,0,0
FM-BRZT01-IV-L-FM-JGNU01-DE-S,combo,0,0
FM-BRZT01-IV-M-FM-JGNU01-DE-XL,combo,0,0
FM-BRZT01-IV-M-FM-JGNU01-DE-L,combo,0,0
FM-BRZT01-IV-M-FM-JGNU01-DE-M,combo,0,0
FM-BRZT01-IV-M-FM-JGNU01-DE-S,combo,0,0
FM-BRZT01-IV-S-FM-JGNU01-DE-XL,combo,0,0
FM-BRZT01-IV-S-FM-JGNU01-DE-L,combo,0,0
FM-BRZT01-IV-S-FM-JGNU01-DE-M,combo,0,0
FM-BRZT01-IV-S-FM-JGNU01-DE-S,combo,0,0
FM-ATSM01-TR-XL-FM-QDZT01-XX-2XL,combo,188,0
FM-ATSM01-TR-L-FM-QDZT01-XX-2XL,combo,188,0
FM-ATSM01-TR-M-FM-QDZT01-XX-2XL,combo,188,0
FM-ATSM01-TR-S-FM-QDZT01-XX-2XL,combo,188,0
FM-ATSM01-TR-2XL-FM-QDZT01-XX-2XL,combo,188,0
FM-ATSM01-TR-2XL-FM-QDZT01-XX-XL,combo,179,0
FM-ATSM01-TR-2XL-FM-QDZT01-XX-L,combo,65,0
FM-ATSM01-TR-2XL-FM-QDZT01-XX-M,combo,-2,0
FM-ATSM01-TR-2XL-FM-QDZT01-XX-S,combo,35,0
FM-ATSM01-TR-2XL-FM-QDJG01-XX-2XL,combo,0,0
FM-ATSM01-TR-2XL-FM-QDJG01-XX-XL,combo,0,0
FM-ATSM01-TR-2XL-FM-QDJG01-XX-L,combo,0,0
FM-ATSM01-TR-2XL-FM-QDJG01-XX-M,combo,0,0
FM-ATSM01-TR-2XL-FM-QDJG01-XX-S,combo,0,0
FM-BRLT01-IV-XL,normal,0,0
FM-BRLT01-IV-L,normal,0,0
FM-BRLT01-IV-M,normal,0,0
FM-BRLT01-IV-S,normal,0,0
FM-BRZT01-IV-XL-FM-QDZT01-DE-2XL,combo,0,0
FM-BRZT01-IV-XL-FM-QDZT01-DE-XL,combo,0,0
FM-BRZT01-IV-XL-FM-QDZT01-DE-L,combo,0,0
FM-BRZT01-IV-XL-FM-QDZT01-DE-M,combo,0,0
FM-BRZT01-IV-XL-FM-QDZT01-DE-S,combo,0,0
FM-BRZT01-IV-L-FM-QDZT01-DE-2XL,combo,0,0
FM-BRZT01-IV-L-FM-QDZT01-DE-XL,combo,0,0
FM-BRZT01-IV-L-FM-QDZT01-DE-L,combo,0,0
FM-BRZT01-IV-L-FM-QDZT01-DE-M,combo,0,0
FM-BRZT01-IV-L-FM-QDZT01-DE-S,combo,0,0
FM-BRZT01-IV-M-FM-QDZT01-DE-2XL,combo,0,0
FM-BRZT01-IV-M-FM-QDZT01-DE-XL,combo,0,0
FM-BRZT01-IV-M-FM-QDZT01-DE-L,combo,0,0
FM-BRZT01-IV-M-FM-QDZT01-DE-M,combo,0,0
FM-BRZT01-IV-M-FM-QDZT01-DE-S,combo,0,0
FM-BRZT01-IV-S-FM-QDZT01-DE-2XL,combo,0,0
FM-BRZT01-IV-S-FM-QDZT01-DE-XL,combo,0,0
FM-BRZT01-IV-S-FM-QDZT01-DE-L,combo,0,0
FM-BRZT01-IV-S-FM-QDZT01-DE-M,combo,0,0
FM-BRZT01-IV-S-FM-QDZT01-DE-S,combo,0,0
FM-BRZT01-MB-XL-FM-QNTG01-MB-XL,combo,0,0
FM-BRZT01-MB-XL-FM-QNTG01-MB-L,combo,0,0
FM-BRZT01-MB-XL-FM-QNTG01-MB-M,combo,0,0
FM-BRZT01-MB-XL-FM-QNTG01-MB-S,combo,0,0
FM-BRZT01-MB-L-FM-QNTG01-MB-XL,combo,0,0
FM-BRZT01-MB-L-FM-QNTG01-MB-L,combo,0,0
FM-BRZT01-MB-L-FM-QNTG01-MB-M,combo,0,0
FM-BRZT01-MB-L-FM-QNTG01-MB-S,combo,0,0
FM-BRZT01-MB-M-FM-QNTG01-MB-XL,combo,0,0
FM-BRZT01-MB-M-FM-QNTG01-MB-L,combo,0,0
FM-BRZT01-MB-M-FM-QNTG01-MB-M,combo,0,0
FM-BRZT01-MB-M-FM-QNTG01-MB-S,combo,0,0
FM-BRZT01-MB-S-FM-QNTG01-MB-XL,combo,0,0
FM-BRZT01-MB-S-FM-QNTG01-MB-L,combo,0,0
FM-BRZT01-MB-S-FM-QNTG01-MB-M,combo,0,0
FM-BRZT01-MB-S-FM-QNTG01-MB-S,combo,0,0
FM-BRLT01-MB-XL-FM-QLTG01-MB-2XL,combo,0,0
FM-BRLT01-MB-XL-FM-QLTG01-MB-XL,combo,0,0
FM-BRLT01-MB-XL-FM-QLTG01-MB-L,combo,0,0
FM-BRLT01-MB-XL-FM-QLTG01-MB-M,combo,0,0
FM-BRLT01-MB-XL-FM-QLTG01-MB-S,combo,-1,0
FM-BRLT01-MB-L-FM-QLTG01-MB-2XL,combo,0,0
FM-BRLT01-MB-L-FM-QLTG01-MB-XL,combo,0,0
FM-BRLT01-MB-L-FM-QLTG01-MB-L,combo,0,0
FM-BRLT01-MB-L-FM-QLTG01-MB-M,combo,0,0
FM-BRLT01-MB-L-FM-QLTG01-MB-S,combo,-1,0
FM-BRLT01-MB-M-FM-QLTG01-MB-2XL,combo,0,0
FM-BRLT01-MB-M-FM-QLTG01-MB-XL,combo,0,0
FM-BRLT01-MB-M-FM-QLTG01-MB-L,combo,0,0
FM-BRLT01-MB-M-FM-QLTG01-MB-M,combo,0,0
FM-BRLT01-MB-M-FM-QLTG01-MB-S,combo,-1,0
FM-BRLT01-MB-S-FM-QLTG01-MB-2XL,combo,0,0
FM-BRLT01-MB-S-FM-QLTG01-MB-XL,combo,0,0
FM-BRLT01-MB-S-FM-QLTG01-MB-L,combo,0,0
FM-BRLT01-MB-S-FM-QLTG01-MB-M,combo,0,0
FM-BRLT01-MB-S-FM-QLTG01-MB-S,combo,-1,0
FM-AKCV01-SA-XL-FM-QDCV01-SA-2XL,combo,47,0
FM-AKCV01-SA-XL-FM-QDCV01-SA-XL,combo,47,0
FM-AKCV01-SA-XL-FM-QDCV01-SA-L,combo,9,0
FM-AKCV01-SA-XL-FM-QDCV01-SA-M,combo,0,0
FM-AKCV01-SA-XL-FM-QDCV01-SA-S,combo,0,0
FM-AKCV01-SA-L-FM-QDCV01-SA-2XL,combo,55,0
FM-AKCV01-SA-L-FM-QDCV01-SA-XL,combo,55,0
FM-AKCV01-SA-L-FM-QDCV01-SA-L,combo,9,0
FM-AKCV01-SA-L-FM-QDCV01-SA-M,combo,0,0
FM-AKCV01-SA-L-FM-QDCV01-SA-S,combo,0,0
FM-AKCV01-SA-M-FM-QDCV01-SA-2XL,combo,0,0
FM-AKCV01-SA-M-FM-QDCV01-SA-XL,combo,0,0
FM-AKCV01-SA-M-FM-QDCV01-SA-L,combo,1,0
FM-AKCV01-SA-M-FM-QDCV01-SA-M,combo,0,0
FM-AKCV01-SA-M-FM-QDCV01-SA-S,combo,0,0
FM-AKCV01-SA-S-FM-QDCV01-SA-2XL,combo,0,0
FM-AKCV01-SA-S-FM-QDCV01-SA-XL,combo,0,0
FM-AKCV01-SA-S-FM-QDCV01-SA-L,combo,2,0
FM-AKCV01-SA-S-FM-QDCV01-SA-M,combo,0,0
FM-AKCV01-SA-S-FM-QDCV01-SA-S,combo,0,0
FM-AKCV01-MB-XL-FM-QDCV01-MB-2XL,combo,4,0
FM-AKCV01-MB-XL-FM-QDCV01-MB-XL,combo,4,0
FM-AKCV01-MB-XL-FM-QDCV01-MB-L,combo,0,0
FM-AKCV01-MB-XL-FM-QDCV01-MB-M,combo,0,0
FM-AKCV01-MB-XL-FM-QDCV01-MB-S,combo,0,0
FM-AKCV01-MB-L-FM-QDCV01-MB-2XL,combo,0,0
FM-AKCV01-MB-L-FM-QDCV01-MB-XL,combo,0,0
FM-AKCV01-MB-L-FM-QDCV01-MB-L,combo,0,0
FM-AKCV01-MB-L-FM-QDCV01-MB-M,combo,0,0
FM-AKCV01-MB-L-FM-QDCV01-MB-S,combo,0,0
FM-AKCV01-MB-M-FM-QDCV01-MB-2XL,combo,0,0
FM-AKCV01-MB-M-FM-QDCV01-MB-XL,combo,0,0
FM-AKCV01-MB-M-FM-QDCV01-MB-L,combo,1,0
FM-AKCV01-MB-M-FM-QDCV01-MB-M,combo,0,0
FM-AKCV01-MB-M-FM-QDCV01-MB-S,combo,0,0
FM-AKCV01-MB-S-FM-QDCV01-MB-2XL,combo,0,0
FM-AKCV01-MB-S-FM-QDCV01-MB-XL,combo,0,0
FM-AKCV01-MB-S-FM-QDCV01-MB-L,combo,1,0
FM-AKCV01-MB-S-FM-QDCV01-MB-M,combo,0,0
FM-AKCV01-MB-S-FM-QDCV01-MB-S,combo,0,0
FM-ATNRL-TD-2XL-FM-QDJG01-DE-2XL,combo,0,0
FM-ATNRL-TD-2XL-FM-QDJG01-DE-XL,combo,0,0
FM-ATNRL-TD-2XL-FM-QDJG01-DE-L,combo,0,0
FM-ATNRL-TD-2XL-FM-QDJG01-DE-M,combo,0,0
FM-ATNRL-TD-2XL-FM-QDJG01-DE-S,combo,0,0
FM-ATNRL-TD-XL-FM-QDJG01-DE-2XL,combo,-2,0
FM-ATNRL-TD-XL-FM-QDJG01-DE-XL,combo,-2,0
FM-ATNRL-TD-XL-FM-QDJG01-DE-L,combo,-1,0
FM-ATNRL-TD-XL-FM-QDJG01-DE-M,combo,-1,0
FM-ATNRL-TD-XL-FM-QDJG01-DE-S,combo,-2,0
FM-ATNRL-TD-L-FM-QDJG01-DE-2XL,combo,-1,0
FM-ATNRL-TD-L-FM-QDJG01-DE-XL,combo,-1,0
FM-ATNRL-TD-L-FM-QDJG01-DE-L,combo,0,0
FM-ATNRL-TD-L-FM-QDJG01-DE-M,combo,0,0
FM-ATNRL-TD-L-FM-QDJG01-DE-S,combo,-1,0
FM-ATNRL-TD-M-FM-QDJG01-DE-2XL,combo,-1,0
FM-ATNRL-TD-M-FM-QDJG01-DE-XL,combo,-1,0
FM-ATNRL-TD-M-FM-QDJG01-DE-L,combo,1,0
FM-ATNRL-TD-M-FM-QDJG01-DE-M,combo,0,0
FM-ATNRL-TD-M-FM-QDJG01-DE-S,combo,-1,0
FM-ATNRL-TD-S-FM-QDJG01-DE-2XL,combo,0,0
FM-ATNRL-TD-S-FM-QDJG01-DE-XL,combo,0,0
FM-ATNRL-TD-S-FM-QDJG01-DE-L,combo,1,0
FM-ATNRL-TD-S-FM-QDJG01-DE-M,combo,1,0
FM-ATNRL-TD-S-FM-QDJG01-DE-S,combo,0,0
FM-BRZT01-DE-XL-FM-QDZT01-DE-2XL,combo,213,0
FM-BRZT01-DE-L-FM-QDZT01-DE-2XL,combo,394,0
FM-BRZT01-DE-M-FM-QDZT01-DE-2XL,combo,237,0
FM-BRZT01-DE-S-FM-QDZT01-DE-2XL,combo,186,0
FM-BRTT01-MB-XL-FM-QNTG01-MB-XL,combo,0,0
FM-BRTT01-MB-XL-FM-QNTG01-MB-L,combo,0,0
FM-BRTT01-MB-XL-FM-QNTG01-MB-M,combo,0,0
FM-BRTT01-MB-XL-FM-QNTG01-MB-S,combo,0,0
FM-BRTT01-MB-L-FM-QNTG01-MB-XL,combo,0,0
FM-BRTT01-MB-L-FM-QNTG01-MB-L,combo,0,0
FM-BRTT01-MB-L-FM-QNTG01-MB-M,combo,0,0
FM-BRTT01-MB-L-FM-QNTG01-MB-S,combo,0,0
FM-BRTT01-MB-M-FM-QNTG01-MB-XL,combo,0,0
FM-BRTT01-MB-M-FM-QNTG01-MB-L,combo,0,0
FM-BRTT01-MB-M-FM-QNTG01-MB-M,combo,0,0
FM-BRTT01-MB-M-FM-QNTG01-MB-S,combo,0,0
FM-BRTT01-MB-S-FM-QNTG01-MB-XL,combo,0,0
FM-BRTT01-MB-S-FM-QNTG01-MB-L,combo,0,0
FM-BRTT01-MB-S-FM-QNTG01-MB-M,combo,0,0
FM-BRTT01-MB-S-FM-QNTG01-MB-S,combo,0,0
FM-ACCV01-MB-2XL-FM-QDCV01-MB-2XL,combo,32,0
FM-ACCV01-MB-2XL-FM-QDCV01-MB-XL,combo,63,0
FM-ACCV01-MB-2XL-FM-QDCV01-MB-L,combo,0,0
FM-ACCV01-MB-2XL-FM-QDCV01-MB-M,combo,0,0
FM-ACCV01-MB-2XL-FM-QDCV01-MB-S,combo,0,0
FM-ACCV01-MB-XL-FM-QDCV01-MB-2XL,combo,32,0
FM-ACCV01-MB-XL-FM-QDCV01-MB-XL,combo,63,0
FM-ACCV01-MB-XL-FM-QDCV01-MB-L,combo,0,0
FM-ACCV01-MB-XL-FM-QDCV01-MB-M,combo,0,0
FM-ACCV01-MB-XL-FM-QDCV01-MB-S,combo,0,0
FM-ACCV01-MB-L-FM-QDCV01-MB-2XL,combo,0,0
FM-ACCV01-MB-L-FM-QDCV01-MB-XL,combo,0,0
FM-ACCV01-MB-L-FM-QDCV01-MB-L,combo,0,0
FM-ACCV01-MB-L-FM-QDCV01-MB-M,combo,0,0
FM-ACCV01-MB-L-FM-QDCV01-MB-S,combo,0,0
FM-ACCV01-MB-M-FM-QDCV01-MB-2XL,combo,0,0
FM-ACCV01-MB-M-FM-QDCV01-MB-XL,combo,0,0
FM-ACCV01-MB-M-FM-QDCV01-MB-L,combo,0,0
FM-ACCV01-MB-M-FM-QDCV01-MB-M,combo,0,0
FM-ACCV01-MB-M-FM-QDCV01-MB-S,combo,0,0
FM-ACCV01-MB-S-FM-QDCV01-MB-2XL,combo,32,0
FM-ACCV01-MB-S-FM-QDCV01-MB-XL,combo,63,0
FM-ACCV01-MB-S-FM-QDCV01-MB-L,combo,0,0
FM-ACCV01-MB-S-FM-QDCV01-MB-M,combo,0,0
FM-ACCV01-MB-S-FM-QDCV01-MB-S,combo,0,0
FM-BRDT01-DE-XL-FM-QLTG01-DE-2XL,combo,0,0
FM-BRDT01-DE-L-FM-QLTG01-DE-2XL,combo,0,0
FM-BRDT01-DE-M-FM-QLTG01-DE-2XL,combo,0,0
FM-BRDT01-DE-S-FM-QLTG01-DE-2XL,combo,2,0
FM-AVBNU-SS-2XL-FM-QDCV01-DE-2XL,combo,-1,0
FM-AVBNU-SS-2XL-FM-QDCV01-DE-XL,combo,-1,0
FM-AVBNU-SS-2XL-FM-QDCV01-DE-L,combo,-1,0
FM-AVBNU-SS-2XL-FM-QDCV01-DE-M,combo,-1,0
FM-AVBNU-SS-2XL-FM-QDCV01-DE-S,combo,-1,0
FM-AVBNU-SS-XL-FM-QDCV01-DE-2XL,combo,3,0
FM-AVBNU-SS-XL-FM-QDCV01-DE-XL,combo,3,0
FM-AVBNU-SS-XL-FM-QDCV01-DE-L,combo,0,0
FM-AVBNU-SS-XL-FM-QDCV01-DE-M,combo,0,0
FM-AVBNU-SS-XL-FM-QDCV01-DE-S,combo,1,0
FM-AVBNU-SS-L-FM-QDCV01-DE-2XL,combo,0,0
FM-AVBNU-SS-L-FM-QDCV01-DE-XL,combo,0,0
FM-AVBNU-SS-L-FM-QDCV01-DE-L,combo,2,0
FM-AVBNU-SS-L-FM-QDCV01-DE-M,combo,0,0
FM-AVBNU-SS-L-FM-QDCV01-DE-S,combo,0,0
FM-AVBNU-SS-M-FM-QDCV01-DE-2XL,combo,1,0
FM-AVBNU-SS-M-FM-QDCV01-DE-XL,combo,1,0
FM-AVBNU-SS-M-FM-QDCV01-DE-L,combo,0,0
FM-AVBNU-SS-M-FM-QDCV01-DE-M,combo,0,0
FM-AVBNU-SS-M-FM-QDCV01-DE-S,combo,1,0
FM-AVBNU-SS-S-FM-QDCV01-DE-2XL,combo,3,0
FM-AVBNU-SS-S-FM-QDCV01-DE-XL,combo,3,0
FM-AVBNU-SS-S-FM-QDCV01-DE-L,combo,0,0
FM-AVBNU-SS-S-FM-QDCV01-DE-M,combo,0,0
FM-AVBNU-SS-S-FM-QDCV01-DE-S,combo,1,0
FM-BRDT01-XX-XL-FM-QDZT01-XX-2XL,combo,0,0
FM-BRDT01-XX-L-FM-QDZT01-XX-2XL,combo,0,0
FM-BRDT01-XX-M-FM-QDZT01-XX-2XL,combo,60,0
FM-BRDT01-XX-S-FM-QDZT01-XX-2XL,combo,0,0
FM-BRZT01-DE-XL-FM-QLTG01-DE-2XL,combo,8,0
FM-BRZT01-DE-L-FM-QLTG01-DE-2XL,combo,8,0
FM-BRZT01-DE-M-FM-QLTG01-DE-2XL,combo,8,0
FM-BRZT01-DE-S-FM-QLTG01-DE-2XL,combo,8,0
FM-ANTD-DE-2XL,normal,0,0
FM-ANTD-SS-2XL,normal,0,0
FM-ANTD-SG-2XL,normal,0,0
FM-ANFR-DE-2XL,normal,0,0
FM-ANFR-SS-2XL,normal,0,0
FM-ANFR-SG-2XL,normal,0,0
FM-QN1L03-DE-2XL,normal,0,0
FM-QN1L03-SS-2XL,normal,11,0
FM-QN1L03-SG-2XL,normal,32,0
FM-ACRT01-DE-XL-FM-QDJG01-XA-2XL,combo,0,0
FM-ACRT01-DE-L-FM-QDJG01-XA-2XL,combo,0,0
FM-ACRT01-DE-M-FM-QDJG01-XA-2XL,combo,0,0
FM-ACRT01-DE-S-FM-QDJG01-XA-2XL,combo,0,0
FM-JGCOT-MG-1,normal,0,0
FM-JGCOT-MG-2,normal,0,0
FM-JGCOT-MG-3,normal,0,0
FM-JGCOT-MG-4,normal,0,0
FM-JGCOT-DE-1,normal,0,0
FM-JGCOT-DE-2,normal,0,0
FM-JGCOT-DE-3,normal,0,0
FM-JGCOT-DE-4,normal,0,0
FM-HDAC-OG-1,normal,0,0
FM-HDAC-OG-2,normal,0,0
FM-HDAC-OG-3,normal,0,0
FM-HDAC-MG-1,normal,0,0
FM-HDAC-MG-2,normal,0,0
FM-HDAC-MG-3,normal,0,0
FM-QNAC-OG-1,normal,0,0
FM-QNAC-OG-2,normal,0,0
FM-QNAC-OG-3,normal,0,0
FM-QNAC-OG-4,normal,0,0
FM-QNAC-SB-1,normal,4,0
FM-QNAC-SB-2,normal,0,0
FM-QNAC-SB-3,normal,0,0
FM-QNAC-SB-4,normal,0,0
FM-QNAC-MG-1,normal,0,0
FM-QNAC-MG-2,normal,0,0
FM-QNAC-MG-3,normal,0,0
FM-QNAC-MG-4,normal,0,0
FM-QNAC-DE-1,normal,0,0
FM-QNAC-DE-2,normal,0,0
FM-QNAC-DE-3,normal,0,0
FM-QNAC-DE-4,normal,0,0
FM-SWAC-OG-1,normal,0,0
FM-SWAC-OG-2,normal,0,0
FM-SWAC-OG-3,normal,0,0
FM-SWAC-OG-4,normal,0,0
FM-SWAC-SB-1,normal,0,0
FM-SWAC-SB-2,normal,0,0
FM-SWAC-SB-3,normal,0,0
FM-SWAC-SB-4,normal,0,0
FM-SWAC-MG-1,normal,0,0
FM-SWAC-MG-2,normal,0,0
FM-SWAC-MG-3,normal,0,0
FM-SWAC-MG-4,normal,0,0
FM-SWAC-DE-1,normal,0,0
FM-SWAC-DE-2,normal,0,0
FM-SWAC-DE-3,normal,0,0
FM-SWAC-DE-4,normal,0,0
FM-QN1L03-SG-S,normal,0,0
FM-QN1L03-SG-M,normal,89,0
FM-QN1L03-SG-L,normal,424,0
FM-QN1L03-SG-XL,normal,435,0
FM-QN1L03-SS-S,normal,0,0
FM-QN1L03-SS-M,normal,22,0
FM-QN1L03-SS-L,normal,164,0
FM-QN1L03-SS-XL,normal,169,0
FM-QN1L03-DE-S,normal,0,0
FM-QN1L03-DE-M,normal,0,0
FM-QN1L03-DE-L,normal,30,0
FM-QN1L03-DE-XL,normal,53,0
FM-ANFR-SG-S,normal,0,0
FM-ANFR-SG-M,normal,0,0
FM-ANFR-SG-L,normal,0,0
FM-ANFR-SG-XL,normal,0,0
FM-ANFR-SS-S,normal,0,0
FM-ANFR-SS-M,normal,0,0
FM-ANFR-SS-L,normal,0,0
FM-ANFR-SS-XL,normal,0,0
FM-ANFR-DE-S,normal,0,0
FM-ANFR-DE-M,normal,0,0
FM-ANFR-DE-L,normal,0,0
FM-ANFR-DE-XL,normal,0,0
FM-ANTD-SG-S,normal,0,0
FM-ANTD-SG-M,normal,0,0
FM-ANTD-SG-L,normal,0,0
FM-ANTD-SG-XL,normal,0,0
FM-ANTD-SS-S,normal,0,0
FM-ANTD-SS-M,normal,0,0
FM-ANTD-SS-L,normal,0,0
FM-ANTD-SS-XL,normal,0,0
FM-ANTD-DE-S,normal,0,0
FM-ANTD-DE-M,normal,0,0
FM-ANTD-DE-L,normal,0,0
FM-ANTD-DE-XL,normal,0,0
FM-BRLT01-DE-XL-FM-QDZT01-DE-2XL,combo,0,0
FM-BRLT01-DE-L-FM-QDZT01-DE-2XL,combo,0,0
FM-BRLT01-DE-M-FM-QDZT01-DE-2XL,combo,0,0
FM-BRLT01-DE-S-FM-QDZT01-DE-2XL,combo,0,0
FM-BRTT01-DE-XL-FM-QLTG01-DE-2XL,combo,8,0
FM-BRTT01-DE-L-FM-QLTG01-DE-2XL,combo,8,0
FM-BRTT01-DE-M-FM-QLTG01-DE-2XL,combo,8,0
FM-BRTT01-DE-S-FM-QLTG01-DE-2XL,combo,8,0
FM-BRZT01-IV-XL-FM-QLTG01-SA-2XL,combo,0,0
FM-BRZT01-IV-XL-FM-QLTG01-SA-XL,combo,0,0
FM-BRZT01-IV-XL-FM-QLTG01-SA-L,combo,0,0
FM-BRZT01-IV-XL-FM-QLTG01-SA-M,combo,0,0
FM-BRZT01-IV-XL-FM-QLTG01-SA-S,combo,0,0
FM-BRZT01-IV-L-FM-QLTG01-SA-2XL,combo,0,0
FM-BRZT01-IV-L-FM-QLTG01-SA-XL,combo,0,0
FM-BRZT01-IV-L-FM-QLTG01-SA-L,combo,0,0
FM-BRZT01-IV-L-FM-QLTG01-SA-M,combo,0,0
FM-BRZT01-IV-L-FM-QLTG01-SA-S,combo,0,0
FM-BRZT01-IV-M-FM-QLTG01-SA-2XL,combo,0,0
FM-BRZT01-IV-M-FM-QLTG01-SA-XL,combo,0,0
FM-BRZT01-IV-M-FM-QLTG01-SA-L,combo,0,0
FM-BRZT01-IV-M-FM-QLTG01-SA-M,combo,0,0
FM-BRZT01-IV-M-FM-QLTG01-SA-S,combo,0,0
FM-BRZT01-IV-S-FM-QLTG01-SA-2XL,combo,0,0
FM-BRZT01-IV-S-FM-QLTG01-SA-XL,combo,0,0
FM-BRZT01-IV-S-FM-QLTG01-SA-L,combo,0,0
FM-BRZT01-IV-S-FM-QLTG01-SA-M,combo,0,0
FM-BRZT01-IV-S-FM-QLTG01-SA-S,combo,0,0
FM-BRZT02-DE-XL,normal,0,0
FM-BRZT02-DE-L,normal,0,0
FM-BRZT02-DE-M,normal,0,0
FM-BRZT01-IV-XL,normal,0,0
FM-BRZT01-IV-L,normal,0,0
FM-BRZT01-IV-M,normal,0,0
FM-BRZT01-IV-S,normal,0,0
FM-BRZT01-MB-XL,normal,0,0
FM-BRZT01-MB-L,normal,0,0
FM-BRZT01-MB-M,normal,0,0
FM-BRZT01-MB-S,normal,0,0
FM-BRZT02-DE-S,normal,0,0
FM-BRDT01-SA-XL-FM-QDZT01-SA-2XL,combo,0,0
FM-BRDT01-SA-L-FM-QDZT01-SA-2XL,combo,0,0
FM-BRDT01-SA-M-FM-QDZT01-SA-2XL,combo,0,0
FM-BRDT01-SA-S-FM-QDZT01-SA-2XL,combo,0,0
FM-BRDT01-SA-XL-FM-QDZT01-SA-XL,combo,0,0
FM-BRDT01-SA-XL-FM-QDZT01-SA-L,combo,0,0
FM-BRDT01-SA-XL-FM-QDZT01-SA-M,combo,0,0
FM-BRDT01-SA-XL-FM-QDZT01-SA-S,combo,0,0
FM-BRDT01-SA-L-FM-QDZT01-SA-XL,combo,0,0
FM-BRDT01-SA-L-FM-QDZT01-SA-L,combo,0,0
FM-BRDT01-SA-L-FM-QDZT01-SA-M,combo,0,0
FM-BRDT01-SA-L-FM-QDZT01-SA-S,combo,0,0
FM-BRDT01-SA-M-FM-QDZT01-SA-XL,combo,0,0
FM-BRDT01-SA-M-FM-QDZT01-SA-L,combo,0,0
FM-BRDT01-SA-M-FM-QDZT01-SA-M,combo,0,0
FM-BRDT01-SA-M-FM-QDZT01-SA-S,combo,0,0
FM-BRDT01-SA-S-FM-QDZT01-SA-XL,combo,0,0
FM-BRDT01-SA-S-FM-QDZT01-SA-L,combo,0,0
FM-BRDT01-SA-S-FM-QDZT01-SA-M,combo,0,0
FM-BRDT01-SA-S-FM-QDZT01-SA-S,combo,0,0
FM-BRTT01-IV-XL-FM-QLTG01-DE-2XL,combo,0,0
FM-BRTT01-IV-XL-FM-QLTG01-DE-XL,combo,0,0
FM-BRTT01-IV-XL-FM-QLTG01-DE-L,combo,0,0
FM-BRTT01-IV-XL-FM-QLTG01-DE-M,combo,0,0
FM-BRTT01-IV-XL-FM-QLTG01-DE-S,combo,1,0
FM-BRTT01-IV-L-FM-QLTG01-DE-2XL,combo,0,0
FM-BRTT01-IV-L-FM-QLTG01-DE-XL,combo,0,0
FM-BRTT01-IV-L-FM-QLTG01-DE-L,combo,0,0
FM-BRTT01-IV-L-FM-QLTG01-DE-M,combo,0,0
FM-BRTT01-IV-L-FM-QLTG01-DE-S,combo,1,0
FM-BRTT01-IV-M-FM-QLTG01-DE-2XL,combo,8,0
FM-BRTT01-IV-M-FM-QLTG01-DE-XL,combo,60,0
FM-BRTT01-IV-M-FM-QLTG01-DE-L,combo,60,0
FM-BRTT01-IV-M-FM-QLTG01-DE-M,combo,60,0
FM-BRTT01-IV-M-FM-QLTG01-DE-S,combo,62,0
FM-BRTT01-IV-S-FM-QLTG01-DE-2XL,combo,0,0
FM-BRTT01-IV-S-FM-QLTG01-DE-XL,combo,0,0
FM-BRTT01-IV-S-FM-QLTG01-DE-L,combo,0,0
FM-BRTT01-IV-S-FM-QLTG01-DE-M,combo,0,0
FM-BRTT01-IV-S-FM-QLTG01-DE-S,combo,1,0
FM-ACRT01-DE-XL-FM-QJK2S-DE-XL,combo,0,0
FM-ACRT01-DE-XL-FM-QJK2S-DE-L,combo,0,0
FM-ACRT01-DE-XL-FM-QJK2S-DE-M,combo,0,0
FM-ACRT01-DE-XL-FM-QJK2S-DE-S,combo,0,0
FM-ACRT01-DE-L-FM-QJK2S-DE-XL,combo,0,0
FM-ACRT01-DE-L-FM-QJK2S-DE-L,combo,0,0
FM-ACRT01-DE-L-FM-QJK2S-DE-M,combo,0,0
FM-ACRT01-DE-L-FM-QJK2S-DE-S,combo,0,0
FM-ACRT01-DE-M-FM-QJK2S-DE-XL,combo,0,0
FM-ACRT01-DE-M-FM-QJK2S-DE-L,combo,0,0
FM-ACRT01-DE-M-FM-QJK2S-DE-M,combo,0,0
FM-ACRT01-DE-M-FM-QJK2S-DE-S,combo,0,0
FM-ACRT01-DE-S-FM-QJK2S-DE-XL,combo,0,0
FM-ACRT01-DE-S-FM-QJK2S-DE-L,combo,0,0
FM-ACRT01-DE-S-FM-QJK2S-DE-M,combo,0,0
FM-ACRT01-DE-S-FM-QJK2S-DE-S,combo,0,0
FM-ATSM01-DE-XL-FM-QDZT01-DE-2XL,combo,275,0
FM-ATSM01-DE-L-FM-QDZT01-DE-2XL,combo,397,0
FM-ATSM01-DE-M-FM-QDZT01-DE-2XL,combo,400,0
FM-ATSM01-DE-S-FM-QDZT01-DE-2XL,combo,112,0
FM-ATSM01-DE-2XL-FM-QDZT01-DE-2XL,combo,0,0
FM-ATSM01-DE-2XL-FM-QDZT01-DE-XL,combo,0,0
FM-ATSM01-DE-2XL-FM-QDZT01-DE-L,combo,0,0
FM-ATSM01-DE-2XL-FM-QDZT01-DE-M,combo,0,0
FM-ATSM01-DE-2XL-FM-QDZT01-DE-S,combo,0,0
FM-ATSM01-XR-2XL-FM-QDZT01-DE-2XL,combo,287,0
FM-ATSM01-XR-2XL-FM-QDZT01-DE-XL,combo,287,0
FM-ATSM01-XR-2XL-FM-QDZT01-DE-L,combo,287,0
FM-ATSM01-XR-2XL-FM-QDZT01-DE-M,combo,287,0
FM-ATSM01-XR-2XL-FM-QDZT01-DE-S,combo,287,0
FM-ATSM01-XN-2XL-FM-QDZT01-DE-2XL,combo,216,0
FM-ATSM01-XN-2XL-FM-QDZT01-DE-XL,combo,216,0
FM-ATSM01-XN-2XL-FM-QDZT01-DE-L,combo,216,0
FM-ATSM01-XN-2XL-FM-QDZT01-DE-M,combo,216,0
FM-ATSM01-XN-2XL-FM-QDZT01-DE-S,combo,216,0
FM-AVBNU-DE-2XL-FM-QLTG01-SA-2XL,combo,0,0
FM-AVBNU-DE-2XL-FM-QLTG01-SA-XL,combo,0,0
FM-AVBNU-DE-2XL-FM-QLTG01-SA-L,combo,0,0
FM-AVBNU-DE-2XL-FM-QLTG01-SA-M,combo,27,0
FM-AVBNU-DE-2XL-FM-QLTG01-SA-S,combo,112,0
FM-AVBNU-DE-XL-FM-QLTG01-SA-2XL,combo,0,0
FM-AVBNU-DE-XL-FM-QLTG01-SA-XL,combo,0,0
FM-AVBNU-DE-XL-FM-QLTG01-SA-L,combo,0,0
FM-AVBNU-DE-XL-FM-QLTG01-SA-M,combo,27,0
FM-AVBNU-DE-XL-FM-QLTG01-SA-S,combo,130,0
FM-AVBNU-DE-L-FM-QLTG01-SA-2XL,combo,0,0
FM-AVBNU-DE-L-FM-QLTG01-SA-XL,combo,0,0
FM-AVBNU-DE-L-FM-QLTG01-SA-L,combo,0,0
FM-AVBNU-DE-L-FM-QLTG01-SA-M,combo,27,0
FM-AVBNU-DE-L-FM-QLTG01-SA-S,combo,139,0
FM-AVBNU-DE-M-FM-QLTG01-SA-2XL,combo,0,0
FM-AVBNU-DE-M-FM-QLTG01-SA-XL,combo,0,0
FM-AVBNU-DE-M-FM-QLTG01-SA-L,combo,0,0
FM-AVBNU-DE-M-FM-QLTG01-SA-M,combo,27,0
FM-AVBNU-DE-M-FM-QLTG01-SA-S,combo,140,0
FM-AVBNU-DE-S-FM-QLTG01-SA-2XL,combo,0,0
FM-AVBNU-DE-S-FM-QLTG01-SA-XL,combo,0,0
FM-AVBNU-DE-S-FM-QLTG01-SA-L,combo,2,0
FM-AVBNU-DE-S-FM-QLTG01-SA-M,combo,27,0
FM-AVBNU-DE-S-FM-QLTG01-SA-S,combo,73,0
FM-AKCV01-MB-XL-FM-QLTG01-MB-2XL,combo,0,0
FM-AKCV01-MB-XL-FM-QLTG01-MB-XL,combo,0,0
FM-AKCV01-MB-XL-FM-QLTG01-MB-L,combo,0,0
FM-AKCV01-MB-XL-FM-QLTG01-MB-M,combo,0,0
FM-AKCV01-MB-XL-FM-QLTG01-MB-S,combo,-1,0
FM-AKCV01-MB-L-FM-QLTG01-MB-2XL,combo,0,0
FM-AKCV01-MB-L-FM-QLTG01-MB-XL,combo,0,0
FM-AKCV01-MB-L-FM-QLTG01-MB-L,combo,0,0
FM-AKCV01-MB-L-FM-QLTG01-MB-M,combo,0,0
FM-AKCV01-MB-L-FM-QLTG01-MB-S,combo,-1,0
FM-AKCV01-MB-M-FM-QLTG01-MB-2XL,combo,0,0
FM-AKCV01-MB-M-FM-QLTG01-MB-XL,combo,0,0
FM-AKCV01-MB-M-FM-QLTG01-MB-L,combo,1,0
FM-AKCV01-MB-M-FM-QLTG01-MB-M,combo,0,0
FM-AKCV01-MB-M-FM-QLTG01-MB-S,combo,-1,0
FM-AKCV01-MB-S-FM-QLTG01-MB-2XL,combo,0,0
FM-AKCV01-MB-S-FM-QLTG01-MB-XL,combo,0,0
FM-AKCV01-MB-S-FM-QLTG01-MB-L,combo,1,0
FM-AKCV01-MB-S-FM-QLTG01-MB-M,combo,0,0
FM-AKCV01-MB-S-FM-QLTG01-MB-S,combo,-1,0
FM-ACCV01-DE-2XL-FM-QDCV01-DE-2XL,combo,0,0
FM-ACCV01-DE-2XL-FM-QDCV01-DE-XL,combo,0,0
FM-ACCV01-DE-2XL-FM-QDCV01-DE-L,combo,0,0
FM-ACCV01-DE-2XL-FM-QDCV01-DE-M,combo,0,0
FM-ACCV01-DE-2XL-FM-QDCV01-DE-S,combo,0,0
FM-ACCV01-DE-XL-FM-QDCV01-DE-2XL,combo,0,0
FM-ACCV01-DE-XL-FM-QDCV01-DE-XL,combo,0,0
FM-ACCV01-DE-XL-FM-QDCV01-DE-L,combo,0,0
FM-ACCV01-DE-XL-FM-QDCV01-DE-M,combo,0,0
FM-ACCV01-DE-XL-FM-QDCV01-DE-S,combo,0,0
FM-ACCV01-DE-L-FM-QDCV01-DE-2XL,combo,0,0
FM-ACCV01-DE-L-FM-QDCV01-DE-XL,combo,0,0
FM-ACCV01-DE-L-FM-QDCV01-DE-L,combo,0,0
FM-ACCV01-DE-L-FM-QDCV01-DE-M,combo,0,0
FM-ACCV01-DE-L-FM-QDCV01-DE-S,combo,0,0
FM-ACCV01-DE-M-FM-QDCV01-DE-2XL,combo,0,0
FM-ACCV01-DE-M-FM-QDCV01-DE-XL,combo,0,0
FM-ACCV01-DE-M-FM-QDCV01-DE-L,combo,0,0
FM-ACCV01-DE-M-FM-QDCV01-DE-M,combo,0,0
FM-ACCV01-DE-M-FM-QDCV01-DE-S,combo,0,0
FM-ACCV01-DE-S-FM-QDCV01-DE-2XL,combo,0,0
FM-ACCV01-DE-S-FM-QDCV01-DE-XL,combo,0,0
FM-ACCV01-DE-S-FM-QDCV01-DE-L,combo,0,0
FM-ACCV01-DE-S-FM-QDCV01-DE-M,combo,0,0
FM-ACCV01-DE-S-FM-QDCV01-DE-S,combo,0,0
FM-ATSM01-XR-2XL,normal,287,0
FM-ATSM01-HD-2XL,normal,107,0
FM-ATSM01-TR-2XL,normal,605,0
FM-QLTG01-XX-2XL,normal,38,0
FM-QLTG01-SA-2XL,normal,0,0
FM-QLTG01-MB-2XL,normal,0,0
FM-BRTT01-MB-XL-FM-QLTG01-MB-XL,combo,0,0
FM-BRTT01-MB-XL-FM-QLTG01-MB-L,combo,1,0
FM-BRTT01-MB-XL-FM-QLTG01-MB-M,combo,0,0
FM-BRTT01-MB-XL-FM-QLTG01-MB-S,combo,-1,0
FM-BRTT01-MB-L-FM-QLTG01-MB-XL,combo,0,0
FM-BRTT01-MB-L-FM-QLTG01-MB-L,combo,2,0
FM-BRTT01-MB-L-FM-QLTG01-MB-M,combo,0,0
FM-BRTT01-MB-L-FM-QLTG01-MB-S,combo,-1,0
FM-BRTT01-MB-M-FM-QLTG01-MB-XL,combo,0,0
FM-BRTT01-MB-M-FM-QLTG01-MB-L,combo,1,0
FM-BRTT01-MB-M-FM-QLTG01-MB-M,combo,0,0
FM-BRTT01-MB-M-FM-QLTG01-MB-S,combo,-1,0
FM-BRTT01-MB-S-FM-QLTG01-MB-XL,combo,0,0
FM-BRTT01-MB-S-FM-QLTG01-MB-L,combo,0,0
FM-BRTT01-MB-S-FM-QLTG01-MB-M,combo,0,0
FM-BRTT01-MB-S-FM-QLTG01-MB-S,combo,-1,0
FM-AVB01-DE-2XL-FM-JGNAM01-DE-2XL,combo,0,0
FM-AVB01-DE-2XL-FM-JGNAM01-DE-XL,combo,0,0
FM-AVB01-DE-2XL-FM-JGNAM01-DE-L,combo,0,0
FM-AVB01-DE-2XL-FM-JGNAM01-DE-M,combo,0,0
FM-AVB01-DE-XL-FM-JGNAM01-DE-2XL,combo,0,0
FM-AVB01-DE-XL-FM-JGNAM01-DE-XL,combo,0,0
FM-AVB01-DE-XL-FM-JGNAM01-DE-L,combo,0,0
FM-AVB01-DE-XL-FM-JGNAM01-DE-M,combo,0,0
FM-AVB01-DE-L-FM-JGNAM01-DE-2XL,combo,0,0
FM-AVB01-DE-L-FM-JGNAM01-DE-XL,combo,0,0
FM-AVB01-DE-L-FM-JGNAM01-DE-L,combo,0,0
FM-AVB01-DE-L-FM-JGNAM01-DE-M,combo,0,0
FM-AVB01-DE-M-FM-JGNAM01-DE-2XL,combo,0,0
FM-AVB01-DE-M-FM-JGNAM01-DE-XL,combo,0,0
FM-AVB01-DE-M-FM-JGNAM01-DE-L,combo,0,0
FM-AVB01-DE-M-FM-JGNAM01-DE-M,combo,0,0
FM-AVB01-SS-2XL-FM-JGNAM01-SS-2XL,combo,0,0
FM-AVB01-SS-2XL-FM-JGNAM01-SS-XL,combo,0,0
FM-AVB01-SS-2XL-FM-JGNAM01-SS-L,combo,0,0
FM-AVB01-SS-2XL-FM-JGNAM01-SS-M,combo,0,0
FM-AVB01-SS-XL-FM-JGNAM01-SS-2XL,combo,0,0
FM-AVB01-SS-XL-FM-JGNAM01-SS-XL,combo,0,0
FM-AVB01-SS-XL-FM-JGNAM01-SS-L,combo,0,0
FM-AVB01-SS-XL-FM-JGNAM01-SS-M,combo,0,0
FM-AVB01-SS-L-FM-JGNAM01-SS-2XL,combo,0,0
FM-AVB01-SS-L-FM-JGNAM01-SS-XL,combo,0,0
FM-AVB01-SS-L-FM-JGNAM01-SS-L,combo,0,0
FM-AVB01-SS-L-FM-JGNAM01-SS-M,combo,0,0
FM-AVB01-SS-M-FM-JGNAM01-SS-2XL,combo,0,0
FM-AVB01-SS-M-FM-JGNAM01-SS-XL,combo,0,0
FM-AVB01-SS-M-FM-JGNAM01-SS-L,combo,0,0
FM-AVB01-SS-M-FM-JGNAM01-SS-M,combo,0,0
FM-AVB01-SG-2XL-FM-JGNAM01-SG-2XL,combo,0,0
FM-AVB01-SG-2XL-FM-JGNAM01-SG-XL,combo,0,0
FM-AVB01-SG-2XL-FM-JGNAM01-SG-L,combo,0,0
FM-AVB01-SG-2XL-FM-JGNAM01-SG-M,combo,0,0
FM-AVB01-SG-XL-FM-JGNAM01-SG-2XL,combo,0,0
FM-AVB01-SG-XL-FM-JGNAM01-SG-XL,combo,0,0
FM-AVB01-SG-XL-FM-JGNAM01-SG-L,combo,0,0
FM-AVB01-SG-XL-FM-JGNAM01-SG-M,combo,0,0
FM-AVB01-SG-L-FM-JGNAM01-SG-2XL,combo,0,0
FM-AVB01-SG-L-FM-JGNAM01-SG-XL,combo,0,0
FM-AVB01-SG-L-FM-JGNAM01-SG-L,combo,0,0
FM-AVB01-SG-L-FM-JGNAM01-SG-M,combo,0,0
FM-AVB01-SG-M-FM-JGNAM01-SG-2XL,combo,0,0
FM-AVB01-SG-M-FM-JGNAM01-SG-XL,combo,0,0
FM-AVB01-SG-M-FM-JGNAM01-SG-L,combo,0,0
FM-AVB01-SG-M-FM-JGNAM01-SG-M,combo,0,0
FM-ATNRL-TD-2XL-FM-QDJG01-XA-2XL,combo,0,0
FM-ATNRL-TD-2XL-FM-QDJG01-XA-XL,combo,0,0
FM-ATNRL-TD-2XL-FM-QDJG01-XA-L,combo,0,0
FM-ATNRL-TD-2XL-FM-QDJG01-XA-M,combo,0,0
FM-ATNRL-TD-2XL-FM-QDJG01-XA-S,combo,0,0
FM-ATNRL-TD-XL-FM-QDJG01-XA-2XL,combo,-2,0
FM-ATNRL-TD-XL-FM-QDJG01-XA-XL,combo,-2,0
FM-ATNRL-TD-XL-FM-QDJG01-XA-L,combo,-1,0
FM-ATNRL-TD-XL-FM-QDJG01-XA-M,combo,-2,0
FM-ATNRL-TD-XL-FM-QDJG01-XA-S,combo,-2,0
FM-ATNRL-TD-L-FM-QDJG01-XA-2XL,combo,-1,0
FM-ATNRL-TD-L-FM-QDJG01-XA-XL,combo,-1,0
FM-ATNRL-TD-L-FM-QDJG01-XA-L,combo,0,0
FM-ATNRL-TD-L-FM-QDJG01-XA-M,combo,-1,0
FM-ATNRL-TD-L-FM-QDJG01-XA-S,combo,-1,0
FM-ATNRL-TD-M-FM-QDJG01-XA-2XL,combo,-1,0
FM-ATNRL-TD-M-FM-QDJG01-XA-XL,combo,-1,0
FM-ATNRL-TD-M-FM-QDJG01-XA-L,combo,1,0
FM-ATNRL-TD-M-FM-QDJG01-XA-M,combo,-1,0
FM-ATNRL-TD-M-FM-QDJG01-XA-S,combo,-1,0
FM-ATNRL-TD-S-FM-QDJG01-XA-2XL,combo,0,0
FM-ATNRL-TD-S-FM-QDJG01-XA-XL,combo,0,0
FM-ATNRL-TD-S-FM-QDJG01-XA-L,combo,1,0
FM-ATNRL-TD-S-FM-QDJG01-XA-M,combo,0,0
FM-ATNRL-TD-S-FM-QDJG01-XA-S,combo,0,0
FM-AVB01-SS-2XL-FM-QN2L03-SS-2XL,combo,0,0
FM-AVB01-SS-2XL-FM-QN2L03-SS-XL,combo,0,0
FM-AVB01-SS-2XL-FM-QN2L03-SS-L,combo,0,0
FM-AVB01-SS-2XL-FM-QN2L03-SS-M,combo,0,0
FM-AVB01-SS-XL-FM-QN2L03-SS-2XL,combo,0,0
FM-AVB01-SS-XL-FM-QN2L03-SS-XL,combo,0,0
FM-AVB01-SS-XL-FM-QN2L03-SS-L,combo,0,0
FM-AVB01-SS-XL-FM-QN2L03-SS-M,combo,0,0
FM-AVB01-SS-L-FM-QN2L03-SS-2XL,combo,0,0
FM-AVB01-SS-L-FM-QN2L03-SS-XL,combo,0,0
FM-AVB01-SS-L-FM-QN2L03-SS-L,combo,0,0
FM-AVB01-SS-L-FM-QN2L03-SS-M,combo,0,0
FM-AVB01-SS-M-FM-QN2L03-SS-2XL,combo,0,0
FM-AVB01-SS-M-FM-QN2L03-SS-XL,combo,0,0
FM-AVB01-SS-M-FM-QN2L03-SS-L,combo,0,0
FM-AVB01-SS-M-FM-QN2L03-SS-M,combo,0,0
FM-AVB01-SG-2XL-FM-QN2L03-SG-2XL,combo,0,0
FM-AVB01-SG-2XL-FM-QN2L03-SG-XL,combo,0,0
FM-AVB01-SG-2XL-FM-QN2L03-SG-L,combo,0,0
FM-AVB01-SG-2XL-FM-QN2L03-SG-M,combo,0,0
FM-AVB01-SG-XL-FM-QN2L03-SG-2XL,combo,0,0
FM-AVB01-SG-XL-FM-QN2L03-SG-XL,combo,0,0
FM-AVB01-SG-XL-FM-QN2L03-SG-L,combo,0,0
FM-AVB01-SG-XL-FM-QN2L03-SG-M,combo,0,0
FM-AVB01-SG-L-FM-QN2L03-SG-2XL,combo,0,0
FM-AVB01-SG-L-FM-QN2L03-SG-XL,combo,0,0
FM-AVB01-SG-L-FM-QN2L03-SG-L,combo,0,0
FM-AVB01-SG-L-FM-QN2L03-SG-M,combo,0,0
FM-AVB01-SG-M-FM-QN2L03-SG-2XL,combo,0,0
FM-AVB01-SG-M-FM-QN2L03-SG-XL,combo,0,0
FM-AVB01-SG-M-FM-QN2L03-SG-L,combo,0,0
FM-AVB01-SG-M-FM-QN2L03-SG-M,combo,0,0
FM-AVB01-DE-2XL-FM-QN2L03-DE-2XL,combo,0,0
FM-AVB01-DE-2XL-FM-QN2L03-DE-XL,combo,0,0
FM-AVB01-DE-2XL-FM-QN2L03-DE-L,combo,0,0
FM-AVB01-DE-2XL-FM-QN2L03-DE-M,combo,0,0
FM-AVB01-DE-XL-FM-QN2L03-DE-2XL,combo,0,0
FM-AVB01-DE-XL-FM-QN2L03-DE-XL,combo,0,0
FM-AVB01-DE-XL-FM-QN2L03-DE-L,combo,0,0
FM-AVB01-DE-XL-FM-QN2L03-DE-M,combo,0,0
FM-AVB01-DE-L-FM-QN2L03-DE-2XL,combo,0,0
FM-AVB01-DE-L-FM-QN2L03-DE-XL,combo,0,0
FM-AVB01-DE-L-FM-QN2L03-DE-L,combo,0,0
FM-AVB01-DE-L-FM-QN2L03-DE-M,combo,0,0
FM-AVB01-DE-M-FM-QN2L03-DE-2XL,combo,0,0
FM-AVB01-DE-M-FM-QN2L03-DE-XL,combo,0,0
FM-AVB01-DE-M-FM-QN2L03-DE-L,combo,0,0
FM-AVB01-DE-M-FM-QN2L03-DE-M,combo,0,0
FM-ACCV01-SA-2XL-FM-QDCV01-SA-2XL,combo,65,0
FM-ACCV01-SA-2XL-FM-QDCV01-SA-XL,combo,65,0
FM-ACCV01-SA-2XL-FM-QDCV01-SA-L,combo,9,0
FM-ACCV01-SA-2XL-FM-QDCV01-SA-M,combo,0,0
FM-ACCV01-SA-2XL-FM-QDCV01-SA-S,combo,0,0
FM-ACCV01-SA-XL-FM-QDCV01-SA-2XL,combo,93,0
FM-ACCV01-SA-XL-FM-QDCV01-SA-XL,combo,93,0
FM-ACCV01-SA-XL-FM-QDCV01-SA-L,combo,9,0
FM-ACCV01-SA-XL-FM-QDCV01-SA-M,combo,0,0
FM-ACCV01-SA-XL-FM-QDCV01-SA-S,combo,0,0
FM-ACCV01-SA-L-FM-QDCV01-SA-2XL,combo,4,0
FM-ACCV01-SA-L-FM-QDCV01-SA-XL,combo,4,0
FM-ACCV01-SA-L-FM-QDCV01-SA-L,combo,4,0
FM-ACCV01-SA-L-FM-QDCV01-SA-M,combo,0,0
FM-ACCV01-SA-L-FM-QDCV01-SA-S,combo,0,0
FM-ACCV01-SA-M-FM-QDCV01-SA-2XL,combo,14,0
FM-ACCV01-SA-M-FM-QDCV01-SA-XL,combo,14,0
FM-ACCV01-SA-M-FM-QDCV01-SA-L,combo,10,0
FM-ACCV01-SA-M-FM-QDCV01-SA-M,combo,0,0
FM-ACCV01-SA-M-FM-QDCV01-SA-S,combo,0,0
FM-ACCV01-SA-S-FM-QDCV01-SA-2XL,combo,25,0
FM-ACCV01-SA-S-FM-QDCV01-SA-XL,combo,25,0
FM-ACCV01-SA-S-FM-QDCV01-SA-L,combo,9,0
FM-ACCV01-SA-S-FM-QDCV01-SA-M,combo,0,0
FM-ACCV01-SA-S-FM-QDCV01-SA-S,combo,0,0
FM-ATSM01-TR-XL-FM-QDJG01-XX-2XL,combo,0,0
FM-ATSM01-TR-XL-FM-QDJG01-XX-XL,combo,0,0
FM-ATSM01-TR-XL-FM-QDJG01-XX-L,combo,0,0
FM-ATSM01-TR-XL-FM-QDJG01-XX-M,combo,0,0
FM-ATSM01-TR-XL-FM-QDJG01-XX-S,combo,0,0
FM-ATSM01-TR-L-FM-QDJG01-XX-2XL,combo,0,0
FM-ATSM01-TR-L-FM-QDJG01-XX-XL,combo,0,0
FM-ATSM01-TR-L-FM-QDJG01-XX-L,combo,0,0
FM-ATSM01-TR-L-FM-QDJG01-XX-M,combo,0,0
FM-ATSM01-TR-L-FM-QDJG01-XX-S,combo,0,0
FM-ATSM01-TR-M-FM-QDJG01-XX-2XL,combo,0,0
FM-ATSM01-TR-M-FM-QDJG01-XX-XL,combo,0,0
FM-ATSM01-TR-M-FM-QDJG01-XX-L,combo,0,0
FM-ATSM01-TR-M-FM-QDJG01-XX-M,combo,0,0
FM-ATSM01-TR-M-FM-QDJG01-XX-S,combo,0,0
FM-ATSM01-TR-S-FM-QDJG01-XX-2XL,combo,0,0
FM-ATSM01-TR-S-FM-QDJG01-XX-XL,combo,0,0
FM-ATSM01-TR-S-FM-QDJG01-XX-L,combo,1,0
FM-ATSM01-TR-S-FM-QDJG01-XX-M,combo,1,0
FM-ATSM01-TR-S-FM-QDJG01-XX-S,combo,0,0
FM-QLTG01-DE-2XL,normal,8,0
FM-ACRT01-IV-XL,normal,0,0
FM-ACRT01-IV-L,normal,0,0
FM-ACRT01-IV-M,normal,0,0
FM-ACRT01-IV-S,normal,0,0
FM-ATSM01-XN-2XL,normal,216,0
FM-ATSM01-DE-2XL,normal,0,0
FM-ATSM01-XN-XL-FM-QDZT01-DE-2XL,combo,161,0
FM-ATSM01-XN-XL-FM-QDZT01-DE-XL,combo,161,0
FM-ATSM01-XN-XL-FM-QDZT01-DE-L,combo,161,0
FM-ATSM01-XN-XL-FM-QDZT01-DE-M,combo,161,0
FM-ATSM01-XN-XL-FM-QDZT01-DE-S,combo,161,0
FM-ATSM01-XN-L-FM-QDZT01-DE-2XL,combo,249,0
FM-ATSM01-XN-L-FM-QDZT01-DE-XL,combo,249,0
FM-ATSM01-XN-L-FM-QDZT01-DE-L,combo,249,0
FM-ATSM01-XN-L-FM-QDZT01-DE-M,combo,249,0
FM-ATSM01-XN-L-FM-QDZT01-DE-S,combo,249,0
FM-ATSM01-XN-M-FM-QDZT01-DE-2XL,combo,288,0
FM-ATSM01-XN-M-FM-QDZT01-DE-XL,combo,288,0
FM-ATSM01-XN-M-FM-QDZT01-DE-L,combo,288,0
FM-ATSM01-XN-M-FM-QDZT01-DE-M,combo,288,0
FM-ATSM01-XN-M-FM-QDZT01-DE-S,combo,288,0
FM-ATSM01-XN-S-FM-QDZT01-DE-2XL,combo,232,0
FM-ATSM01-XN-S-FM-QDZT01-DE-XL,combo,231,0
FM-ATSM01-XN-S-FM-QDZT01-DE-L,combo,232,0
FM-ATSM01-XN-S-FM-QDZT01-DE-M,combo,232,0
FM-ATSM01-XN-S-FM-QDZT01-DE-S,combo,232,0
FM-ATSM01-XR-XL-FM-QDZT01-DE-2XL,combo,287,0
FM-ATSM01-XR-XL-FM-QDZT01-DE-XL,combo,283,0
FM-ATSM01-XR-XL-FM-QDZT01-DE-L,combo,285,0
FM-ATSM01-XR-XL-FM-QDZT01-DE-M,combo,284,0
FM-ATSM01-XR-XL-FM-QDZT01-DE-S,combo,287,0
FM-ATSM01-XR-L-FM-QDZT01-DE-2XL,combo,401,0
FM-ATSM01-XR-L-FM-QDZT01-DE-XL,combo,334,0
FM-ATSM01-XR-L-FM-QDZT01-DE-L,combo,487,0
FM-ATSM01-XR-L-FM-QDZT01-DE-M,combo,486,0
FM-ATSM01-XR-L-FM-QDZT01-DE-S,combo,489,0
FM-ATSM01-XR-M-FM-QDZT01-DE-2XL,combo,399,0
FM-ATSM01-XR-M-FM-QDZT01-DE-XL,combo,334,0
FM-ATSM01-XR-M-FM-QDZT01-DE-L,combo,437,0
FM-ATSM01-XR-M-FM-QDZT01-DE-M,combo,436,0
FM-ATSM01-XR-M-FM-QDZT01-DE-S,combo,436,0
FM-ATSM01-XR-S-FM-QDZT01-DE-2XL,combo,187,0
FM-ATSM01-XR-S-FM-QDZT01-DE-XL,combo,182,0
FM-ATSM01-XR-S-FM-QDZT01-DE-L,combo,184,0
FM-ATSM01-XR-S-FM-QDZT01-DE-M,combo,183,0
FM-ATSM01-XR-S-FM-QDZT01-DE-S,combo,187,0
FM-ATNRL-SD-2XL,normal,0,0
FM-ATNRL-SD-XL,normal,0,0
FM-ATNRL-SD-L,normal,0,0
FM-ATNRL-SD-M,normal,0,0
FM-ATNRL-SD-S,normal,0,0
FM-JGNU01-DE-XL,normal,0,0
FM-JGNU01-DE-L,normal,0,0
FM-JGNU01-DE-M,normal,0,0
FM-JGNU01-DE-S,normal,0,0
FM-JGNU01-XD-XL,normal,0,0
FM-JGNU01-XD-L,normal,0,0
FM-JGNU01-XD-M,normal,0,0
FM-JGNU01-XD-S,normal,0,0
FM-BRTT01-XX-XL-FM-QDZT01-XX-2XL,combo,0,0
FM-BRTT01-XX-L-FM-QDZT01-XX-2XL,combo,1,0
FM-BRTT01-XX-M-FM-QDZT01-XX-2XL,combo,0,0
FM-BRTT01-XX-S-FM-QDZT01-XX-2XL,combo,3,0
FM-BRTT01-IV-XL-FM-QDZT01-DE-2XL,combo,0,0
FM-BRTT01-IV-XL-FM-QDZT01-DE-XL,combo,0,0
FM-BRTT01-IV-XL-FM-QDZT01-DE-L,combo,1,0
FM-BRTT01-IV-XL-FM-QDZT01-DE-M,combo,1,0
FM-BRTT01-IV-XL-FM-QDZT01-DE-S,combo,0,0
FM-BRTT01-IV-L-FM-QDZT01-DE-2XL,combo,0,0
FM-BRTT01-IV-L-FM-QDZT01-DE-XL,combo,0,0
FM-BRTT01-IV-L-FM-QDZT01-DE-L,combo,1,0
FM-BRTT01-IV-L-FM-QDZT01-DE-M,combo,1,0
FM-BRTT01-IV-L-FM-QDZT01-DE-S,combo,0,0
FM-BRTT01-IV-M-FM-QDZT01-DE-2XL,combo,60,0
FM-BRTT01-IV-M-FM-QDZT01-DE-XL,combo,60,0
FM-BRTT01-IV-M-FM-QDZT01-DE-L,combo,63,0
FM-BRTT01-IV-M-FM-QDZT01-DE-M,combo,61,0
FM-BRTT01-IV-M-FM-QDZT01-DE-S,combo,60,0
FM-BRTT01-IV-S-FM-QDZT01-DE-2XL,combo,0,0
FM-BRTT01-IV-S-FM-QDZT01-DE-XL,combo,0,0
FM-BRTT01-IV-S-FM-QDZT01-DE-L,combo,1,0
FM-BRTT01-IV-S-FM-QDZT01-DE-M,combo,1,0
FM-BRTT01-IV-S-FM-QDZT01-DE-S,combo,0,0
FM-BRTT01-DE-XL-FM-QDZT01-DE-2XL,combo,322,0
FM-BRTT01-DE-L-FM-QDZT01-DE-2XL,combo,401,0
FM-BRTT01-DE-M-FM-QDZT01-DE-2XL,combo,401,0
FM-BRTT01-DE-S-FM-QDZT01-DE-2XL,combo,401,0
FM-AKCV01-BB-XL,normal,0,0
FM-AVBNU-SG-2XL-FM-Q2LNU01-XD-XL,combo,0,0
FM-AVBNU-SG-2XL-FM-Q2LNU01-XD-L,combo,0,0
FM-AVBNU-SG-2XL-FM-Q2LNU01-XD-M,combo,0,0
FM-AVBNU-DE-2XL-FM-Q2LNU01-DX-XL,combo,0,0
FM-AVBNU-DE-2XL-FM-Q2LNU01-DX-L,combo,0,0
FM-AVBNU-DE-2XL-FM-Q2LNU01-DX-M,combo,0,0
FM-AVBNU-SS-2XL-FM-Q2LNU01-BD-XL,combo,-1,0
FM-AVBNU-SS-2XL-FM-Q2LNU01-BD-L,combo,-1,0
FM-AVBNU-SS-2XL-FM-Q2LNU01-BD-M,combo,-1,0
FM-AVBNU-SG-2XL,normal,67,0
FM-AVBNU-SS-2XL,normal,-1,0
FM-AVBNU-DE-2XL,normal,112,0
FM-BRLT01-MB-XL-FM-QDZT01-MB-2XL,combo,0,0
FM-BRLT01-MB-XL-FM-QDZT01-MB-XL,combo,0,0
FM-BRLT01-MB-XL-FM-QDZT01-MB-L,combo,0,0
FM-BRLT01-MB-XL-FM-QDZT01-MB-M,combo,0,0
FM-BRLT01-MB-XL-FM-QDZT01-MB-S,combo,0,0
FM-BRLT01-MB-L-FM-QDZT01-MB-2XL,combo,0,0
FM-BRLT01-MB-L-FM-QDZT01-MB-XL,combo,0,0
FM-BRLT01-MB-L-FM-QDZT01-MB-L,combo,0,0
FM-BRLT01-MB-L-FM-QDZT01-MB-M,combo,0,0
FM-BRLT01-MB-L-FM-QDZT01-MB-S,combo,0,0
FM-BRLT01-MB-M-FM-QDZT01-MB-2XL,combo,0,0
FM-BRLT01-MB-M-FM-QDZT01-MB-XL,combo,0,0
FM-BRLT01-MB-M-FM-QDZT01-MB-L,combo,0,0
FM-BRLT01-MB-M-FM-QDZT01-MB-M,combo,0,0
FM-BRLT01-MB-M-FM-QDZT01-MB-S,combo,0,0
FM-BRLT01-MB-S-FM-QDZT01-MB-2XL,combo,0,0
FM-BRLT01-MB-S-FM-QDZT01-MB-XL,combo,0,0
FM-BRLT01-MB-S-FM-QDZT01-MB-L,combo,0,0
FM-BRLT01-MB-S-FM-QDZT01-MB-M,combo,0,0
FM-BRLT01-MB-S-FM-QDZT01-MB-S,combo,0,0
FM-BRTT01-MB-XL-FM-QDZT01-MB-2XL,combo,0,0
FM-BRTT01-MB-XL-FM-QDZT01-MB-XL,combo,0,0
FM-BRTT01-MB-XL-FM-QDZT01-MB-L,combo,1,0
FM-BRTT01-MB-XL-FM-QDZT01-MB-M,combo,0,0
FM-BRTT01-MB-XL-FM-QDZT01-MB-S,combo,0,0
FM-BRTT01-MB-L-FM-QDZT01-MB-2XL,combo,0,0
FM-BRTT01-MB-L-FM-QDZT01-MB-XL,combo,0,0
FM-BRTT01-MB-L-FM-QDZT01-MB-L,combo,2,0
FM-BRTT01-MB-L-FM-QDZT01-MB-M,combo,1,0
FM-BRTT01-MB-L-FM-QDZT01-MB-S,combo,0,0
FM-BRTT01-MB-M-FM-QDZT01-MB-2XL,combo,0,0
FM-BRTT01-MB-M-FM-QDZT01-MB-XL,combo,0,0
FM-BRTT01-MB-M-FM-QDZT01-MB-L,combo,1,0
FM-BRTT01-MB-M-FM-QDZT01-MB-M,combo,0,0
FM-BRTT01-MB-M-FM-QDZT01-MB-S,combo,0,0
FM-BRTT01-MB-S-FM-QDZT01-MB-2XL,combo,0,0
FM-BRTT01-MB-S-FM-QDZT01-MB-XL,combo,0,0
FM-BRTT01-MB-S-FM-QDZT01-MB-L,combo,0,0
FM-BRTT01-MB-S-FM-QDZT01-MB-M,combo,0,0
FM-BRTT01-MB-S-FM-QDZT01-MB-S,combo,0,0
FM-QDZT01-SA-2XL-FM-BRTT01-IV-XL,combo,0,0
FM-QDZT01-SA-2XL-FM-BRTT01-IV-L,combo,0,0
FM-QDZT01-SA-2XL-FM-BRTT01-IV-M,combo,60,0
FM-QDZT01-SA-2XL-FM-BRTT01-IV-S,combo,0,0
FM-QDZT01-SA-XL-FM-BRTT01-IV-XL,combo,0,0
FM-QDZT01-SA-XL-FM-BRTT01-IV-L,combo,0,0
FM-QDZT01-SA-XL-FM-BRTT01-IV-M,combo,60,0
FM-QDZT01-SA-XL-FM-BRTT01-IV-S,combo,0,0
FM-QDZT01-SA-L-FM-BRTT01-IV-XL,combo,1,0
FM-QDZT01-SA-L-FM-BRTT01-IV-L,combo,1,0
FM-QDZT01-SA-L-FM-BRTT01-IV-M,combo,63,0
FM-QDZT01-SA-L-FM-BRTT01-IV-S,combo,1,0
FM-QDZT01-SA-M-FM-BRTT01-IV-XL,combo,1,0
FM-QDZT01-SA-M-FM-BRTT01-IV-L,combo,1,0
FM-QDZT01-SA-M-FM-BRTT01-IV-M,combo,61,0
FM-QDZT01-SA-M-FM-BRTT01-IV-S,combo,1,0
FM-QDZT01-SA-S-FM-BRTT01-IV-XL,combo,0,0
FM-QDZT01-SA-S-FM-BRTT01-IV-L,combo,0,0
FM-QDZT01-SA-S-FM-BRTT01-IV-M,combo,60,0
FM-QDZT01-SA-S-FM-BRTT01-IV-S,combo,0,0
FM-QDZT01-SA-2XL,normal,255,0
FM-QDZT01-MB-2XL,normal,0,0
FM-QDZT01-XX-2XL,normal,188,0
FM-QDZT01-DE-2XL,normal,403,0
FM-AVBNU-SG-XL-FM-Q2LNU01-XD-XL,combo,0,0
FM-AVBNU-SG-XL-FM-Q2LNU01-XD-L,combo,0,0
FM-AVBNU-SG-XL-FM-Q2LNU01-XD-M,combo,0,0
FM-AVBNU-SG-L-FM-Q2LNU01-XD-XL,combo,0,0
FM-AVBNU-SG-L-FM-Q2LNU01-XD-L,combo,0,0
FM-AVBNU-SG-L-FM-Q2LNU01-XD-M,combo,0,0
FM-AVBNU-SG-M-FM-Q2LNU01-XD-XL,combo,0,0
FM-AVBNU-SG-M-FM-Q2LNU01-XD-L,combo,0,0
FM-AVBNU-SG-M-FM-Q2LNU01-XD-M,combo,0,0
FM-AVBNU-SG-S-FM-Q2LNU01-XD-XL,combo,2,0
FM-AVBNU-SG-S-FM-Q2LNU01-XD-L,combo,1,0
FM-AVBNU-SG-S-FM-Q2LNU01-XD-M,combo,1,0
FM-AVBNU-SS-XL-FM-Q2LNU01-BD-XL,combo,0,0
FM-AVBNU-SS-XL-FM-Q2LNU01-BD-L,combo,0,0
FM-AVBNU-SS-XL-FM-Q2LNU01-BD-M,combo,0,0
FM-AVBNU-SS-L-FM-Q2LNU01-BD-XL,combo,2,0
FM-AVBNU-SS-L-FM-Q2LNU01-BD-L,combo,1,0
FM-AVBNU-SS-L-FM-Q2LNU01-BD-M,combo,1,0
FM-AVBNU-SS-M-FM-Q2LNU01-BD-XL,combo,0,0
FM-AVBNU-SS-M-FM-Q2LNU01-BD-L,combo,0,0
FM-AVBNU-SS-M-FM-Q2LNU01-BD-M,combo,0,0
FM-AVBNU-SS-S-FM-Q2LNU01-BD-XL,combo,0,0
FM-AVBNU-SS-S-FM-Q2LNU01-BD-L,combo,0,0
FM-AVBNU-SS-S-FM-Q2LNU01-BD-M,combo,0,0
FM-AVBNU-DE-XL-FM-Q2LNU01-DX-XL,combo,0,0
FM-AVBNU-DE-XL-FM-Q2LNU01-DX-L,combo,0,0
FM-AVBNU-DE-XL-FM-Q2LNU01-DX-M,combo,0,0
FM-AVBNU-DE-L-FM-Q2LNU01-DX-XL,combo,0,0
FM-AVBNU-DE-L-FM-Q2LNU01-DX-L,combo,0,0
FM-AVBNU-DE-L-FM-Q2LNU01-DX-M,combo,0,0
FM-AVBNU-DE-M-FM-Q2LNU01-DX-XL,combo,0,0
FM-AVBNU-DE-M-FM-Q2LNU01-DX-L,combo,0,0
FM-AVBNU-DE-M-FM-Q2LNU01-DX-M,combo,0,0
FM-AVBNU-DE-S-FM-Q2LNU01-DX-XL,combo,2,0
FM-AVBNU-DE-S-FM-Q2LNU01-DX-L,combo,0,0
FM-AVBNU-DE-S-FM-Q2LNU01-DX-M,combo,1,0
FM-ACRT01-DE-XL-FM-ACRT01-DE-L,combo,0,0
FM-ACRT01-DE-XL-FM-ACRT01-DE-M,combo,0,0
FM-ACRT01-DE-XL-FM-ACRT01-DE-S,combo,0,0
FM-ACRT01-DE-L-FM-ACRT01-DE-XL,combo,0,0
FM-ACRT01-DE-L-FM-ACRT01-DE-M,combo,1,0
FM-ACRT01-DE-L-FM-ACRT01-DE-S,combo,0,0
FM-ACRT01-DE-M-FM-ACRT01-DE-XL,combo,0,0
FM-ACRT01-DE-M-FM-ACRT01-DE-L,combo,1,0
FM-ACRT01-DE-M-FM-ACRT01-DE-S,combo,0,0
FM-ACRT01-DE-S-FM-ACRT01-DE-XL,combo,0,0
FM-ACRT01-DE-S-FM-ACRT01-DE-L,combo,0,0
FM-ACRT01-DE-S-FM-ACRT01-DE-M,combo,0,0
FM-ATNRL-TD-2XL-FM-JGDT-XX-2XL,combo,0,0
FM-ATNRL-TD-2XL-FM-JGDT-XX-XL,combo,0,0
FM-ATNRL-TD-2XL-FM-JGDT-XX-L,combo,0,0
FM-ATNRL-TD-2XL-FM-JGDT-XX-M,combo,0,0
FM-ATNRL-TD-2XL-FM-JGDT-XX-S,combo,0,0
FM-ATNRL-TD-XL-FM-JGDT-XX-2XL,combo,-2,0
FM-ATNRL-TD-XL-FM-JGDT-XX-XL,combo,-2,0
FM-ATNRL-TD-XL-FM-JGDT-XX-L,combo,-1,0
FM-ATNRL-TD-XL-FM-JGDT-XX-M,combo,-2,0
FM-ATNRL-TD-XL-FM-JGDT-XX-S,combo,-2,0
FM-ATNRL-TD-L-FM-JGDT-XX-2XL,combo,-1,0
FM-ATNRL-TD-L-FM-JGDT-XX-XL,combo,-1,0
FM-ATNRL-TD-L-FM-JGDT-XX-L,combo,0,0
FM-ATNRL-TD-L-FM-JGDT-XX-M,combo,-1,0
FM-ATNRL-TD-L-FM-JGDT-XX-S,combo,-1,0
FM-ATNRL-TD-M-FM-JGDT-XX-2XL,combo,-1,0
FM-ATNRL-TD-M-FM-JGDT-XX-XL,combo,-1,0
FM-ATNRL-TD-M-FM-JGDT-XX-L,combo,1,0
FM-ATNRL-TD-M-FM-JGDT-XX-M,combo,-1,0
FM-ATNRL-TD-M-FM-JGDT-XX-S,combo,-1,0
FM-ATNRL-TD-S-FM-JGDT-XX-2XL,combo,0,0
FM-ATNRL-TD-S-FM-JGDT-XX-XL,combo,0,0
FM-ATNRL-TD-S-FM-JGDT-XX-L,combo,1,0
FM-ATNRL-TD-S-FM-JGDT-XX-M,combo,0,0
FM-ATNRL-TD-S-FM-JGDT-XX-S,combo,0,0
FM-ATNRL-TD-L-FM-JGDT-DE-2XL,combo,0,0
FM-QLTG01-SA-L,normal,3,0
FM-QLTG01-SA-M,normal,27,0
FM-QLTG01-SA-S,normal,140,0
FM-QLTG01-SA-XL,normal,0,0
FM-BRTT01-IV-L,normal,1,0
FM-BRTT01-IV-M,normal,63,0
FM-BRTT01-IV-S,normal,1,0
FM-BRTT01-IV-XL,normal,1,0
FM-JGNAM01-SG-2XL,normal,1,0
FM-JGNAM01-DE-2XL,normal,1,0
FM-JGNAM01-SS-2XL,normal,1,0
FM-AVB01-DE-2XL,normal,0,0
FM-AVB01-SS-2XL,normal,0,0
FM-AVB01-SG-2XL,normal,0,0
FM-ACCVKM-XX-2XL,normal,0,0
FM-ACCVKM-XX-XL,normal,0,0
FM-ACCVKM-XX-L,normal,0,0
FM-ACCVKM-XX-M,normal,0,0
FM-ACCVKM-XX-S,normal,0,0
FM-ACCVKM-BB-2XL,normal,0,0
FM-ACCVKM-BB-XL,normal,0,0
FM-ACCVKM-BB-L,normal,0,0
FM-ACCVKM-BB-M,normal,0,0
FM-ACCVKM-BB-S,normal,0,0
FM-QN2L03-DE-2XL,normal,1,0
FM-QN2L03-SS-2XL,normal,1,0
FM-QN2L03-SG-2XL,normal,1,0
FM-ATNRL-DT-2XL-FM-QDJG01-DE-2XL,combo,0,0
FM-ATNRL-DT-2XL-FM-QDJG01-DE-XL,combo,0,0
FM-ATNRL-DT-2XL-FM-QDJG01-DE-L,combo,0,0
FM-ATNRL-DT-2XL-FM-QDJG01-DE-M,combo,0,0
FM-ATNRL-DT-2XL-FM-QDJG01-DE-S,combo,0,0
FM-ATNRL-DT-XL-FM-QDJG01-DE-2XL,combo,105,0
FM-ATNRL-DT-XL-FM-QDJG01-DE-XL,combo,91,0
FM-ATNRL-DT-XL-FM-QDJG01-DE-L,combo,154,0
FM-ATNRL-DT-XL-FM-QDJG01-DE-M,combo,153,0
FM-ATNRL-DT-XL-FM-QDJG01-DE-S,combo,152,0
FM-ATNRL-DT-L-FM-QDJG01-DE-2XL,combo,0,0
FM-ATNRL-DT-L-FM-QDJG01-DE-XL,combo,0,0
FM-ATNRL-DT-L-FM-QDJG01-DE-L,combo,0,0
FM-ATNRL-DT-L-FM-QDJG01-DE-M,combo,0,0
FM-ATNRL-DT-L-FM-QDJG01-DE-S,combo,0,0
FM-ATNRL-DT-M-FM-QDJG01-DE-2XL,combo,0,0
FM-ATNRL-DT-M-FM-QDJG01-DE-XL,combo,0,0
FM-ATNRL-DT-M-FM-QDJG01-DE-L,combo,1,0
FM-ATNRL-DT-M-FM-QDJG01-DE-M,combo,1,0
FM-ATNRL-DT-M-FM-QDJG01-DE-S,combo,0,0
FM-ATNRL-DT-S-FM-QDJG01-DE-2XL,combo,0,0
FM-ATNRL-DT-S-FM-QDJG01-DE-XL,combo,0,0
FM-ATNRL-DT-S-FM-QDJG01-DE-L,combo,1,0
FM-ATNRL-DT-S-FM-QDJG01-DE-M,combo,1,0
FM-ATNRL-DT-S-FM-QDJG01-DE-S,combo,0,0
FM-AJK2S-XM-XL-FM-QJK2S-XM-XL,combo,0,0
FM-AJK2S-XM-XL-FM-QJK2S-XM-L,combo,0,0
FM-AJK2S-XM-XL-FM-QJK2S-XM-M,combo,0,0
FM-AJK2S-XM-XL-FM-QJK2S-XM-S,combo,0,0
FM-AJK2S-XM-L-FM-QJK2S-XM-XL,combo,0,0
FM-AJK2S-XM-L-FM-QJK2S-XM-L,combo,0,0
FM-AJK2S-XM-L-FM-QJK2S-XM-M,combo,0,0
FM-AJK2S-XM-L-FM-QJK2S-XM-S,combo,0,0
FM-AJK2S-XM-M-FM-QJK2S-XM-XL,combo,0,0
FM-AJK2S-XM-M-FM-QJK2S-XM-L,combo,0,0
FM-AJK2S-XM-M-FM-QJK2S-XM-M,combo,0,0
FM-AJK2S-XM-M-FM-QJK2S-XM-S,combo,0,0
FM-AJK2S-XM-S-FM-QJK2S-XM-XL,combo,0,0
FM-AJK2S-XM-S-FM-QJK2S-XM-L,combo,0,0
FM-AJK2S-XM-S-FM-QJK2S-XM-M,combo,0,0
FM-AJK2S-XM-S-FM-QJK2S-XM-S,combo,0,0
FM-AJK2S-BE-XL-FM-QJK2S-BE-XL,combo,0,0
FM-AJK2S-BE-XL-FM-QJK2S-BE-L,combo,0,0
FM-AJK2S-BE-XL-FM-QJK2S-BE-M,combo,0,0
FM-AJK2S-BE-XL-FM-QJK2S-BE-S,combo,0,0
FM-AJK2S-BE-L-FM-QJK2S-BE-XL,combo,0,0
FM-AJK2S-BE-L-FM-QJK2S-BE-L,combo,0,0
FM-AJK2S-BE-L-FM-QJK2S-BE-M,combo,0,0
FM-AJK2S-BE-L-FM-QJK2S-BE-S,combo,1,0
FM-AJK2S-BE-M-FM-QJK2S-BE-XL,combo,0,0
FM-AJK2S-BE-M-FM-QJK2S-BE-L,combo,0,0
FM-AJK2S-BE-M-FM-QJK2S-BE-M,combo,0,0
FM-AJK2S-BE-M-FM-QJK2S-BE-S,combo,1,0
FM-AJK2S-BE-S-FM-QJK2S-BE-XL,combo,0,0
FM-AJK2S-BE-S-FM-QJK2S-BE-L,combo,0,0
FM-AJK2S-BE-S-FM-QJK2S-BE-M,combo,0,0
FM-AJK2S-BE-S-FM-QJK2S-BE-S,combo,1,0
FM-AJK2S-DE-XL-FM-QJK2S-DE-XL,combo,0,0
FM-AJK2S-DE-XL-FM-QJK2S-DE-L,combo,0,0
FM-AJK2S-DE-XL-FM-QJK2S-DE-M,combo,0,0
FM-AJK2S-DE-XL-FM-QJK2S-DE-S,combo,0,0
FM-AJK2S-DE-L-FM-QJK2S-DE-XL,combo,0,0
FM-AJK2S-DE-L-FM-QJK2S-DE-L,combo,0,0
FM-AJK2S-DE-L-FM-QJK2S-DE-M,combo,0,0
FM-AJK2S-DE-L-FM-QJK2S-DE-S,combo,0,0
FM-AJK2S-DE-M-FM-QJK2S-DE-XL,combo,0,0
FM-AJK2S-DE-M-FM-QJK2S-DE-L,combo,0,0
FM-AJK2S-DE-M-FM-QJK2S-DE-M,combo,0,0
FM-AJK2S-DE-M-FM-QJK2S-DE-S,combo,0,0
FM-AJK2S-DE-S-FM-QJK2S-DE-XL,combo,0,0
FM-AJK2S-DE-S-FM-QJK2S-DE-L,combo,0,0
FM-AJK2S-DE-S-FM-QJK2S-DE-M,combo,0,0
FM-AJK2S-DE-S-FM-QJK2S-DE-S,combo,0,0
FM-AVBNU-DE-XL,normal,130,0
FM-AVBNU-DE-L,normal,1360,0
FM-AVBNU-DE-M,normal,167,0
FM-AVBNU-DE-S,normal,76,0
FM-AVBNU-SS-XL,normal,3,0
FM-AVBNU-SS-L,normal,2,0
FM-AVBNU-SS-M,normal,1,0
FM-AVBNU-SS-S,normal,4,0
FM-AVBNU-SG-XL,normal,40,0
FM-AVBNU-SG-L,normal,155,0
FM-AVBNU-SG-M,normal,50,0
FM-AVBNU-SG-S,normal,161,0
FM-QLTG01-MB-L,normal,3,0
FM-QLTG01-MB-M,normal,0,0
FM-QLTG01-MB-S,normal,-1,0
FM-QLTG01-MB-XL,normal,0,0
FM-QDJG01-XX-2XL,normal,0,0
FM-QDJG01-XA-2XL,normal,66,0
FM-QDJG01-DE-2XL,normal,105,0
FM-BRLT01-DE-M-FM-JGOB01-DE-2,combo,0,0
FM-BRLT01-DE-S-FM-JGOB01-DE-1,combo,0,0
FM-BRLT01-DE-M-FM-JGOB01-DE-4,combo,0,0
FM-BRLT01-DE-M-FM-JGOB01-DE-3,combo,0,0
FM-BRLT01-DE-XL-FM-JGOB01-DE-4,combo,0,0
FM-BRLT01-DE-L-FM-JGOB01-DE-2,combo,0,0
FM-BRLT01-DE-M-FM-JGOB01-DE-1,combo,0,0
FM-BRLT01-DE-S-FM-JGOB01-DE-3,combo,0,0
FM-BRLT01-DE-XL-FM-JGOB01-DE-3,combo,0,0
FM-BRLT01-DE-S-FM-JGOB01-DE-2,combo,0,0
FM-BRLT01-DE-L-FM-JGOB01-DE-4,combo,0,0
FM-BRLT01-DE-L-FM-JGOB01-DE-3,combo,0,0
FM-BRLT01-DE-XL-FM-JGOB01-DE-2,combo,0,0
FM-BRLT01-DE-S-FM-JGOB01-DE-4,combo,0,0
FM-BRLT01-DE-XL-FM-JGOB01-DE-1,combo,0,0
FM-BRLT01-DE-L-FM-JGOB01-DE-1,combo,0,0
FM-BRLT01-DE-M-FM-QDJG01-DE-XL,combo,0,0
FM-BRLT01-DE-L-FM-QDJG01-DE-S,combo,0,0
FM-BRLT01-DE-XL-FM-QDJG01-DE-S,combo,0,0
FM-BRLT01-DE-XL-FM-QDJG01-DE-M,combo,0,0
FM-BRLT01-DE-S-FM-QDJG01-DE-XL,combo,0,0
FM-BRLT01-DE-L-FM-QDJG01-XA-S,combo,0,0
FM-BRLT01-DE-XL-FM-QDJG01-XA-M,combo,0,0
FM-BRLT01-DE-XL-FM-QDJG01-XA-S,combo,0,0
FM-BRLT01-DE-S-FM-QDJG01-XA-XL,combo,0,0
FM-AKCV01-XX-XL-FM-QLCV01-XX-M,combo,0,0
FM-AKCV01-XX-XL-FM-QLCV01-XX-2XL,combo,0,0
FM-AKCV01-XX-XL-FM-QLCV01-XX-L,combo,0,0
FM-AKCV01-XX-XL-FM-QLCV01-XX-XL,combo,0,0
FM-AKCV01-XX-XL-FM-QLCV01-XX-S,combo,0,0
FM-ACRT01-DE-S-FM-JGOB01-BE-4,combo,0,0
FM-ACRT01-DE-XL-FM-JGOB01-BE-1,combo,0,0
FM-ACRT01-DE-L-FM-JGOB01-BE-1,combo,0,0
FM-ATNRL-TD-2XL-FM-QDCV01-DE-2XL,combo,0,0
FM-ATNRL-TD-XL-FM-QDCV01-DE-2XL,combo,-2,0
FM-ATNRL-TD-L-FM-QDCV01-DE-2XL,combo,-1,0
FM-ATNRL-TD-M-FM-QDCV01-DE-2XL,combo,-1,0
FM-ATNRL-TD-S-FM-QDCV01-DE-2XL,combo,0,0
FM-AKCV01-XX-XL,normal,92,0
FM-AKHZC-XX-2XL-FM-QDCV01-XX-2XL,combo,67,0
FM-AKHZC-XX-2XL-FM-QDCV01-XX-XL,combo,67,0
FM-AKHZC-XX-2XL-FM-QDCV01-XX-L,combo,67,0
FM-AKHZC-XX-2XL-FM-QDCV01-XX-M,combo,0,0
FM-AKHZC-XX-2XL-FM-QDCV01-XX-S,combo,-1,0
FM-AKHZC-XX-XL-FM-QDCV01-XX-2XL,combo,110,0
FM-AKHZC-XX-XL-FM-QDCV01-XX-XL,combo,110,0
FM-AKHZC-XX-XL-FM-QDCV01-XX-L,combo,85,0
FM-AKHZC-XX-XL-FM-QDCV01-XX-M,combo,0,0
FM-AKHZC-XX-XL-FM-QDCV01-XX-S,combo,-1,0
FM-AKHZC-XX-L-FM-QDCV01-XX-2XL,combo,159,0
FM-AKHZC-XX-L-FM-QDCV01-XX-XL,combo,166,0
FM-AKHZC-XX-L-FM-QDCV01-XX-L,combo,86,0
FM-AKHZC-XX-L-FM-QDCV01-XX-M,combo,0,0
FM-AKHZC-XX-L-FM-QDCV01-XX-S,combo,-1,0
FM-AKHZC-XX-M-FM-QDCV01-XX-2XL,combo,159,0
FM-AKHZC-XX-M-FM-QDCV01-XX-XL,combo,169,0
FM-AKHZC-XX-M-FM-QDCV01-XX-L,combo,87,0
FM-AKHZC-XX-M-FM-QDCV01-XX-M,combo,0,0
FM-AKHZC-XX-M-FM-QDCV01-XX-S,combo,-1,0
FM-AKHZC-XX-S-FM-QDCV01-XX-2XL,combo,86,0
FM-AKHZC-XX-S-FM-QDCV01-XX-XL,combo,86,0
FM-AKHZC-XX-S-FM-QDCV01-XX-L,combo,85,0
FM-AKHZC-XX-S-FM-QDCV01-XX-M,combo,0,0
FM-AKHZC-XX-S-FM-QDCV01-XX-S,combo,-1,0
FM-AKHZC-MB-2XL-FM-QDCV01-MB-2XL,combo,0,0
FM-AKHZC-MB-2XL-FM-QDCV01-MB-XL,combo,0,0
FM-AKHZC-MB-2XL-FM-QDCV01-MB-L,combo,0,0
FM-AKHZC-MB-2XL-FM-QDCV01-MB-M,combo,0,0
FM-AKHZC-MB-2XL-FM-QDCV01-MB-S,combo,0,0
FM-AKHZC-MB-XL-FM-QDCV01-MB-2XL,combo,0,0
FM-AKHZC-MB-XL-FM-QDCV01-MB-XL,combo,0,0
FM-AKHZC-MB-XL-FM-QDCV01-MB-L,combo,0,0
FM-AKHZC-MB-XL-FM-QDCV01-MB-M,combo,0,0
FM-AKHZC-MB-XL-FM-QDCV01-MB-S,combo,0,0
FM-AKHZC-MB-L-FM-QDCV01-MB-2XL,combo,0,0
FM-AKHZC-MB-L-FM-QDCV01-MB-XL,combo,0,0
FM-AKHZC-MB-L-FM-QDCV01-MB-L,combo,1,0
FM-AKHZC-MB-L-FM-QDCV01-MB-M,combo,0,0
FM-AKHZC-MB-L-FM-QDCV01-MB-S,combo,0,0
FM-AKHZC-MB-M-FM-QDCV01-MB-2XL,combo,0,0
FM-AKHZC-MB-M-FM-QDCV01-MB-XL,combo,0,0
FM-AKHZC-MB-M-FM-QDCV01-MB-L,combo,2,0
FM-AKHZC-MB-M-FM-QDCV01-MB-M,combo,0,0
FM-AKHZC-MB-M-FM-QDCV01-MB-S,combo,0,0
FM-AKHZC-MB-S-FM-QDCV01-MB-2XL,combo,10,0
FM-AKHZC-MB-S-FM-QDCV01-MB-XL,combo,10,0
FM-AKHZC-MB-S-FM-QDCV01-MB-L,combo,0,0
FM-AKHZC-MB-S-FM-QDCV01-MB-M,combo,0,0
FM-AKHZC-MB-S-FM-QDCV01-MB-S,combo,0,0
FM-AKCV01-XX-L-FM-QLCV01-XX-2XL,combo,0,0
FM-AKCV01-XX-L-FM-QLCV01-XX-XL,combo,0,0
FM-AKCV01-XX-L-FM-QLCV01-XX-L,combo,0,0
FM-AKCV01-XX-L-FM-QLCV01-XX-M,combo,0,0
FM-AKCV01-XX-L-FM-QLCV01-XX-S,combo,0,0
FM-AKCV01-XX-M-FM-QLCV01-XX-2XL,combo,0,0
FM-AKCV01-XX-M-FM-QLCV01-XX-XL,combo,0,0
FM-AKCV01-XX-M-FM-QLCV01-XX-L,combo,1,0
FM-AKCV01-XX-M-FM-QLCV01-XX-M,combo,0,0
FM-AKCV01-XX-M-FM-QLCV01-XX-S,combo,0,0
FM-AKCV01-XX-S-FM-QLCV01-XX-2XL,combo,0,0
FM-AKCV01-XX-S-FM-QLCV01-XX-XL,combo,0,0
FM-AKCV01-XX-S-FM-QLCV01-XX-L,combo,1,0
FM-AKCV01-XX-S-FM-QLCV01-XX-M,combo,0,0
FM-AKCV01-XX-S-FM-QLCV01-XX-S,combo,0,0
FM-AKCV01-SA-XL-FM-QLCV01-SA-2XL,combo,0,0
FM-AKCV01-SA-XL-FM-QLCV01-SA-XL,combo,0,0
FM-AKCV01-SA-XL-FM-QLCV01-SA-L,combo,0,0
FM-AKCV01-SA-XL-FM-QLCV01-SA-M,combo,0,0
FM-AKCV01-SA-XL-FM-QLCV01-SA-S,combo,0,0
FM-AKCV01-SA-L-FM-QLCV01-SA-2XL,combo,0,0
FM-AKCV01-SA-L-FM-QLCV01-SA-XL,combo,0,0
FM-AKCV01-SA-L-FM-QLCV01-SA-L,combo,0,0
FM-AKCV01-SA-L-FM-QLCV01-SA-M,combo,0,0
FM-AKCV01-SA-L-FM-QLCV01-SA-S,combo,0,0
FM-AKCV01-SA-M-FM-QLCV01-SA-2XL,combo,0,0
FM-AKCV01-SA-M-FM-QLCV01-SA-XL,combo,0,0
FM-AKCV01-SA-M-FM-QLCV01-SA-L,combo,1,0
FM-AKCV01-SA-M-FM-QLCV01-SA-M,combo,0,0
FM-AKCV01-SA-M-FM-QLCV01-SA-S,combo,0,0
FM-AKCV01-SA-S-FM-QLCV01-SA-2XL,combo,0,0
FM-AKCV01-SA-S-FM-QLCV01-SA-XL,combo,0,0
FM-AKCV01-SA-S-FM-QLCV01-SA-L,combo,2,0
FM-AKCV01-SA-S-FM-QLCV01-SA-M,combo,0,0
FM-AKCV01-SA-S-FM-QLCV01-SA-S,combo,0,0
FM-AKCV01-MB-XL-FM-QLCV01-MB-2XL,combo,0,0
FM-AKCV01-MB-XL-FM-QLCV01-MB-XL,combo,0,0
FM-AKCV01-MB-XL-FM-QLCV01-MB-L,combo,0,0
FM-AKCV01-MB-XL-FM-QLCV01-MB-M,combo,0,0
FM-AKCV01-MB-XL-FM-QLCV01-MB-S,combo,0,0
FM-AKCV01-MB-L-FM-QLCV01-MB-2XL,combo,0,0
FM-AKCV01-MB-L-FM-QLCV01-MB-XL,combo,0,0
FM-AKCV01-MB-L-FM-QLCV01-MB-L,combo,0,0
FM-AKCV01-MB-L-FM-QLCV01-MB-M,combo,0,0
FM-AKCV01-MB-L-FM-QLCV01-MB-S,combo,0,0
FM-AKCV01-MB-M-FM-QLCV01-MB-2XL,combo,0,0
FM-AKCV01-MB-M-FM-QLCV01-MB-XL,combo,0,0
FM-AKCV01-MB-M-FM-QLCV01-MB-L,combo,1,0
FM-AKCV01-MB-M-FM-QLCV01-MB-M,combo,0,0
FM-AKCV01-MB-M-FM-QLCV01-MB-S,combo,0,0
FM-AKCV01-MB-S-FM-QLCV01-MB-2XL,combo,0,0
FM-AKCV01-MB-S-FM-QLCV01-MB-XL,combo,0,0
FM-AKCV01-MB-S-FM-QLCV01-MB-L,combo,1,0
FM-AKCV01-MB-S-FM-QLCV01-MB-M,combo,0,0
FM-AKCV01-MB-S-FM-QLCV01-MB-S,combo,0,0
FM-AKCV01-IV-XL-FM-QDCV01-DE-2XL,combo,0,0
FM-AKCV01-IV-XL-FM-QDCV01-DE-XL,combo,0,0
FM-AKCV01-IV-XL-FM-QDCV01-DE-L,combo,0,0
FM-AKCV01-IV-XL-FM-QDCV01-DE-M,combo,0,0
FM-AKCV01-IV-XL-FM-QDCV01-DE-S,combo,0,0
FM-AKCV01-IV-L-FM-QDCV01-DE-2XL,combo,0,0
FM-AKCV01-IV-L-FM-QDCV01-DE-XL,combo,0,0
FM-AKCV01-IV-L-FM-QDCV01-DE-L,combo,0,0
FM-AKCV01-IV-L-FM-QDCV01-DE-M,combo,0,0
FM-AKCV01-IV-L-FM-QDCV01-DE-S,combo,0,0
FM-AKCV01-IV-M-FM-QDCV01-DE-2XL,combo,0,0
FM-AKCV01-IV-M-FM-QDCV01-DE-XL,combo,0,0
FM-AKCV01-IV-M-FM-QDCV01-DE-L,combo,1,0
FM-AKCV01-IV-M-FM-QDCV01-DE-M,combo,0,0
FM-AKCV01-IV-M-FM-QDCV01-DE-S,combo,0,0
FM-AKCV01-IV-S-FM-QDCV01-DE-2XL,combo,0,0
FM-AKCV01-IV-S-FM-QDCV01-DE-XL,combo,0,0
FM-AKCV01-IV-S-FM-QDCV01-DE-L,combo,1,0
FM-AKCV01-IV-S-FM-QDCV01-DE-M,combo,0,0
FM-AKCV01-IV-S-FM-QDCV01-DE-S,combo,0,0
FM-ACCV01-SA-M-FM-QLCV01-SA-2XL,combo,0,0
FM-AC1DC-SA-2XL-FM-QDCV01-SA-2XL,combo,0,0
FM-AC1DC-SA-2XL-FM-QDCV01-SA-XL,combo,0,0
FM-AC1DC-SA-2XL-FM-QDCV01-SA-L,combo,0,0
FM-AC1DC-SA-2XL-FM-QDCV01-SA-M,combo,0,0
FM-AC1DC-SA-2XL-FM-QDCV01-SA-S,combo,0,0
FM-AC1DC-SA-XL-FM-QDCV01-SA-2XL,combo,0,0
FM-AC1DC-SA-XL-FM-QDCV01-SA-XL,combo,0,0
FM-AC1DC-SA-XL-FM-QDCV01-SA-L,combo,0,0
FM-AC1DC-SA-XL-FM-QDCV01-SA-M,combo,0,0
FM-AC1DC-SA-XL-FM-QDCV01-SA-S,combo,0,0
FM-AC1DC-SA-L-FM-QDCV01-SA-2XL,combo,0,0
FM-AC1DC-SA-L-FM-QDCV01-SA-XL,combo,0,0
FM-AC1DC-SA-L-FM-QDCV01-SA-L,combo,0,0
FM-AC1DC-SA-L-FM-QDCV01-SA-M,combo,0,0
FM-AC1DC-SA-L-FM-QDCV01-SA-S,combo,0,0
FM-AC1DC-SA-M-FM-QDCV01-SA-2XL,combo,0,0
FM-AC1DC-SA-M-FM-QDCV01-SA-XL,combo,0,0
FM-AC1DC-SA-M-FM-QDCV01-SA-L,combo,0,0
FM-AC1DC-SA-M-FM-QDCV01-SA-M,combo,0,0
FM-AC1DC-SA-M-FM-QDCV01-SA-S,combo,0,0
FM-AC1DC-SA-S-FM-QDCV01-SA-2XL,combo,0,0
FM-AC1DC-SA-S-FM-QDCV01-SA-XL,combo,0,0
FM-AC1DC-SA-S-FM-QDCV01-SA-L,combo,0,0
FM-AC1DC-SA-S-FM-QDCV01-SA-M,combo,0,0
FM-AC1DC-SA-S-FM-QDCV01-SA-S,combo,0,0
FM-ACCV01-SA-2XL-FM-QLCV01-SA-2XL,combo,0,0
FM-ACCV01-SA-2XL-FM-QLCV01-SA-XL,combo,0,0
FM-ACCV01-SA-2XL-FM-QLCV01-SA-L,combo,0,0
FM-ACCV01-SA-2XL-FM-QLCV01-SA-M,combo,0,0
FM-ACCV01-SA-2XL-FM-QLCV01-SA-S,combo,0,0
FM-ACCV01-SA-XL-FM-QLCV01-SA-2XL,combo,0,0
FM-ACCV01-SA-XL-FM-QLCV01-SA-XL,combo,0,0
FM-ACCV01-SA-XL-FM-QLCV01-SA-L,combo,0,0
FM-ACCV01-SA-XL-FM-QLCV01-SA-M,combo,0,0
FM-ACCV01-SA-XL-FM-QLCV01-SA-S,combo,0,0
FM-ACCV01-SA-L-FM-QLCV01-SA-2XL,combo,0,0
FM-ACCV01-SA-L-FM-QLCV01-SA-XL,combo,0,0
FM-ACCV01-SA-L-FM-QLCV01-SA-L,combo,0,0
FM-ACCV01-SA-L-FM-QLCV01-SA-M,combo,0,0
FM-ACCV01-SA-L-FM-QLCV01-SA-S,combo,0,0
FM-ACCV01-SA-M-FM-QLCV01-SA-XL,combo,0,0
FM-ACCV01-SA-M-FM-QLCV01-SA-L,combo,1,0
FM-ACCV01-SA-M-FM-QLCV01-SA-M,combo,0,0
FM-ACCV01-SA-M-FM-QLCV01-SA-S,combo,0,0
FM-ACCV01-SA-S-FM-QLCV01-SA-2XL,combo,0,0
FM-ACCV01-SA-S-FM-QLCV01-SA-XL,combo,0,0
FM-ACCV01-SA-S-FM-QLCV01-SA-L,combo,0,0
FM-ACCV01-SA-S-FM-QLCV01-SA-M,combo,0,0
FM-ACCV01-SA-S-FM-QLCV01-SA-S,combo,0,0
FM-AC1DC-IV-2XL-FM-QDCV01-SA-2XL,combo,0,0
FM-AC1DC-IV-2XL-FM-QDCV01-SA-XL,combo,0,0
FM-AC1DC-IV-2XL-FM-QDCV01-SA-L,combo,0,0
FM-AC1DC-IV-2XL-FM-QDCV01-SA-M,combo,0,0
FM-AC1DC-IV-2XL-FM-QDCV01-SA-S,combo,0,0
FM-AC1DC-IV-XL-FM-QDCV01-SA-2XL,combo,0,0
FM-AC1DC-IV-XL-FM-QDCV01-SA-XL,combo,0,0
FM-AC1DC-IV-XL-FM-QDCV01-SA-L,combo,0,0
FM-AC1DC-IV-XL-FM-QDCV01-SA-M,combo,0,0
FM-AC1DC-IV-XL-FM-QDCV01-SA-S,combo,0,0
FM-AC1DC-IV-L-FM-QDCV01-SA-2XL,combo,0,0
FM-AC1DC-IV-L-FM-QDCV01-SA-XL,combo,0,0
FM-AC1DC-IV-L-FM-QDCV01-SA-L,combo,0,0
FM-AC1DC-IV-L-FM-QDCV01-SA-M,combo,0,0
FM-AC1DC-IV-L-FM-QDCV01-SA-S,combo,0,0
FM-AC1DC-IV-M-FM-QDCV01-SA-2XL,combo,0,0
FM-AC1DC-IV-M-FM-QDCV01-SA-XL,combo,0,0
FM-AC1DC-IV-M-FM-QDCV01-SA-L,combo,0,0
FM-AC1DC-IV-M-FM-QDCV01-SA-M,combo,0,0
FM-AC1DC-IV-M-FM-QDCV01-SA-S,combo,0,0
FM-AC1DC-IV-S-FM-QDCV01-SA-2XL,combo,0,0
FM-AC1DC-IV-S-FM-QDCV01-SA-XL,combo,0,0
FM-AC1DC-IV-S-FM-QDCV01-SA-L,combo,0,0
FM-AC1DC-IV-S-FM-QDCV01-SA-M,combo,0,0
FM-AC1DC-IV-S-FM-QDCV01-SA-S,combo,0,0
FM-ACRT01-MB-XL,normal,0,0
FM-ACRT01-MB-S,normal,0,0
FM-ACRT01-MB-M,normal,0,0
FM-ACRT01-MB-L,normal,0,0
FM-BRDT01-SA-L,normal,0,0
FM-BRDT01-SA-M,normal,0,0
FM-BRDT01-SA-S,normal,0,0
FM-BRDT01-SA-XL,normal,0,0
FM-QDZT01-SA-L,normal,182,0
FM-QDZT01-SA-M,normal,116,0
FM-QDZT01-SA-S,normal,111,0
FM-QDZT01-SA-XL,normal,211,0
FM-QDZT01-MB-L,normal,3,0
FM-QDZT01-MB-M,normal,1,0
FM-QDZT01-MB-S,normal,0,0
FM-QDZT01-MB-XL,normal,0,0
FM-QNTG01-MB-L,normal,0,0
FM-QNTG01-MB-M,normal,0,0
FM-QNTG01-MB-S,normal,0,0
FM-QNTG01-MB-XL,normal,0,0
FM-BRTT01-MB-XL,normal,1,0
FM-BRTT01-MB-L,normal,34,0
FM-BRTT01-MB-M,normal,1,0
FM-BRTT01-MB-S,normal,0,0
FM-BRLT01-MB-S,normal,0,0
FM-BRLT01-MB-M,normal,0,0
FM-BRLT01-MB-L,normal,0,0
FM-BRLT01-MB-XL,normal,0,0
FM-AC1DC-DE-2XL-FM-QDCV01-DE-2XL,combo,0,0
FM-AC1DC-DE-2XL-FM-QDCV01-DE-XL,combo,0,0
FM-AC1DC-DE-2XL-FM-QDCV01-DE-L,combo,0,0
FM-AC1DC-DE-2XL-FM-QDCV01-DE-M,combo,0,0
FM-AC1DC-DE-2XL-FM-QDCV01-DE-S,combo,0,0
FM-AC1DC-DE-XL-FM-QDCV01-DE-2XL,combo,0,0
FM-AC1DC-DE-XL-FM-QDCV01-DE-XL,combo,0,0
FM-AC1DC-DE-XL-FM-QDCV01-DE-L,combo,0,0
FM-AC1DC-DE-XL-FM-QDCV01-DE-M,combo,0,0
FM-AC1DC-DE-XL-FM-QDCV01-DE-S,combo,0,0
FM-AC1DC-DE-L-FM-QDCV01-DE-2XL,combo,0,0
FM-AC1DC-DE-L-FM-QDCV01-DE-XL,combo,0,0
FM-AC1DC-DE-L-FM-QDCV01-DE-L,combo,0,0
FM-AC1DC-DE-L-FM-QDCV01-DE-M,combo,0,0
FM-AC1DC-DE-L-FM-QDCV01-DE-S,combo,0,0
FM-AC1DC-DE-M-FM-QDCV01-DE-2XL,combo,0,0
FM-AC1DC-DE-M-FM-QDCV01-DE-XL,combo,0,0
FM-AC1DC-DE-M-FM-QDCV01-DE-L,combo,0,0
FM-AC1DC-DE-M-FM-QDCV01-DE-M,combo,0,0
FM-AC1DC-DE-M-FM-QDCV01-DE-S,combo,0,0
FM-AC1DC-DE-S-FM-QDCV01-DE-2XL,combo,0,0
FM-AC1DC-DE-S-FM-QDCV01-DE-XL,combo,0,0
FM-AC1DC-DE-S-FM-QDCV01-DE-L,combo,0,0
FM-AC1DC-DE-S-FM-QDCV01-DE-M,combo,0,0
FM-AC1DC-DE-S-FM-QDCV01-DE-S,combo,0,0
FM-ACCV01-MB-2XL-FM-QLCV01-MB-2XL,combo,0,0
FM-ACCV01-MB-2XL-FM-QLCV01-MB-XL,combo,0,0
FM-ACCV01-MB-2XL-FM-QLCV01-MB-L,combo,0,0
FM-ACCV01-MB-2XL-FM-QLCV01-MB-M,combo,0,0
FM-ACCV01-MB-2XL-FM-QLCV01-MB-S,combo,0,0
FM-ACCV01-MB-XL-FM-QLCV01-MB-2XL,combo,0,0
FM-ACCV01-MB-XL-FM-QLCV01-MB-XL,combo,0,0
FM-ACCV01-MB-XL-FM-QLCV01-MB-L,combo,0,0
FM-ACCV01-MB-XL-FM-QLCV01-MB-M,combo,0,0
FM-ACCV01-MB-XL-FM-QLCV01-MB-S,combo,0,0
FM-ACCV01-MB-L-FM-QLCV01-MB-2XL,combo,0,0
FM-ACCV01-MB-L-FM-QLCV01-MB-XL,combo,0,0
FM-ACCV01-MB-L-FM-QLCV01-MB-L,combo,0,0
FM-ACCV01-MB-L-FM-QLCV01-MB-M,combo,0,0
FM-ACCV01-MB-L-FM-QLCV01-MB-S,combo,0,0
FM-ACCV01-MB-M-FM-QLCV01-MB-2XL,combo,0,0
FM-ACCV01-MB-M-FM-QLCV01-MB-XL,combo,0,0
FM-ACCV01-MB-M-FM-QLCV01-MB-L,combo,0,0
FM-ACCV01-MB-M-FM-QLCV01-MB-M,combo,0,0
FM-ACCV01-MB-M-FM-QLCV01-MB-S,combo,0,0
FM-ACCV01-MB-S-FM-QLCV01-MB-2XL,combo,0,0
FM-ACCV01-MB-S-FM-QLCV01-MB-XL,combo,0,0
FM-ACCV01-MB-S-FM-QLCV01-MB-L,combo,0,0
FM-ACCV01-MB-S-FM-QLCV01-MB-M,combo,0,0
FM-ACCV01-MB-S-FM-QLCV01-MB-S,combo,0,0
FM-AKHZC-IV-2XL-FM-QDCV01-DE-2XL,combo,0,0
FM-AKHZC-IV-2XL-FM-QDCV01-DE-XL,combo,0,0
FM-AKHZC-IV-2XL-FM-QDCV01-DE-L,combo,0,0
FM-AKHZC-IV-2XL-FM-QDCV01-DE-M,combo,0,0
FM-AKHZC-IV-2XL-FM-QDCV01-DE-S,combo,0,0
FM-AKHZC-IV-XL-FM-QDCV01-DE-2XL,combo,0,0
FM-AKHZC-IV-XL-FM-QDCV01-DE-XL,combo,0,0
FM-AKHZC-IV-XL-FM-QDCV01-DE-L,combo,0,0
FM-AKHZC-IV-XL-FM-QDCV01-DE-M,combo,0,0
FM-AKHZC-IV-XL-FM-QDCV01-DE-S,combo,0,0
FM-AKHZC-IV-L-FM-QDCV01-DE-2XL,combo,0,0
FM-AKHZC-IV-L-FM-QDCV01-DE-XL,combo,0,0
FM-AKHZC-IV-L-FM-QDCV01-DE-L,combo,2,0
FM-AKHZC-IV-L-FM-QDCV01-DE-M,combo,0,0
FM-AKHZC-IV-L-FM-QDCV01-DE-S,combo,0,0
FM-AKHZC-IV-M-FM-QDCV01-DE-2XL,combo,0,0
FM-AKHZC-IV-M-FM-QDCV01-DE-XL,combo,0,0
FM-AKHZC-IV-M-FM-QDCV01-DE-L,combo,1,0
FM-AKHZC-IV-M-FM-QDCV01-DE-M,combo,0,0
FM-AKHZC-IV-M-FM-QDCV01-DE-S,combo,0,0
FM-AKHZC-IV-S-FM-QDCV01-DE-2XL,combo,0,0
FM-AKHZC-IV-S-FM-QDCV01-DE-XL,combo,0,0
FM-AKHZC-IV-S-FM-QDCV01-DE-L,combo,0,0
FM-AKHZC-IV-S-FM-QDCV01-DE-M,combo,0,0
FM-AKHZC-IV-S-FM-QDCV01-DE-S,combo,0,0
FM-AVB01-SG-M,normal,0,0
FM-AVB01-SG-L,normal,0,0
FM-AVB01-SG-XL,normal,0,0
FM-AVB01-SS-M,normal,0,0
FM-AVB01-SS-L,normal,0,0
FM-AVB01-SS-XL,normal,0,0
FM-AVB01-DE-M,normal,0,0
FM-AVB01-DE-L,normal,0,0
FM-AVB01-DE-XL,normal,0,0
FM-Q2LNU01-BD-XL,normal,3,0
FM-Q2LNU01-BD-L,normal,1,0
FM-Q2LNU01-BD-M,normal,1,0
FM-Q2LNU01-BD-S,normal,0,0
FM-Q2LNU01-XD-XL,normal,3,0
FM-Q2LNU01-XD-L,normal,1,0
FM-Q2LNU01-XD-M,normal,1,0
FM-Q2LNU01-XD-S,normal,0,0
FM-Q2LNU01-DX-XL,normal,2,0
FM-Q2LNU01-DX-L,normal,0,0
FM-Q2LNU01-DX-M,normal,1,0
FM-Q2LNU01-DX-S,normal,0,0
FM-QN2L03-SG-M,normal,0,0
FM-QN2L03-SG-L,normal,0,0
FM-QN2L03-SG-XL,normal,0,0
FM-QN2L03-SS-S,normal,0,0
FM-QN2L03-SS-M,normal,0,0
FM-QN2L03-SS-L,normal,2,0
FM-QN2L03-SS-XL,normal,0,0
FM-QN2L03-DE-M,normal,11,0
FM-QN2L03-DE-L,normal,0,0
FM-QN2L03-DE-XL,normal,1,0
FM-JGNAM01-SG-M,normal,0,0
FM-JGNAM01-SG-L,normal,1,0
FM-JGNAM01-SG-XL,normal,0,0
FM-JGNAM01-SS-M,normal,0,0
FM-JGNAM01-SS-L,normal,0,0
FM-JGNAM01-SS-XL,normal,0,0
FM-JGNAM01-DE-M,normal,0,0
FM-JGNAM01-DE-L,normal,0,0
FM-JGNAM01-DE-XL,normal,0,0
2OGFB,normal,0,0
FM-QDCV01-SA-2XL,normal,99,0
FM-QDCV01-SA-XL,normal,127,0
FM-QDCV01-SA-L,normal,12,0
FM-QDCV01-SA-M,normal,0,0
FM-QDCV01-SA-S,normal,0,0
FM-QLCV01-SA-S,normal,0,0
FM-QLCV01-SA-M,normal,0,0
FM-QLCV01-SA-L,normal,3,0
FM-QLCV01-SA-XL,normal,0,0
FM-QLCV01-SA-2XL,normal,0,0
FM-AKCV01-SA-XL,normal,50,0
FM-AKCV01-SA-L,normal,55,0
FM-AKCV01-SA-M,normal,1,0
FM-AKCV01-SA-S,normal,2,0
FM-AKCV01-IV-L,normal,0,0
FM-AKCV01-IV-M,normal,1,0
FM-AKCV01-IV-S,normal,1,0
FM-AKCV01-IV-XL,normal,0,0
FM-AKHZC-IV-2XL,normal,0,0
FM-AKHZC-IV-XL,normal,0,0
FM-AKHZC-IV-L,normal,2,0
FM-AKHZC-IV-M,normal,1,0
FM-AKHZC-IV-S,normal,0,0
FM-AKHZC-MB-2XL,normal,0,0
FM-AKHZC-MB-XL,normal,0,0
FM-AKHZC-MB-L,normal,1,0
FM-AKHZC-MB-M,normal,2,0
FM-AKHZC-MB-S,normal,10,0
FM-AC1DC-IV-S,normal,0,0
FM-AC1DC-IV-M,normal,0,0
FM-AC1DC-IV-L,normal,0,0
FM-AC1DC-IV-XL,normal,0,0
FM-AC1DC-IV-2XL,normal,0,0
FM-AC1DC-SA-S,normal,0,0
FM-AC1DC-SA-M,normal,0,0
FM-AC1DC-SA-L,normal,0,0
FM-AC1DC-SA-XL,normal,0,0
FM-AC1DC-SA-2XL,normal,0,0
FM-ACCV01-SA-2XL,normal,65,0
FM-ACCV01-SA-XL,normal,93,0
FM-ACCV01-SA-L,normal,9,0
FM-ACCV01-SA-M,normal,18,0
FM-ACCV01-SA-S,normal,30,0
OGFB,normal,0,0
FM-AKCV01-DE-XL,normal,30,0
FM-AKCV01-MB-XL,normal,4,0
FM-QLCV01-MB-2XL,normal,0,0
FM-QLCV01-MB-XL,normal,0,0
FM-QLCV01-MB-L,normal,2,0
FM-QLCV01-MB-M,normal,0,0
FM-QLCV01-MB-S,normal,0,0
FM-QDCV01-MB-S,normal,0,0
FM-QDCV01-MB-M,normal,0,0
FM-QDCV01-MB-L,normal,2,0
FM-QDCV01-MB-XL,normal,63,0
FM-QDCV01-MB-2XL,normal,32,0
FM-ACCV01-MB-S,normal,263,0
FM-ACCV01-MB-M,normal,0,0
FM-ACCV01-MB-L,normal,0,0
FM-ACCV01-MB-XL,normal,188,0
FM-ACCV01-MB-2XL,normal,74,0
FM-AKCV01-MB-S,normal,1,0
FM-AKCV01-MB-M,normal,1,0
FM-AKCV01-MB-L,normal,0,0
FM-AKCV01-XX-S,normal,56,0
FM-AKCV01-XX-M,normal,9,0
FM-AKCV01-XX-L,normal,28,0
FM-AKHZC-XX-2XL,normal,67,0
FM-AKHZC-XX-XL,normal,110,0
FM-AKHZC-XX-L,normal,167,0
FM-AKHZC-XX-M,normal,171,0
FM-AKHZC-XX-S,normal,86,0
FM-QJK2S-XM-S,normal,0,0
FM-QJK2S-XM-M,normal,0,0
FM-QJK2S-XM-L,normal,0,0
FM-QJK2S-XM-XL,normal,0,0
FM-QJK2S-BE-S,normal,1,0
FM-QJK2S-BE-M,normal,0,0
FM-QJK2S-BE-L,normal,0,0
FM-QJK2S-BE-XL,normal,0,0
FM-QJK2S-DE-S,normal,0,0
FM-QJK2S-DE-M,normal,0,0
FM-QJK2S-DE-L,normal,0,0
FM-QJK2S-DE-XL,normal,0,0
FM-AJK2S-XM-S,normal,1,0
FM-AJK2S-XM-M,normal,0,0
FM-AJK2S-XM-L,normal,1,0
FM-AJK2S-XM-XL,normal,0,0
FM-AJK2S-BE-S,normal,2,0
FM-AJK2S-BE-M,normal,1,0
FM-AJK2S-BE-L,normal,1,0
FM-AJK2S-BE-XL,normal,0,0
FM-AJK2S-DE-S,normal,1,0
FM-AJK2S-DE-M,normal,0,0
FM-AJK2S-DE-L,normal,1,0
FM-AJK2S-DE-XL,normal,1,0
FM-QLCV01-DE-2XL,normal,0,0
FM-QDCV01-DE-2XL,normal,3,0
FM-ATNRL-TD-2XL-FM-QDCV01-DE-XL,combo,0,0
FM-ATNRL-TD-2XL-FM-QDCV01-DE-L,combo,0,0
FM-ATNRL-TD-2XL-FM-QDCV01-DE-M,combo,0,0
FM-ATNRL-TD-2XL-FM-QDCV01-DE-S,combo,0,0
FM-ATNRL-TD-XL-FM-QDCV01-DE-XL,combo,-2,0
FM-ATNRL-TD-XL-FM-QDCV01-DE-L,combo,-1,0
FM-ATNRL-TD-XL-FM-QDCV01-DE-M,combo,-2,0
FM-ATNRL-TD-XL-FM-QDCV01-DE-S,combo,-2,0
FM-ATNRL-TD-L-FM-QDCV01-DE-XL,combo,-1,0
FM-ATNRL-TD-L-FM-QDCV01-DE-L,combo,0,0
FM-ATNRL-TD-L-FM-QDCV01-DE-M,combo,-1,0
FM-ATNRL-TD-L-FM-QDCV01-DE-S,combo,-1,0
FM-ATNRL-TD-M-FM-QDCV01-DE-XL,combo,-1,0
FM-ATNRL-TD-M-FM-QDCV01-DE-L,combo,1,0
FM-ATNRL-TD-M-FM-QDCV01-DE-M,combo,-1,0
FM-ATNRL-TD-M-FM-QDCV01-DE-S,combo,-1,0
FM-ATNRL-TD-S-FM-QDCV01-DE-XL,combo,0,0
FM-ATNRL-TD-S-FM-QDCV01-DE-L,combo,1,0
FM-ATNRL-TD-S-FM-QDCV01-DE-M,combo,0,0
FM-ATNRL-TD-S-FM-QDCV01-DE-S,combo,0,0
FM-ACCV01-DE-2XL,normal,0,0
FM-QDCV01-DE-S,normal,1,0
FM-QDCV01-DE-M,normal,0,0
FM-QDCV01-DE-L,normal,2,0
FM-QDCV01-DE-XL,normal,3,0
FM-QLCV01-DE-S,normal,0,0
FM-QLCV01-DE-M,normal,0,0
FM-QLCV01-DE-L,normal,2,0
FM-QLCV01-DE-XL,normal,0,0
FM-ACCV01-DE-S,normal,0,0
FM-ACCV01-DE-M,normal,0,0
FM-ACCV01-DE-L,normal,0,0
FM-ACCV01-DE-XL,normal,0,0
FM-AKHZC-DE-S,normal,99,0
FM-AKHZC-DE-M,normal,2,0
FM-AKHZC-DE-L,normal,1,0
FM-AKHZC-DE-XL,normal,30,0
FM-AKHZC-DE-2XL,normal,41,0
FM-AC1DC-XX-S,normal,0,0
FM-AC1DC-XX-M,normal,0,0
FM-AC1DC-XX-L,normal,0,0
FM-AC1DC-XX-XL,normal,0,0
FM-AC1DC-XX-2XL,normal,0,0
FM-AC1DC-DE-S,normal,0,0
FM-AC1DC-DE-M,normal,0,0
FM-AC1DC-DE-L,normal,0,0
FM-AC1DC-DE-XL,normal,0,0
FM-AC1DC-DE-2XL,normal,0,0
FM-ATT-DE-M,normal,1,0
FM-ATT-DE-S,normal,0,0
FM-ATT-FL-M,normal,0,0
FM-ATT-FL-S,normal,0,0
FM-ATT-CP-M,normal,1,0
FM-ATT-CP-S,normal,0,0
FM-ATNRL-DT-S,normal,1,0
FM-ATNRL-DT-M,normal,1,0
FM-ATNRL-DT-L,normal,0,0
FM-ATNRL-DT-XL,normal,154,0
FM-ATNRL-DT-2XL,normal,0,0
FM-ATNRL-TD-S,normal,1,0
FM-ATNRL-TD-M,normal,1,0
FM-ATNRL-TD-L,normal,0,0
FM-ATNRL-TD-XL,normal,-1,0
FM-ATNRL-TD-2XL,normal,0,0
FM-ATNRL-ND-S,normal,1,0
FM-ATNRL-ND-M,normal,1,0
FM-ATNRL-ND-L,normal,1,0
FM-ATNRL-ND-XL,normal,1,0
FM-ATNRL-ND-2XL,normal,0,0
FM-JGDT-XX-S,normal,0,0
FM-JGDT-XX-M,normal,0,0
FM-JGDT-XX-L,normal,2,0
FM-JGDT-XX-XL,normal,0,0
FM-JGDT-XX-2XL,normal,0,0
FM-JGDT-XA-S,normal,158,0
FM-JGDT-XA-M,normal,114,0
FM-JGDT-XA-L,normal,194,0
FM-JGDT-XA-XL,normal,62,0
FM-JGDT-XA-2XL,normal,159,0
FM-JGDT-DE-S,normal,40,0
FM-JGDT-DE-M,normal,0,0
FM-JGDT-DE-L,normal,0,0
FM-JGDT-DE-XL,normal,2,0
FM-JGDT-DE-2XL,normal,29,0
FM-QDJG01-XX-S,normal,0,0
FM-QDJG01-XX-M,normal,1,0
FM-QDJG01-XX-L,normal,2,0
FM-QDJG01-XX-XL,normal,0,0
FM-BRTT01-DE-XL-FM-QDJG01-DE-XL,combo,91,0
FM-BRTT01-DE-XL-FM-QDJG01-DE-L,combo,176,0
FM-BRTT01-DE-XL-FM-QDJG01-DE-M,combo,157,0
FM-BRTT01-DE-XL-FM-QDJG01-DE-S,combo,155,0
FM-BRTT01-DE-L-FM-QDJG01-DE-XL,combo,91,0
FM-BRTT01-DE-L-FM-QDJG01-DE-L,combo,176,0
FM-BRTT01-DE-L-FM-QDJG01-DE-M,combo,157,0
FM-BRTT01-DE-L-FM-QDJG01-DE-S,combo,155,0
FM-BRTT01-DE-M-FM-QDJG01-DE-XL,combo,91,0
FM-BRTT01-DE-M-FM-QDJG01-DE-L,combo,177,0
FM-BRTT01-DE-M-FM-QDJG01-DE-M,combo,157,0
FM-BRTT01-DE-M-FM-QDJG01-DE-S,combo,155,0
FM-BRTT01-DE-S-FM-QDJG01-DE-XL,combo,91,0
FM-BRTT01-DE-S-FM-QDJG01-DE-L,combo,176,0
FM-BRTT01-DE-S-FM-QDJG01-DE-M,combo,157,0
FM-BRTT01-DE-S-FM-QDJG01-DE-S,combo,155,0
FM-ATSM01-DE-L-FM-QDJG01-DE-L,combo,175,0
FM-ATSM01-DE-XL-FM-QDJG01-DE-XL,combo,91,0
FM-ATSM01-DE-XL-FM-QDJG01-DE-L,combo,175,0
FM-ATSM01-DE-XL-FM-QDJG01-DE-M,combo,156,0
FM-ATSM01-DE-XL-FM-QDJG01-DE-S,combo,155,0
FM-ATSM01-DE-L-FM-QDJG01-DE-XL,combo,91,0
FM-ATSM01-DE-L-FM-QDJG01-DE-M,combo,156,0
FM-ATSM01-DE-L-FM-QDJG01-DE-S,combo,155,0
FM-ATSM01-DE-M-FM-QDJG01-DE-XL,combo,91,0
FM-ATSM01-DE-M-FM-QDJG01-DE-L,combo,176,0
FM-ATSM01-DE-M-FM-QDJG01-DE-M,combo,157,0
FM-ATSM01-DE-M-FM-QDJG01-DE-S,combo,155,0
FM-ATSM01-DE-S-FM-QDJG01-DE-XL,combo,91,0
FM-ATSM01-DE-S-FM-QDJG01-DE-L,combo,109,0
FM-ATSM01-DE-S-FM-QDJG01-DE-M,combo,109,0
FM-ATSM01-DE-S-FM-QDJG01-DE-S,combo,109,0
FM-ACCV01-XX-2XL-FM-QLCV01-XX-2XL,combo,0,0
FM-ACCV01-XX-2XL-FM-QLCV01-XX-XL,combo,0,0
FM-ACCV01-XX-2XL-FM-QLCV01-XX-L,combo,0,0
FM-ACCV01-XX-2XL-FM-QLCV01-XX-M,combo,0,0
FM-ACCV01-XX-2XL-FM-QLCV01-XX-S,combo,0,0
FM-ACCV01-XX-XL-FM-QLCV01-XX-2XL,combo,0,0
FM-ACCV01-XX-XL-FM-QLCV01-XX-XL,combo,0,0
FM-ACCV01-XX-XL-FM-QLCV01-XX-L,combo,0,0
FM-ACCV01-XX-XL-FM-QLCV01-XX-M,combo,0,0
FM-ACCV01-XX-XL-FM-QLCV01-XX-S,combo,0,0
FM-ACCV01-XX-L-FM-QLCV01-XX-2XL,combo,0,0
FM-ACCV01-XX-L-FM-QLCV01-XX-XL,combo,0,0
FM-ACCV01-XX-L-FM-QLCV01-XX-L,combo,0,0
FM-ACCV01-XX-L-FM-QLCV01-XX-M,combo,0,0
FM-ACCV01-XX-L-FM-QLCV01-XX-S,combo,0,0
FM-ACCV01-XX-M-FM-QLCV01-XX-2XL,combo,0,0
FM-ACCV01-XX-M-FM-QLCV01-XX-XL,combo,0,0
FM-ACCV01-XX-M-FM-QLCV01-XX-L,combo,0,0
FM-ACCV01-XX-M-FM-QLCV01-XX-M,combo,0,0
FM-ACCV01-XX-M-FM-QLCV01-XX-S,combo,0,0
FM-ACCV01-XX-S-FM-QLCV01-XX-2XL,combo,0,0
FM-ACCV01-XX-S-FM-QLCV01-XX-XL,combo,0,0
FM-ACCV01-XX-S-FM-QLCV01-XX-L,combo,0,0
FM-ACCV01-XX-S-FM-QLCV01-XX-M,combo,0,0
FM-ACCV01-XX-S-FM-QLCV01-XX-S,combo,0,0
FM-ACCV01-XX-2XL-FM-QDCV01-XX-2XL,combo,25,0
FM-ACCV01-XX-2XL-FM-QDCV01-XX-XL,combo,25,0
FM-ACCV01-XX-2XL-FM-QDCV01-XX-L,combo,25,0
FM-ACCV01-XX-2XL-FM-QDCV01-XX-M,combo,0,0
FM-ACCV01-XX-2XL-FM-QDCV01-XX-S,combo,-1,0
FM-ACCV01-XX-XL-FM-QDCV01-XX-2XL,combo,49,0
FM-ACCV01-XX-XL-FM-QDCV01-XX-XL,combo,49,0
FM-ACCV01-XX-XL-FM-QDCV01-XX-L,combo,49,0
FM-ACCV01-XX-XL-FM-QDCV01-XX-M,combo,0,0
FM-ACCV01-XX-XL-FM-QDCV01-XX-S,combo,-1,0
FM-ACCV01-XX-L-FM-QDCV01-XX-2XL,combo,0,0
FM-ACCV01-XX-L-FM-QDCV01-XX-XL,combo,0,0
FM-ACCV01-XX-L-FM-QDCV01-XX-L,combo,0,0
FM-ACCV01-XX-L-FM-QDCV01-XX-M,combo,0,0
FM-ACCV01-XX-L-FM-QDCV01-XX-S,combo,-1,0
FM-ACCV01-XX-M-FM-QDCV01-XX-2XL,combo,0,0
FM-ACCV01-XX-M-FM-QDCV01-XX-XL,combo,0,0
FM-ACCV01-XX-M-FM-QDCV01-XX-L,combo,0,0
FM-ACCV01-XX-M-FM-QDCV01-XX-M,combo,0,0
FM-ACCV01-XX-M-FM-QDCV01-XX-S,combo,-1,0
FM-ACCV01-XX-S-FM-QDCV01-XX-2XL,combo,0,0
FM-ACCV01-XX-S-FM-QDCV01-XX-XL,combo,0,0
FM-ACCV01-XX-S-FM-QDCV01-XX-L,combo,0,0
FM-ACCV01-XX-S-FM-QDCV01-XX-M,combo,0,0
FM-ACCV01-XX-S-FM-QDCV01-XX-S,combo,-1,0
FM-ATSM01-XR-XL,normal,287,0
FM-ATSM01-XR-L,normal,489,0
FM-ATSM01-XR-M,normal,437,0
FM-ATSM01-XR-S,normal,187,0
FM-ATSM01-XN-XL,normal,161,0
FM-ATSM01-XN-L,normal,249,0
FM-ATSM01-XN-M,normal,288,0
FM-ATSM01-XN-S,normal,232,0
FM-QLCV01-XX-2XL,normal,0,0
FM-QLCV01-XX-XL,normal,0,0
FM-QLCV01-XX-L,normal,2,0
FM-QLCV01-XX-M,normal,0,0
FM-QLCV01-XX-S,normal,0,0
FM-QLCV01-BB-2XL,normal,0,0
FM-QLCV01-BB-XL,normal,0,0
FM-QLCV01-BB-L,normal,2,0
FM-QLCV01-BB-M,normal,0,0
FM-QLCV01-BB-S,normal,0,0
FM-AKCV01-BB-L,normal,0,0
FM-AKCV01-BB-M,normal,1,0
FM-AKCV01-BB-S,normal,1,0
FM-AKCV01-DE-L,normal,154,0
FM-AKCV01-DE-M,normal,175,0
FM-AKCV01-DE-S,normal,123,0
FM-ACCV01-XX-2XL,normal,25,0
FM-ACCV01-XX-XL,normal,49,0
FM-ACCV01-XX-L,normal,0,0
FM-ACCV01-XX-M,normal,0,0
FM-ACCV01-XX-S,normal,0,0
FM-QDCV01-XX-2XL,normal,163,0
FM-QDCV01-XX-XL,normal,272,0
FM-QDCV01-XX-L,normal,89,0
FM-QDCV01-XX-M,normal,0,0
FM-QDCV01-XX-S,normal,-1,0
FM-QDCV01-BB-2XL,normal,0,0
FM-QDCV01-BB-XL,normal,0,0
FM-QDCV01-BB-L,normal,2,0
FM-QDCV01-BB-M,normal,0,0
FM-QDCV01-BB-S,normal,0,0
FM-ACRT01-DE-XL-FM-JGOB01-BE-4,combo,0,0
FM-ACRT01-DE-XL-FM-JGOB01-BE-3,combo,0,0
FM-ACRT01-DE-XL-FM-JGOB01-BE-2,combo,0,0
FM-ACRT01-DE-L-FM-JGOB01-BE-4,combo,0,0
FM-ACRT01-DE-L-FM-JGOB01-BE-3,combo,0,0
FM-ACRT01-DE-L-FM-JGOB01-BE-2,combo,0,0
FM-ACRT01-DE-M-FM-JGOB01-BE-4,combo,0,0
FM-ACRT01-DE-M-FM-JGOB01-BE-3,combo,0,0
FM-ACRT01-DE-M-FM-JGOB01-BE-2,combo,0,0
FM-ACRT01-DE-M-FM-JGOB01-BE-1,combo,0,0
FM-ACRT01-DE-S-FM-JGOB01-BE-3,combo,0,0
FM-ACRT01-DE-S-FM-JGOB01-BE-2,combo,0,0
FM-ACRT01-DE-S-FM-JGOB01-BE-1,combo,0,0
FM-HDZP01-DN-3,normal,0,0
FM-HDZP01-DN-2,normal,0,0
FM-HDZP01-DN-1,normal,0,0
FM-ATSM01-TR-XL-FM-QDZT01-XX-XL,combo,179,0
FM-ATSM01-TR-XL-FM-QDZT01-XX-L,combo,65,0
FM-ATSM01-TR-XL-FM-QDZT01-XX-M,combo,-2,0
FM-ATSM01-TR-XL-FM-QDZT01-XX-S,combo,35,0
FM-ATSM01-TR-L-FM-QDZT01-XX-XL,combo,179,0
FM-ATSM01-TR-L-FM-QDZT01-XX-L,combo,65,0
FM-ATSM01-TR-L-FM-QDZT01-XX-M,combo,-2,0
FM-ATSM01-TR-L-FM-QDZT01-XX-S,combo,35,0
FM-ATSM01-TR-M-FM-QDZT01-XX-XL,combo,179,0
FM-ATSM01-TR-M-FM-QDZT01-XX-L,combo,65,0
FM-ATSM01-TR-M-FM-QDZT01-XX-M,combo,-2,0
FM-ATSM01-TR-M-FM-QDZT01-XX-S,combo,35,0
FM-ATSM01-TR-S-FM-QDZT01-XX-XL,combo,179,0
FM-ATSM01-TR-S-FM-QDZT01-XX-L,combo,66,0
FM-ATSM01-TR-S-FM-QDZT01-XX-M,combo,-1,0
FM-ATSM01-TR-S-FM-QDZT01-XX-S,combo,35,0
FM-ACRT01-HP-XL-FM-QNTG01-DE-M,combo,0,0
FM-ACRT01-HP-XL-FM-QNTG01-DE-S,combo,0,0
FM-ACRT01-HP-L-FM-QNTG01-DE-XL,combo,0,0
FM-ACRT01-HP-L-FM-QNTG01-DE-L,combo,0,0
FM-ACRT01-HP-L-FM-QNTG01-DE-M,combo,0,0
FM-ACRT01-HP-L-FM-QNTG01-DE-S,combo,0,0
FM-ACRT01-HP-M-FM-QNTG01-DE-XL,combo,0,0
FM-ACRT01-HP-M-FM-QNTG01-DE-L,combo,0,0
FM-ACRT01-HP-M-FM-QNTG01-DE-M,combo,0,0
FM-ACRT01-HP-M-FM-QNTG01-DE-S,combo,0,0
FM-ACRT01-HP-S-FM-QNTG01-DE-XL,combo,0,0
FM-ACRT01-HP-S-FM-QNTG01-DE-L,combo,0,0
FM-ACRT01-HP-S-FM-QNTG01-DE-M,combo,0,0
FM-ACRT01-HP-S-FM-QNTG01-DE-S,combo,0,0
FM-ACRT01-DE-XL-FM-QDJG01-XA-XL,combo,0,0
FM-ACRT01-DE-XL-FM-QDJG01-XA-L,combo,0,0
FM-ACRT01-DE-XL-FM-QDJG01-XA-M,combo,0,0
FM-ACRT01-DE-XL-FM-QDJG01-XA-S,combo,0,0
FM-ACRT01-DE-L-FM-QDJG01-XA-XL,combo,0,0
FM-ACRT01-DE-L-FM-QDJG01-XA-L,combo,2,0
FM-ACRT01-DE-L-FM-QDJG01-XA-M,combo,0,0
FM-ACRT01-DE-L-FM-QDJG01-XA-S,combo,0,0
FM-ACRT01-DE-M-FM-QDJG01-XA-XL,combo,0,0
FM-ACRT01-DE-M-FM-QDJG01-XA-L,combo,1,0
FM-ACRT01-DE-M-FM-QDJG01-XA-M,combo,0,0
FM-ACRT01-DE-M-FM-QDJG01-XA-S,combo,0,0
FM-ACRT01-DE-S-FM-QDJG01-XA-XL,combo,0,0
FM-ACRT01-DE-S-FM-QDJG01-XA-L,combo,0,0
FM-ACRT01-DE-S-FM-QDJG01-XA-M,combo,0,0
FM-ACRT01-DE-S-FM-QDJG01-XA-S,combo,0,0
FM-BRLT01-DE-S-FM-QDJG01-XA-S,combo,0,0
FM-BRLT01-DE-S-FM-QDJG01-XA-M,combo,0,0
FM-BRLT01-DE-S-FM-QDJG01-XA-L,combo,0,0
FM-BRLT01-DE-M-FM-QDJG01-XA-S,combo,0,0
FM-BRLT01-DE-M-FM-QDJG01-XA-M,combo,0,0
FM-BRLT01-DE-M-FM-QDJG01-XA-L,combo,0,0
FM-BRLT01-DE-M-FM-QDJG01-XA-XL,combo,0,0
FM-BRLT01-DE-L-FM-QDJG01-XA-M,combo,0,0
FM-BRLT01-DE-L-FM-QDJG01-XA-L,combo,0,0
FM-BRLT01-DE-L-FM-QDJG01-XA-XL,combo,0,0
FM-BRLT01-DE-XL-FM-QDJG01-XA-L,combo,0,0
FM-BRLT01-DE-XL-FM-QDJG01-XA-XL,combo,0,0
FM-BRLT01-DE-S-FM-QDJG01-DE-S,combo,0,0
FM-BRLT01-DE-S-FM-QDJG01-DE-M,combo,0,0
FM-BRLT01-DE-S-FM-QDJG01-DE-L,combo,0,0
FM-BRLT01-DE-M-FM-QDJG01-DE-S,combo,0,0
FM-BRLT01-DE-M-FM-QDJG01-DE-M,combo,0,0
FM-BRLT01-DE-M-FM-QDJG01-DE-L,combo,0,0
FM-BRLT01-DE-L-FM-QDJG01-DE-M,combo,0,0
FM-BRLT01-DE-L-FM-QDJG01-DE-L,combo,0,0
FM-BRLT01-DE-L-FM-QDJG01-DE-XL,combo,0,0
FM-BRLT01-DE-XL-FM-QDJG01-DE-L,combo,0,0
FM-BRLT01-DE-XL-FM-QDJG01-DE-XL,combo,0,0
FM-ACRT01-DE-S-FM-QNTG01-DE-S,combo,0,0
FM-ACRT01-DE-S-FM-QNTG01-DE-M,combo,0,0
FM-ACRT01-DE-S-FM-QNTG01-DE-L,combo,0,0
FM-ACRT01-DE-S-FM-QNTG01-DE-XL,combo,0,0
FM-ACRT01-DE-M-FM-QNTG01-DE-S,combo,0,0
FM-ACRT01-DE-M-FM-QNTG01-DE-M,combo,0,0
FM-ACRT01-DE-M-FM-QNTG01-DE-L,combo,1,0
FM-ACRT01-DE-M-FM-QNTG01-DE-XL,combo,0,0
FM-ACRT01-DE-L-FM-QNTG01-DE-S,combo,0,0
FM-ACRT01-DE-L-FM-QNTG01-DE-M,combo,0,0
FM-ACRT01-DE-L-FM-QNTG01-DE-L,combo,1,0
FM-ACRT01-DE-L-FM-QNTG01-DE-XL,combo,0,0
FM-ACRT01-DE-XL-FM-QNTG01-DE-S,combo,0,0
FM-ACRT01-DE-XL-FM-QNTG01-DE-M,combo,0,0
FM-ACRT01-DE-XL-FM-QNTG01-DE-L,combo,0,0
FM-ACRT01-DE-XL-FM-QNTG01-DE-XL,combo,0,0
FM-AKCT02-TR-2,normal,0,0
FM-AKCT02-TR-1,normal,0,0
FM-AKCT02-DE-2,normal,0,0
FM-AKCT02-DE-1,normal,0,0
FM-JGOB01-XD-4,normal,0,0
FM-JGOB01-XD-3,normal,0,0
FM-JGOB01-XD-2,normal,0,0
FM-JGOB01-XD-1,normal,0,0
FM-JGOB02-BE-4,normal,0,0
FM-JGOB02-XL-4,normal,0,0
FM-JGOB02-DE-4,normal,0,0
FM-JGOB02-DE-1,normal,0,0
FM-JGOB02-DE-2,normal,0,0
FM-JGOB02-DE-3,normal,0,0
FM-JGOB02-XL-1,normal,0,0
FM-JGOB02-XL-2,normal,0,0
FM-JGOB02-XL-3,normal,0,0
FM-JGOB02-BE-1,normal,0,0
FM-JGOB02-BE-2,normal,0,0
FM-JGOB02-BE-3,normal,0,0
FM-ATSM01-DE-S-FM-QDZT01-DE-XL,combo,109,0
FM-ATSM01-DE-S-FM-QDZT01-DE-L,combo,111,0
FM-ATSM01-DE-S-FM-QDZT01-DE-M,combo,110,0
FM-ATSM01-DE-S-FM-QDZT01-DE-S,combo,112,0
FM-HDZP01-XL-3,normal,0,0
FM-HDZP01-XD-3,normal,0,0
FM-HDZP01-DE-3,normal,0,0
FM-HDZP01-BE-3,normal,0,0
FM-HDNM01-BE-3-FM-JGOB01-BE-4,combo,0,0
FM-HDNM01-BE-3-FM-JGOB01-BE-3,combo,0,0
FM-HDNM01-BE-3-FM-JGOB01-BE-2,combo,0,0
FM-HDNM01-BE-3-FM-JGOB01-BE-1,combo,0,0
FM-HDNM01-BE-2-FM-JGOB01-BE-4,combo,0,0
FM-HDNM01-BE-2-FM-JGOB01-BE-3,combo,0,0
FM-HDNM01-BE-2-FM-JGOB01-BE-2,combo,0,0
FM-HDNM01-BE-2-FM-JGOB01-BE-1,combo,0,0
FM-HDNM01-BE-1-FM-JGOB01-BE-4,combo,0,0
FM-HDNM01-BE-1-FM-JGOB01-BE-3,combo,0,0
FM-HDNM01-BE-1-FM-JGOB01-BE-2,combo,0,0
FM-HDNM01-BE-1-FM-JGOB01-BE-1,combo,0,0
FM-HDNM01-BE-3-FM-QDZT01-DE-L,combo,0,0
FM-HDNM01-BE-3-FM-QDZT01-DE-M,combo,0,0
FM-HDNM01-BE-3-FM-QDZT01-DE-S,combo,0,0
FM-HDNM01-BE-2-FM-QDZT01-DE-XL,combo,0,0
FM-HDNM01-BE-2-FM-QDZT01-DE-L,combo,0,0
FM-HDNM01-BE-2-FM-QDZT01-DE-M,combo,0,0
FM-HDNM01-BE-2-FM-QDZT01-DE-S,combo,0,0
FM-HDNM01-BE-1-FM-QDZT01-DE-XL,combo,0,0
FM-HDNM01-BE-1-FM-QDZT01-DE-L,combo,0,0
FM-HDNM01-BE-1-FM-QDZT01-DE-M,combo,0,0
FM-HDNM01-BE-1-FM-QDZT01-DE-S,combo,0,0
FM-BRLT01-DE-S-FM-QDZT01-DE-S,combo,0,0
FM-BRLT01-DE-S-FM-QDZT01-DE-M,combo,0,0
FM-BRLT01-DE-S-FM-QDZT01-DE-L,combo,0,0
FM-BRLT01-DE-S-FM-QDZT01-DE-XL,combo,0,0
FM-BRLT01-DE-M-FM-QDZT01-DE-S,combo,0,0
FM-BRLT01-DE-M-FM-QDZT01-DE-M,combo,0,0
FM-BRLT01-DE-M-FM-QDZT01-DE-L,combo,0,0
FM-BRLT01-DE-M-FM-QDZT01-DE-XL,combo,0,0
FM-BRLT01-DE-L-FM-QDZT01-DE-S,combo,0,0
FM-BRLT01-DE-L-FM-QDZT01-DE-M,combo,0,0
FM-BRLT01-DE-L-FM-QDZT01-DE-L,combo,0,0
FM-BRLT01-DE-L-FM-QDZT01-DE-XL,combo,0,0
FM-BRLT01-DE-XL-FM-QDZT01-DE-S,combo,0,0
FM-BRLT01-DE-XL-FM-QDZT01-DE-M,combo,0,0
FM-BRLT01-DE-XL-FM-QDZT01-DE-L,combo,0,0
FM-BRLT01-DE-XL-FM-QDZT01-DE-XL,combo,0,0
FM-HDNM01-XD-3,normal,0,0
FM-HDNM01-XD-2,normal,0,0
FM-HDNM01-XD-1,normal,0,0
FM-AKCT01-DE-1,normal,0,0
FM-AKCT01-DE-2,normal,0,0
FM-JGOB01-DE-4,normal,0,0
FM-JGOB01-XL-4,normal,0,0
FM-JGOB01-BE-4,normal,0,0
FM-HDNM01-DE-3,normal,0,0
FM-HDNM01-XL-3,normal,0,0
FM-HDNM01-BE-3,normal,0,0
FM-AKCT01-BE-2,normal,0,0
FM-AKCT01-BE-1,normal,0,0
FM-HDCT01-XL-2,normal,0,0
FM-HDCT01-XL-1,normal,0,0
FM-HDCT01-DE-2,normal,0,0
FM-HDCT01-DE-1,normal,0,0
FM-HDZP01-BE-2,normal,0,0
FM-HDZP01-BE-1,normal,0,0
FM-HDZP01-XL-2,normal,0,0
FM-HDZP01-XL-1,normal,0,0
FM-HDZP01-XD-2,normal,0,0
FM-HDZP01-XD-1,normal,0,0
FM-HDZP01-DE-2,normal,0,0
FM-HDZP01-DE-1,normal,0,0
FM-JGOB01-BE-3,normal,0,0
FM-JGOB01-BE-2,normal,0,0
FM-JGOB01-BE-1,normal,0,0
FM-JGOB01-XL-3,normal,0,0
FM-JGOB01-XL-2,normal,0,0
FM-JGOB01-XL-1,normal,0,0
FM-JGOB01-DE-3,normal,0,0
FM-JGOB01-DE-2,normal,0,0
FM-JGOB01-DE-1,normal,0,0
FM-HDNM01-BE-2,normal,0,0
FM-HDNM01-BE-1,normal,0,0
FM-HDNM01-XL-2,normal,0,0
FM-HDNM01-XL-1,normal,0,0
FM-HDNM01-DE-2,normal,0,0
FM-HDNM01-DE-1,normal,0,0
FM-ACRT01-XN-XL-FM-QDZT01-XX-XL,combo,0,0
FM-ACRT01-XN-XL-FM-QDZT01-XX-L,combo,0,0
FM-ACRT01-XN-XL-FM-QDZT01-XX-M,combo,-2,0
FM-ACRT01-XN-XL-FM-QDZT01-XX-S,combo,0,0
FM-ACRT01-XN-L-FM-QDZT01-XX-XL,combo,0,0
FM-ACRT01-XN-L-FM-QDZT01-XX-L,combo,0,0
FM-ACRT01-XN-L-FM-QDZT01-XX-M,combo,-2,0
FM-ACRT01-XN-L-FM-QDZT01-XX-S,combo,0,0
FM-ACRT01-XN-M-FM-QDZT01-XX-XL,combo,0,0
FM-ACRT01-XN-M-FM-QDZT01-XX-L,combo,0,0
FM-ACRT01-XN-M-FM-QDZT01-XX-M,combo,-2,0
FM-ACRT01-XN-M-FM-QDZT01-XX-S,combo,0,0
FM-ACRT01-XN-S-FM-QDZT01-XX-XL,combo,0,0
FM-ACRT01-XN-S-FM-QDZT01-XX-L,combo,0,0
FM-ACRT01-XN-S-FM-QDZT01-XX-M,combo,-2,0
FM-ACRT01-XN-S-FM-QDZT01-XX-S,combo,0,0
BOX,normal,0,0
FM-BRLT01-DE-XL,normal,0,0
FM-BRLT01-DE-L,normal,0,0
FM-BRLT01-DE-M,normal,0,0
FM-BRLT01-DE-S,normal,0,0
FM-AKCT01-TR-M,normal,0,0
FM-AKCT01-TR-S,normal,0,0
FM-AKCT01-DE-M,normal,0,0
FM-AKCT01-DE-S,normal,0,0
FM-QDJG01-XA-XL,normal,59,0
FM-QDJG01-XA-L,normal,27,0
FM-QDJG01-XA-M,normal,54,0
FM-QDJG01-XA-S,normal,85,0
FM-QDJG01-DE-XL,normal,91,0
FM-QDJG01-DE-L,normal,177,0
FM-QDJG01-DE-M,normal,157,0
FM-QDJG01-DE-S,normal,155,0
GM-QN1L01-XA-2XL,normal,0,0
GM-QN1L01-XA-XL,normal,0,0
GM-QN1L01-XA-L,normal,0,0
GM-QN1L01-XA-M,normal,61,0
GM-QN1L01-DE-2XL,normal,0,0
GM-QN1L01-DE-XL,normal,0,0
GM-QN1L01-DE-L,normal,0,0
GM-QN1L01-DE-M,normal,51,0
GM-ABDD01-XN-2XL,normal,0,0
GM-ABDD01-XN-L,normal,0,0
GM-ABDD01-XN-M,normal,0,0
GM-ABDD01-XN-S,normal,0,0
GM-ABDD01-XN-XL,normal,0,0
FM-BRTT01-DE-S-FM-QLTG01-DE-XL,combo,162,0
FM-BRTT01-DE-XL-FM-QDZT01-DE-XL,combo,316,0
FM-BRTT01-DE-XL-FM-QDZT01-DE-L,combo,319,0
FM-BRTT01-DE-XL-FM-QDZT01-DE-M,combo,318,0
FM-BRTT01-DE-XL-FM-QDZT01-DE-S,combo,321,0
FM-BRTT01-DE-L-FM-QDZT01-DE-XL,combo,334,0
FM-BRTT01-DE-L-FM-QDZT01-DE-L,combo,435,0
FM-BRTT01-DE-L-FM-QDZT01-DE-M,combo,434,0
FM-BRTT01-DE-L-FM-QDZT01-DE-S,combo,436,0
FM-BRTT01-DE-M-FM-QDZT01-DE-XL,combo,334,0
FM-BRTT01-DE-M-FM-QDZT01-DE-L,combo,788,0
FM-BRTT01-DE-M-FM-QDZT01-DE-M,combo,786,0
FM-BRTT01-DE-M-FM-QDZT01-DE-S,combo,519,0
FM-BRTT01-DE-S-FM-QDZT01-DE-XL,combo,334,0
FM-BRTT01-DE-S-FM-QDZT01-DE-L,combo,653,0
FM-BRTT01-DE-S-FM-QDZT01-DE-M,combo,652,0
FM-BRTT01-DE-S-FM-QDZT01-DE-S,combo,519,0
FM-BRZT01-DE-XL-FM-QDZT01-DE-XL,combo,209,0
FM-BRZT01-DE-XL-FM-QDZT01-DE-L,combo,211,0
FM-BRZT01-DE-XL-FM-QDZT01-DE-M,combo,210,0
FM-BRZT01-DE-XL-FM-QDZT01-DE-S,combo,213,0
FM-BRZT01-DE-L-FM-QDZT01-DE-XL,combo,334,0
FM-BRZT01-DE-L-FM-QDZT01-DE-L,combo,390,0
FM-BRZT01-DE-L-FM-QDZT01-DE-M,combo,389,0
FM-BRZT01-DE-L-FM-QDZT01-DE-S,combo,393,0
FM-BRZT01-DE-M-FM-QDZT01-DE-XL,combo,232,0
FM-BRZT01-DE-M-FM-QDZT01-DE-L,combo,234,0
FM-BRZT01-DE-M-FM-QDZT01-DE-M,combo,233,0
FM-BRZT01-DE-M-FM-QDZT01-DE-S,combo,237,0
FM-BRZT01-DE-S-FM-QDZT01-DE-XL,combo,180,0
FM-BRZT01-DE-S-FM-QDZT01-DE-L,combo,182,0
FM-BRZT01-DE-S-FM-QDZT01-DE-M,combo,181,0
FM-BRZT01-DE-S-FM-QDZT01-DE-S,combo,185,0
FM-BRDT01-DE-XL-FM-QLTG01-DE-XL,combo,0,0
FM-BRDT01-DE-XL-FM-QLTG01-DE-L,combo,0,0
FM-BRDT01-DE-XL-FM-QLTG01-DE-M,combo,0,0
FM-BRDT01-DE-XL-FM-QLTG01-DE-S,combo,0,0
FM-BRDT01-DE-L-FM-QLTG01-DE-XL,combo,0,0
FM-BRDT01-DE-L-FM-QLTG01-DE-L,combo,0,0
FM-BRDT01-DE-L-FM-QLTG01-DE-M,combo,0,0
FM-BRDT01-DE-L-FM-QLTG01-DE-S,combo,0,0
FM-BRDT01-DE-M-FM-QLTG01-DE-XL,combo,0,0
FM-BRDT01-DE-M-FM-QLTG01-DE-L,combo,0,0
FM-BRDT01-DE-M-FM-QLTG01-DE-M,combo,0,0
FM-BRDT01-DE-M-FM-QLTG01-DE-S,combo,0,0
FM-BRDT01-DE-S-FM-QLTG01-DE-XL,combo,2,0
FM-BRDT01-DE-S-FM-QLTG01-DE-L,combo,2,0
FM-BRDT01-DE-S-FM-QLTG01-DE-M,combo,2,0
FM-BRDT01-DE-S-FM-QLTG01-DE-S,combo,2,0
FM-BRTT01-DE-XL-FM-QLTG01-DE-XL,combo,162,0
FM-BRTT01-DE-XL-FM-QLTG01-DE-L,combo,288,0
FM-BRTT01-DE-XL-FM-QLTG01-DE-M,combo,240,0
FM-BRTT01-DE-XL-FM-QLTG01-DE-S,combo,321,0
FM-BRTT01-DE-L-FM-QLTG01-DE-XL,combo,162,0
FM-BRTT01-DE-L-FM-QLTG01-DE-L,combo,288,0
FM-BRTT01-DE-L-FM-QLTG01-DE-M,combo,240,0
FM-BRTT01-DE-L-FM-QLTG01-DE-S,combo,409,0
FM-BRTT01-DE-M-FM-QLTG01-DE-XL,combo,162,0
FM-BRTT01-DE-M-FM-QLTG01-DE-L,combo,288,0
FM-BRTT01-DE-M-FM-QLTG01-DE-M,combo,240,0
FM-BRTT01-DE-M-FM-QLTG01-DE-S,combo,410,0
FM-BRTT01-DE-S-FM-QLTG01-DE-L,combo,288,0
FM-BRTT01-DE-S-FM-QLTG01-DE-M,combo,240,0
FM-BRTT01-DE-S-FM-QLTG01-DE-S,combo,409,0
FM-BRDT01-XX-S-FM-QDZT01-XX-M,combo,-2,0
FM-BRDT01-XX-S-FM-QDZT01-XX-L,combo,0,0
FM-BRDT01-XX-S-FM-QDZT01-XX-XL,combo,0,0
FM-BRDT01-XX-M-FM-QDZT01-XX-S,combo,35,0
FM-BRDT01-XX-M-FM-QDZT01-XX-M,combo,-2,0
FM-BRDT01-XX-M-FM-QDZT01-XX-L,combo,60,0
FM-BRDT01-XX-M-FM-QDZT01-XX-XL,combo,60,0
FM-BRDT01-XX-L-FM-QDZT01-XX-S,combo,0,0
FM-BRDT01-XX-L-FM-QDZT01-XX-M,combo,-2,0
FM-BRDT01-XX-L-FM-QDZT01-XX-L,combo,0,0
FM-BRDT01-XX-L-FM-QDZT01-XX-XL,combo,0,0
FM-BRDT01-XX-XL-FM-QDZT01-XX-S,combo,0,0
FM-BRDT01-XX-XL-FM-QDZT01-XX-M,combo,-2,0
FM-BRDT01-XX-XL-FM-QDZT01-XX-L,combo,0,0
FM-BRDT01-XX-XL-FM-QDZT01-XX-XL,combo,0,0
FM-BRTT01-XX-S-FM-QDZT01-XX-S,combo,3,0
FM-BRTT01-XX-S-FM-QDZT01-XX-M,combo,-2,0
FM-BRTT01-XX-S-FM-QDZT01-XX-L,combo,3,0
FM-BRTT01-XX-S-FM-QDZT01-XX-XL,combo,3,0
FM-BRTT01-XX-M-FM-QDZT01-XX-S,combo,0,0
FM-BRTT01-XX-M-FM-QDZT01-XX-M,combo,-2,0
FM-BRTT01-XX-M-FM-QDZT01-XX-L,combo,0,0
FM-BRTT01-XX-M-FM-QDZT01-XX-XL,combo,0,0
FM-BRTT01-XX-L-FM-QDZT01-XX-S,combo,1,0
FM-BRTT01-XX-L-FM-QDZT01-XX-M,combo,-1,0
FM-BRTT01-XX-L-FM-QDZT01-XX-L,combo,3,0
FM-BRTT01-XX-L-FM-QDZT01-XX-XL,combo,1,0
FM-BRTT01-XX-XL-FM-QDZT01-XX-S,combo,0,0
FM-BRTT01-XX-XL-FM-QDZT01-XX-M,combo,-1,0
FM-BRTT01-XX-XL-FM-QDZT01-XX-L,combo,1,0
FM-BRTT01-XX-XL-FM-QDZT01-XX-XL,combo,0,0
FM-BRZT01-XX-S-FM-QDZT01-XX-S,combo,3,0
FM-BRZT01-XX-S-FM-QDZT01-XX-M,combo,-2,0
FM-BRZT01-XX-S-FM-QDZT01-XX-L,combo,3,0
FM-BRZT01-XX-S-FM-QDZT01-XX-XL,combo,3,0
FM-BRZT01-XX-M-FM-QDZT01-XX-S,combo,0,0
FM-BRZT01-XX-M-FM-QDZT01-XX-M,combo,-2,0
FM-BRZT01-XX-M-FM-QDZT01-XX-L,combo,0,0
FM-BRZT01-XX-M-FM-QDZT01-XX-XL,combo,0,0
FM-BRZT01-XX-L-FM-QDZT01-XX-S,combo,0,0
FM-BRZT01-XX-L-FM-QDZT01-XX-M,combo,-2,0
FM-BRZT01-XX-L-FM-QDZT01-XX-L,combo,0,0
FM-BRZT01-XX-L-FM-QDZT01-XX-XL,combo,0,0
FM-BRZT01-XX-XL-FM-QDZT01-XX-S,combo,0,0
FM-BRZT01-XX-XL-FM-QDZT01-XX-M,combo,-2,0
FM-BRZT01-XX-XL-FM-QDZT01-XX-L,combo,0,0
FM-BRZT01-XX-XL-FM-QDZT01-XX-XL,combo,0,0
FM-ATSM01-DE-M-FM-QDZT01-DE-S,combo,454,0
FM-ATSM01-DE-M-FM-QDZT01-DE-M,combo,453,0
FM-ATSM01-DE-M-FM-QDZT01-DE-L,combo,454,0
FM-ATSM01-DE-M-FM-QDZT01-DE-XL,combo,334,0
FM-ATSM01-DE-L-FM-QDZT01-DE-S,combo,468,0
FM-ATSM01-DE-L-FM-QDZT01-DE-M,combo,468,0
FM-ATSM01-DE-L-FM-QDZT01-DE-L,combo,468,0
FM-ATSM01-DE-L-FM-QDZT01-DE-XL,combo,334,0
FM-ATSM01-DE-XL-FM-QDZT01-DE-S,combo,275,0
FM-ATSM01-DE-XL-FM-QDZT01-DE-M,combo,274,0
FM-ATSM01-DE-XL-FM-QDZT01-DE-L,combo,275,0
FM-ATSM01-DE-XL-FM-QDZT01-DE-XL,combo,273,0
FM-BRZT01-DE-S-FM-QLTG01-DE-S,combo,184,0
FM-BRZT01-DE-S-FM-QLTG01-DE-M,combo,184,0
FM-BRZT01-DE-S-FM-QLTG01-DE-L,combo,182,0
FM-BRZT01-DE-S-FM-QLTG01-DE-XL,combo,162,0
FM-BRZT01-DE-M-FM-QLTG01-DE-S,combo,236,0
FM-BRZT01-DE-M-FM-QLTG01-DE-M,combo,236,0
FM-BRZT01-DE-M-FM-QLTG01-DE-L,combo,234,0
FM-BRZT01-DE-M-FM-QLTG01-DE-XL,combo,162,0
FM-BRZT01-DE-L-FM-QLTG01-DE-S,combo,392,0
FM-BRZT01-DE-L-FM-QLTG01-DE-M,combo,240,0
FM-BRZT01-DE-L-FM-QLTG01-DE-L,combo,288,0
FM-BRZT01-DE-L-FM-QLTG01-DE-XL,combo,162,0
FM-BRZT01-DE-XL-FM-QLTG01-DE-S,combo,213,0
FM-BRZT01-DE-XL-FM-QLTG01-DE-M,combo,213,0
FM-BRZT01-DE-XL-FM-QLTG01-DE-L,combo,211,0
FM-BRZT01-DE-XL-FM-QLTG01-DE-XL,combo,162,0
FM-BRDT01-DE-S-FM-QNTG01-DE-S,combo,2,0
FM-BRDT01-DE-S-FM-QNTG01-DE-M,combo,0,0
FM-BRDT01-DE-S-FM-QNTG01-DE-L,combo,0,0
FM-BRDT01-DE-S-FM-QNTG01-DE-XL,combo,2,0
FM-BRDT01-DE-M-FM-QNTG01-DE-S,combo,0,0
FM-BRDT01-DE-M-FM-QNTG01-DE-M,combo,0,0
FM-BRDT01-DE-M-FM-QNTG01-DE-L,combo,0,0
FM-BRDT01-DE-M-FM-QNTG01-DE-XL,combo,0,0
FM-BRDT01-DE-L-FM-QNTG01-DE-S,combo,0,0
FM-BRDT01-DE-L-FM-QNTG01-DE-M,combo,0,0
FM-BRDT01-DE-L-FM-QNTG01-DE-L,combo,0,0
FM-BRDT01-DE-L-FM-QNTG01-DE-XL,combo,0,0
FM-BRDT01-DE-XL-FM-QNTG01-DE-S,combo,0,0
FM-BRDT01-DE-XL-FM-QNTG01-DE-M,combo,0,0
FM-BRDT01-DE-XL-FM-QNTG01-DE-L,combo,0,0
FM-BRDT01-DE-XL-FM-QNTG01-DE-XL,combo,0,0
FM-BRDT01-XX-S-FM-QDZT01-XX-S,combo,0,0
FM-ABTD01-TR-S-FM-QN2L01-XA-M,combo,0,0
FM-ABTD01-TR-S-FM-QN2L01-XA-L,combo,0,0
FM-ABTD01-TR-S-FM-QN2L01-XA-XL,combo,0,0
FM-ABTD01-TR-S-FM-QN2L01-XA-2XL,combo,0,0
FM-ABTD01-TR-M-FM-QN2L01-XA-M,combo,0,0
FM-ABTD01-TR-M-FM-QN2L01-XA-L,combo,0,0
FM-ABTD01-TR-M-FM-QN2L01-XA-XL,combo,0,0
FM-ABTD01-TR-M-FM-QN2L01-XA-2XL,combo,0,0
FM-ABTD01-TR-L-FM-QN2L01-XA-M,combo,0,0
FM-ABTD01-TR-L-FM-QN2L01-XA-L,combo,0,0
FM-ABTD01-TR-L-FM-QN2L01-XA-XL,combo,0,0
FM-ABTD01-TR-L-FM-QN2L01-XA-2XL,combo,0,0
FM-ABTD01-TR-XL-FM-QN2L01-XA-M,combo,0,0
FM-ABTD01-TR-XL-FM-QN2L01-XA-L,combo,0,0
FM-ABTD01-TR-XL-FM-QN2L01-XA-XL,combo,0,0
FM-ABTD01-TR-XL-FM-QN2L01-XA-2XL,combo,0,0
FM-ABTD01-TR-2XL-FM-QN2L01-XA-M,combo,0,0
FM-ABTD01-TR-2XL-FM-QN2L01-XA-L,combo,0,0
FM-ABTD01-TR-2XL-FM-QN2L01-XA-XL,combo,0,0
FM-ABTD01-TR-2XL-FM-QN2L01-XA-2XL,combo,0,0
FM-ABTN01-TR-S-FM-QD2S01-TR-S,combo,0,0
FM-ABTN01-TR-S-FM-QD2S01-TR-M,combo,0,0
FM-ABTN01-TR-S-FM-QD2S01-TR-L,combo,0,0
FM-ABTN01-TR-S-FM-QD2S01-TR-XL,combo,1,0
FM-ABTN01-TR-M-FM-QD2S01-TR-S,combo,0,0
FM-ABTN01-TR-M-FM-QD2S01-TR-M,combo,0,0
FM-ABTN01-TR-M-FM-QD2S01-TR-L,combo,0,0
FM-ABTN01-TR-M-FM-QD2S01-TR-XL,combo,0,0
FM-ABTN01-TR-L-FM-QD2S01-TR-S,combo,0,0
FM-ABTN01-TR-L-FM-QD2S01-TR-M,combo,0,0
FM-ABTN01-TR-L-FM-QD2S01-TR-L,combo,0,0
FM-ABTN01-TR-L-FM-QD2S01-TR-XL,combo,0,0
FM-ABTN01-TR-XL-FM-QD2S01-TR-S,combo,0,0
FM-ABTN01-TR-XL-FM-QD2S01-TR-M,combo,0,0
FM-ABTN01-TR-XL-FM-QD2S01-TR-L,combo,0,0
FM-ABTN01-TR-XL-FM-QD2S01-TR-XL,combo,0,0
FM-ABTN01-TR-2XL-FM-QD2S01-TR-S,combo,0,0
FM-ABTN01-TR-2XL-FM-QD2S01-TR-M,combo,0,0
FM-ABTN01-TR-2XL-FM-QD2S01-TR-L,combo,0,0
FM-ABTN01-TR-2XL-FM-QD2S01-TR-XL,combo,0,0
FM-ABTD01-DE-S-FM-QL2L01-DE-M,combo,0,0
FM-ABTD01-DE-S-FM-QL2L01-DE-L,combo,0,0
FM-ABTD01-DE-S-FM-QL2L01-DE-XL,combo,0,0
FM-ABTD01-DE-S-FM-QL2L01-DE-2XL,combo,0,0
FM-ABTD01-DE-M-FM-QL2L01-DE-M,combo,0,0
FM-ABTD01-DE-M-FM-QL2L01-DE-L,combo,0,0
FM-ABTD01-DE-M-FM-QL2L01-DE-XL,combo,0,0
FM-ABTD01-DE-M-FM-QL2L01-DE-2XL,combo,0,0
FM-ABTD01-DE-L-FM-QL2L01-DE-M,combo,0,0
FM-ABTD01-DE-L-FM-QL2L01-DE-L,combo,0,0
FM-ABTD01-DE-L-FM-QL2L01-DE-XL,combo,0,0
FM-ABTD01-DE-L-FM-QL2L01-DE-2XL,combo,0,0
FM-ABTD01-DE-XL-FM-QL2L01-DE-M,combo,0,0
FM-ABTD01-DE-XL-FM-QL2L01-DE-L,combo,0,0
FM-ABTD01-DE-XL-FM-QL2L01-DE-XL,combo,0,0
FM-ABTD01-DE-XL-FM-QL2L01-DE-2XL,combo,0,0
FM-ABTD01-DE-2XL-FM-QL2L01-DE-M,combo,0,0
FM-ABTD01-DE-2XL-FM-QL2L01-DE-L,combo,0,0
FM-ABTD01-DE-2XL-FM-QL2L01-DE-XL,combo,0,0
FM-ABTD01-DE-2XL-FM-QL2L01-DE-2XL,combo,0,0
FM-ABTN01-DE-S-FM-QL2L01-XA-M,combo,0,0
FM-ABTN01-DE-S-FM-QL2L01-XA-L,combo,0,0
FM-ABTN01-DE-S-FM-QL2L01-XA-XL,combo,0,0
FM-ABTN01-DE-S-FM-QL2L01-XA-2XL,combo,0,0
FM-ABTN01-DE-M-FM-QL2L01-XA-M,combo,0,0
FM-ABTN01-DE-M-FM-QL2L01-XA-L,combo,0,0
FM-ABTN01-DE-M-FM-QL2L01-XA-XL,combo,0,0
FM-ABTN01-DE-M-FM-QL2L01-XA-2XL,combo,0,0
FM-ABTN01-DE-L-FM-QL2L01-XA-M,combo,0,0
FM-ABTN01-DE-L-FM-QL2L01-XA-L,combo,0,0
FM-ABTN01-DE-L-FM-QL2L01-XA-XL,combo,0,0
FM-ABTN01-DE-L-FM-QL2L01-XA-2XL,combo,0,0
FM-ABTN01-DE-XL-FM-QL2L01-XA-M,combo,0,0
FM-ABTN01-DE-XL-FM-QL2L01-XA-L,combo,0,0
FM-ABTN01-DE-XL-FM-QL2L01-XA-XL,combo,0,0
FM-ABTN01-DE-XL-FM-QL2L01-XA-2XL,combo,0,0
FM-ABTN01-DE-2XL-FM-QL2L01-XA-M,combo,0,0
FM-ABTN01-DE-2XL-FM-QL2L01-XA-L,combo,0,0
FM-ABTN01-DE-2XL-FM-QL2L01-XA-XL,combo,0,0
FM-ABTN01-DE-2XL-FM-QL2L01-XA-2XL,combo,0,0
FM-ABSN01-TR-S-FM-QL2L01-DE-M,combo,0,0
FM-ABSN01-TR-S-FM-QL2L01-DE-L,combo,0,0
FM-ABSN01-TR-S-FM-QL2L01-DE-XL,combo,0,0
FM-ABSN01-TR-S-FM-QL2L01-DE-2XL,combo,0,0
FM-ABSN01-TR-M-FM-QL2L01-DE-M,combo,0,0
FM-ABSN01-TR-M-FM-QL2L01-DE-L,combo,0,0
FM-ABSN01-TR-M-FM-QL2L01-DE-XL,combo,0,0
FM-ABSN01-TR-M-FM-QL2L01-DE-2XL,combo,0,0
FM-ABSN01-TR-L-FM-QL2L01-DE-M,combo,0,0
FM-ABSN01-TR-L-FM-QL2L01-DE-L,combo,0,0
FM-ABSN01-TR-L-FM-QL2L01-DE-XL,combo,0,0
FM-ABSN01-TR-L-FM-QL2L01-DE-2XL,combo,0,0
FM-ABSN01-TR-XL-FM-QL2L01-DE-M,combo,0,0
FM-ABSN01-TR-XL-FM-QL2L01-DE-L,combo,0,0
FM-ABSN01-TR-XL-FM-QL2L01-DE-XL,combo,0,0
FM-ABSN01-TR-XL-FM-QL2L01-DE-2XL,combo,0,0
FM-ABSN01-TR-2XL-FM-QL2L01-DE-M,combo,0,0
FM-ABSN01-TR-2XL-FM-QL2L01-DE-L,combo,0,0
FM-ABSN01-TR-2XL-FM-QL2L01-DE-XL,combo,0,0
FM-ABSN01-TR-2XL-FM-QL2L01-DE-2XL,combo,0,0
GM-QLGN01-XA-S,normal,28,0
GM-QNGN01-XA-S,normal,5,0
GM-QLGN01-DE-S,normal,26,0
GM-QNGN01-DE-S,normal,12,0
MUTNGUC-TRON,normal,416,0
GM-QDGN01-TR-2XL,normal,7,0
GM-QDGN01-TR-XL,normal,1,0
GM-QDGN01-TR-L,normal,0,0
GM-QDGN01-TR-M,normal,32,0
FM-BRZT01-XX-XL,normal,0,0
FM-BRZT01-DE-XL,normal,213,0
FM-QLTG01-BE-S,normal,0,0
FM-QLTG01-BE-M,normal,0,0
FM-QLTG01-BE-L,normal,0,0
FM-QLTG01-BE-XL,normal,0,0
FM-QLTG01-XX-S,normal,67,0
FM-QLTG01-XX-M,normal,176,0
FM-QLTG01-XX-L,normal,7,0
FM-QLTG01-XX-XL,normal,123,0
FM-BRTT01-XX-XL,normal,3,0
GM-QL2L01-DE-XL,normal,0,0
GM-QL2L01-DE-M,normal,0,0
GM-QL2L01-DE-L,normal,0,0
GM-QL2L01-DE-2XL,normal,0,0
FM-QLTG01-DE-XL,normal,162,0
FM-QLTG01-DE-S,normal,410,0
FM-QLTG01-DE-M,normal,240,0
FM-QLTG01-DE-L,normal,288,0
FM-QNTG01-DE-XL,normal,131,0
FM-QNTG01-DE-S,normal,54,0
FM-QNTG01-DE-M,normal,0,0
FM-QNTG01-DE-L,normal,1,0
FM-QDZT01-DE-XL,normal,334,0
FM-QDZT01-DE-S,normal,520,0
FM-QDZT01-DE-M,normal,2039,0
FM-QDZT01-DE-L,normal,941,0
GM-QD2S01-DO-XL,normal,0,0
GM-QD2S01-DO-S,normal,99,0
GM-QD2S01-DO-M,normal,56,0
GM-QD2S01-DO-L,normal,0,0
GM-QD2S01-DE-XL,normal,0,0
GM-QD2S01-DE-S,normal,0,0
GM-QD2S01-DE-M,normal,0,0
GM-QD2S01-DE-L,normal,0,0
FM-ATSM01-HD-XL,normal,214,0
FM-ATSM01-DE-XL,normal,275,0
FM-ATSM01-HD-S,normal,177,0
FM-ATSM01-HD-M,normal,101,0
FM-ATSM01-DE-M,normal,455,0
FM-ATSM01-HD-L,normal,147,0
FM-ATSM01-DE-L,normal,468,0
FM-BRTT01-DE-XL,normal,323,0
GM-ABTN01-DE-XL,normal,0,0
GM-ABTN01-DE-S,normal,0,0
GM-ABTN01-DE-M,normal,0,0
GM-ABTN01-DE-L,normal,0,0
GM-ABTN01-DE-2XL,normal,0,0
FM-ABTD01-DE-XL,normal,0,0
FM-ABTD01-DE-S,normal,0,0
FM-ABTD01-DE-M,normal,0,0
FM-ABTD01-DE-L,normal,0,0
FM-ABTD01-DE-2XL,normal,0,0
GM-ABSN01-DE-XL,normal,0,0
GM-ABSN01-DE-S,normal,66,0
GM-ABSN01-DE-M,normal,33,0
GM-ABSN01-DE-L,normal,0,0
GM-ABSN01-DE-2XL,normal,0,0
FM-BRZT01-DE-S,normal,189,0
FM-BRZT01-DE-M,normal,237,0
FM-BRZT01-DE-L,normal,397,0
FM-BRTT01-DE-S,normal,655,0
FM-BRTT01-DE-M,normal,790,0
FM-BRTT01-DE-L,normal,437,0
FM-BRDT01-DE-XL,normal,0,0
FM-BRDT01-DE-S,normal,2,0
FM-BRDT01-DE-M,normal,0,0
FM-BRDT01-DE-L,normal,0,0
GM-ABDD01-DO-XL,normal,0,0
GM-ABDD01-DE-XL,normal,121,0
GM-ABDD01-DO-S,normal,0,0
GM-ABDD01-DE-S,normal,100,0
GM-ABDD01-DO-M,normal,0,0
GM-ABDD01-DE-M,normal,131,0
GM-ABDD01-DO-L,normal,0,0
GM-ABDD01-DE-L,normal,120,0
GM-ABDD01-DO-2XL,normal,0,0
GM-ABDD01-DE-2XL,normal,30,0
GM-QL2L01-XA-M,normal,29,0
FM-QDZT01-XX-XL,normal,179,0
FM-QDZT01-XX-S,normal,35,0
FM-QDZT01-XX-M,normal,-1,0
FM-QDZT01-XX-L,normal,68,0
GM-QN2L01-XA-XL,normal,0,0
GM-QN2L01-XA-M,normal,0,0
GM-QN2L01-XA-L,normal,0,0
GM-QN2L01-XA-2XL,normal,0,0
GM-QD2S01-TR-S,normal,0,0
FM-ATSM01-TR-XL,normal,643,0
FM-ATSM01-TR-M,normal,370,0
FM-ATSM01-TR-L,normal,464,0
FM-ACRT01-XN-XL,normal,0,0
FM-ACRT01-XN-S,normal,0,0
FM-ACRT01-XN-M,normal,0,0
FM-ACRT01-XN-L,normal,0,0
FM-ACRT01-HP-XS,normal,0,0
FM-ACRT01-HP-XL,normal,0,0
FM-ACRT01-HP-S,normal,0,0
FM-ACRT01-HP-M,normal,0,0
FM-ACRT01-HP-L,normal,0,0
GM-ABTN01-XB-XL,normal,0,0
GM-ABTN01-XB-S,normal,19,0
GM-ABTN01-XB-M,normal,0,0
GM-ABTN01-XB-L,normal,0,0
GM-ABTN01-XB-2XL,normal,0,0
GM-ABTN01-XA-XL,normal,0,0
GM-ABTN01-XA-S,normal,138,0
GM-ABTN01-XA-M,normal,28,0
GM-ABTN01-XA-L,normal,0,0
GM-ABTN01-XA-2XL,normal,0,0
GM-ABTN01-TR-XL,normal,0,0
GM-ABTN01-TR-S,normal,27,0
GM-ABTN01-TR-M,normal,0,0
GM-ABTN01-TR-L,normal,0,0
GM-ABTN01-TR-2XL,normal,0,0
GM-ABTD01-XB-XL,normal,0,0
GM-ABTD01-XB-S,normal,0,0
GM-ABTD01-XB-M,normal,1,0
FM-ABTD01-XB-L,normal,1,0
GM-ABTD01-XB-2XL,normal,0,0
FM-ABTD01-XA-XL,normal,4,0
FM-ABTD01-XA-S,normal,58,0
FM-ABTD01-XA-M,normal,60,0
FM-ABTD01-XA-L,normal,105,0
FM-ABTD01-XA-2XL,normal,0,0
FM-ABTD01-TR-XL,normal,0,0
FM-ABTD01-TR-S,normal,0,0
GM-ABTD01-TR-M,normal,0,0
FM-ABTD01-TR-L,normal,0,0
FM-ABTD01-TR-2XL,normal,0,0
GM-ABSN01-XB-XL,normal,0,0
GM-ABSN01-XB-S,normal,20,0
GM-ABSN01-XB-M,normal,0,0
GM-ABSN01-XB-L,normal,0,0
GM-ABSN01-XB-2XL,normal,0,0
GM-ABSN01-XA-XL,normal,0,0
GM-ABSN01-XA-S,normal,94,0
GM-ABSN01-XA-M,normal,0,0
GM-ABSN01-XA-L,normal,0,0
GM-ABSN01-XA-2XL,normal,0,0
GM-ABSN01-TR-XL,normal,0,0
GM-ABSN01-TR-S,normal,56,0
GM-ABSN01-TR-M,normal,47,0
GM-ABSN01-TR-L,normal,0,0
GM-ABSN01-TR-2XL,normal,0,0
FM-BRZT01-XX-S,normal,3,0
FM-BRZT01-XX-M,normal,0,0
FM-BRZT01-XX-L,normal,0,0
FM-BRTT01-XX-S,normal,8,0
FM-BRTT01-XX-M,normal,0,0
FM-BRTT01-XX-L,normal,9,0
FM-BRDT01-XX-XL,normal,0,0
FM-BRDT01-XX-S,normal,0,0
FM-BRDT01-XX-M,normal,60,0
FM-BRDT01-XX-L,normal,0,0
GM-ABDD01-XB-XL,normal,0,0
GM-ABDD01-XA-XL,normal,0,0
GM-ABDD01-TR-XL,normal,52,0
GM-ABDD01-XB-S,normal,0,0
GM-ABDD01-XA-S,normal,0,0
GM-ABDD01-TR-S,normal,47,0
GM-ABDD01-XB-M,normal,0,0
GM-ABDD01-XA-M,normal,0,0
GM-ABDD01-TR-M,normal,40,0
GM-ABDD01-XB-L,normal,0,0
GM-ABDD01-XA-L,normal,0,0
GM-ABDD01-TR-L,normal,40,0
GM-ABDD01-XB-2XL,normal,0,0
GM-ABDD01-XA-2XL,normal,0,0
GM-ABDD01-TR-2XL,normal,0,0
VOTRANGFITME,normal,1,0
CARTON,normal,0,0
5885134291173,normal,0,0
5258160311452,normal,0,0
9426723139086,normal,2340,0
8401229380494,normal,1190,0
5090180218452,normal,1510,0
7551084885582,normal,1680,0
8082952418413,normal,1350,0
3849760586312,normal,0,0
9056198404947,normal,0,0
6953920575488,normal,0,0
4920115290655,normal,0,0
6385085268599,normal,0,0
6887242329188,normal,0,0
7128355215665,normal,0,0
8315965877563,normal,0,0
FM-ATSM01-DE-S,normal,112,0
7399966456142,normal,0,0
FM-ATSM01-TR-S,normal,298,0
